# Part W7: the fields decided by a word count after a change of variables, one line per field.
# Columns: discriminant, prime p, p-class rank, coefficient field q of the change of variables, certificate file.
# The certificate records the change of variables and the high terms of the completed basis; see records/p3/flag-certificates/FORMAT.md.
discriminant	p	rank	q	certificate
-3321607	3	3	3	records/p3/flag-certificates/3321607.json
-3640387	3	3	3	records/p3/flag-certificates/3640387.json
-4019207	3	3	9	records/p3/flag-certificates/4019207.json
-4472360	3	3	3	records/p3/flag-certificates/4472360.json
-4818916	3	3	3	records/p3/flag-certificates/4818916.json
-5048347	3	3	3	records/p3/flag-certificates/5048347.json
-5067967	3	3	3	records/p3/flag-certificates/5067967.json
-5153431	3	3	3	records/p3/flag-certificates/5153431.json
-5288968	3	3	9	records/p3/flag-certificates/5288968.json
-5769988	3	3	9	records/p3/flag-certificates/5769988.json
-6562327	3	3	27	records/p3/flag-certificates/6562327.json
-7016747	3	3	3	records/p3/flag-certificates/7016747.json
-7060148	3	3	3	records/p3/flag-certificates/7060148.json
-7503391	3	3	3	records/p3/flag-certificates/7503391.json
-7546164	3	3	9	records/p3/flag-certificates/7546164.json
-8124503	3	3	3	records/p3/flag-certificates/8124503.json
-8180671	3	3	3	records/p3/flag-certificates/8180671.json
-8721735	3	3	3	records/p3/flag-certificates/8721735.json
-8819519	3	3	3	records/p3/flag-certificates/8819519.json
-8992363	3	3	3	records/p3/flag-certificates/8992363.json
-9379703	3	3	3	records/p3/flag-certificates/9379703.json
-9487991	3	3	3	records/p3/flag-certificates/9487991.json
-9778603	3	3	3	records/p3/flag-certificates/9778603.json
-10348907	3	3	3	records/p3/flag-certificates/10348907.json
-10381927	3	3	729	records/p3/flag-certificates/10381927.json
-10676983	3	3	3	records/p3/flag-certificates/10676983.json
-11072355	3	3	3	records/p3/flag-certificates/11072355.json
-11324296	3	3	3	records/p3/flag-certificates/11324296.json
-11328339	3	3	3	records/p3/flag-certificates/11328339.json
-11389912	3	3	3	records/p3/flag-certificates/11389912.json
-11393951	3	3	3	records/p3/flag-certificates/11393951.json
-12047115	3	3	3	records/p3/flag-certificates/12047115.json
-12201979	3	3	3	records/p3/flag-certificates/12201979.json
-12559720	3	3	3	records/p3/flag-certificates/12559720.json
-12641639	3	3	3	records/p3/flag-certificates/12641639.json
-12755172	3	3	3	records/p3/flag-certificates/12755172.json
-12840904	3	3	3	records/p3/flag-certificates/12840904.json
-12897383	3	3	3	records/p3/flag-certificates/12897383.json
-13275687	3	3	3	records/p3/flag-certificates/13275687.json
-13278979	3	3	3	records/p3/flag-certificates/13278979.json
-13863220	3	3	3	records/p3/flag-certificates/13863220.json
-13974943	3	3	9	records/p3/flag-certificates/13974943.json
-14177407	3	3	3	records/p3/flag-certificates/14177407.json
-14227223	3	3	3	records/p3/flag-certificates/14227223.json
-14445844	3	3	3	records/p3/flag-certificates/14445844.json
-14643743	3	3	3	records/p3/flag-certificates/14643743.json
-14935391	3	3	3	records/p3/flag-certificates/14935391.json
-15476323	3	3	3	records/p3/flag-certificates/15476323.json
-15625067	3	3	3	records/p3/flag-certificates/15625067.json
-15987407	3	3	6561	records/p3/flag-certificates/15987407.json
-16006307	3	3	3	records/p3/flag-certificates/16006307.json
-16042291	3	3	3	records/p3/flag-certificates/16042291.json
-16434239	3	3	3	records/p3/flag-certificates/16434239.json
-16572804	3	3	3	records/p3/flag-certificates/16572804.json
-16657624	3	3	9	records/p3/flag-certificates/16657624.json
-16763912	3	3	3	records/p3/flag-certificates/16763912.json
-17000507	3	3	3	records/p3/flag-certificates/17000507.json
-17112804	3	3	3	records/p3/flag-certificates/17112804.json
-17177572	3	3	3	records/p3/flag-certificates/17177572.json
-17496643	3	3	3	records/p3/flag-certificates/17496643.json
-17653587	3	3	3	records/p3/flag-certificates/17653587.json
-17725451	3	3	3	records/p3/flag-certificates/17725451.json
-17810891	3	3	9	records/p3/flag-certificates/17810891.json
-17896020	3	3	3	records/p3/flag-certificates/17896020.json
-17987428	3	3	3	records/p3/flag-certificates/17987428.json
-18409348	3	3	3	records/p3/flag-certificates/18409348.json
-18582159	3	3	3	records/p3/flag-certificates/18582159.json
-18590515	3	3	3	records/p3/flag-certificates/18590515.json
-18594131	3	3	3	records/p3/flag-certificates/18594131.json
-19233080	3	3	3	records/p3/flag-certificates/19233080.json
-19513736	3	3	3	records/p3/flag-certificates/19513736.json
-19912611	3	3	3	records/p3/flag-certificates/19912611.json
-19932436	3	3	3	records/p3/flag-certificates/19932436.json
-19969763	3	3	9	records/p3/flag-certificates/19969763.json
-20080808	3	3	3	records/p3/flag-certificates/20080808.json
-20096024	3	3	3	records/p3/flag-certificates/20096024.json
-20252728	3	3	3	records/p3/flag-certificates/20252728.json
-20501128	3	3	3	records/p3/flag-certificates/20501128.json
-20621908	3	3	3	records/p3/flag-certificates/20621908.json
-20846440	3	3	3	records/p3/flag-certificates/20846440.json
-21194392	3	3	3	records/p3/flag-certificates/21194392.json
-21483928	3	3	3	records/p3/flag-certificates/21483928.json
-21658407	3	3	3	records/p3/flag-certificates/21658407.json
-21747455	3	3	3	records/p3/flag-certificates/21747455.json
-21806879	3	3	3	records/p3/flag-certificates/21806879.json
-21965907	3	3	81	records/p3/flag-certificates/21965907.json
-21972215	3	3	3	records/p3/flag-certificates/21972215.json
-22151867	3	3	3	records/p3/flag-certificates/22151867.json
-22165572	3	3	3	records/p3/flag-certificates/22165572.json
-22309331	3	3	3	records/p3/flag-certificates/22309331.json
-23104527	3	3	3	records/p3/flag-certificates/23104527.json
-23321832	3	3	3	records/p3/flag-certificates/23321832.json
-23685848	3	3	3	records/p3/flag-certificates/23685848.json
-23951123	3	3	3	records/p3/flag-certificates/23951123.json
-24143284	3	3	3	records/p3/flag-certificates/24143284.json
-24418831	3	3	3	records/p3/flag-certificates/24418831.json
-24688264	3	3	3	records/p3/flag-certificates/24688264.json
-24909131	3	3	3	records/p3/flag-certificates/24909131.json
-24952655	3	3	3	records/p3/flag-certificates/24952655.json
-25012003	3	3	3	records/p3/flag-certificates/25012003.json
-25249451	3	3	3	records/p3/flag-certificates/25249451.json
-25274247	3	3	3	records/p3/flag-certificates/25274247.json
-25424951	3	3	3	records/p3/flag-certificates/25424951.json
-25660711	3	3	9	records/p3/flag-certificates/25660711.json
-25684355	3	3	27	records/p3/flag-certificates/25684355.json
-25748312	3	3	3	records/p3/flag-certificates/25748312.json
-25997167	3	3	3	records/p3/flag-certificates/25997167.json
-26156083	3	3	3	records/p3/flag-certificates/26156083.json
-26430603	3	3	3	records/p3/flag-certificates/26430603.json
-26514856	3	3	9	records/p3/flag-certificates/26514856.json
-26607371	3	3	3	records/p3/flag-certificates/26607371.json
-26758111	3	3	3	records/p3/flag-certificates/26758111.json
-27458447	3	3	3	records/p3/flag-certificates/27458447.json
-27607115	3	3	3	records/p3/flag-certificates/27607115.json
-27634267	3	3	9	records/p3/flag-certificates/27634267.json
-27808763	3	3	3	records/p3/flag-certificates/27808763.json
-27840799	3	3	3	records/p3/flag-certificates/27840799.json
-27858536	3	3	3	records/p3/flag-certificates/27858536.json
-28114627	3	3	3	records/p3/flag-certificates/28114627.json
-28494568	3	3	9	records/p3/flag-certificates/28494568.json
-28502452	3	3	243	records/p3/flag-certificates/28502452.json
-28732623	3	3	3	records/p3/flag-certificates/28732623.json
-28914811	3	3	3	records/p3/flag-certificates/28914811.json
-28991499	3	3	3	records/p3/flag-certificates/28991499.json
-28996895	3	3	3	records/p3/flag-certificates/28996895.json
-29039896	3	3	3	records/p3/flag-certificates/29039896.json
-29313672	3	3	3	records/p3/flag-certificates/29313672.json
-29349211	3	3	3	records/p3/flag-certificates/29349211.json
-29482627	3	3	3	records/p3/flag-certificates/29482627.json
-29597551	3	3	3	records/p3/flag-certificates/29597551.json
-29613268	3	3	3	records/p3/flag-certificates/29613268.json
-29676772	3	3	3	records/p3/flag-certificates/29676772.json
-29725336	3	3	3	records/p3/flag-certificates/29725336.json
-30078739	3	3	3	records/p3/flag-certificates/30078739.json
-30110403	3	3	3	records/p3/flag-certificates/30110403.json
-30365267	3	3	3	records/p3/flag-certificates/30365267.json
-30470603	3	3	3	records/p3/flag-certificates/30470603.json
-30479731	3	3	3	records/p3/flag-certificates/30479731.json
-30536548	3	3	3	records/p3/flag-certificates/30536548.json
-30580763	3	3	3	records/p3/flag-certificates/30580763.json
-30778471	3	3	3	records/p3/flag-certificates/30778471.json
-31170815	3	3	3	records/p3/flag-certificates/31170815.json
-31604267	3	3	3	records/p3/flag-certificates/31604267.json
-31859095	3	3	3	records/p3/flag-certificates/31859095.json
-32139951	3	3	3	records/p3/flag-certificates/32139951.json
-32256687	3	3	3	records/p3/flag-certificates/32256687.json
-32332891	3	3	3	records/p3/flag-certificates/32332891.json
-32494888	3	3	3	records/p3/flag-certificates/32494888.json
-32711691	3	3	3	records/p3/flag-certificates/32711691.json
-32830228	3	3	3	records/p3/flag-certificates/32830228.json
-32852423	3	3	3	records/p3/flag-certificates/32852423.json
-32922883	3	3	3	records/p3/flag-certificates/32922883.json
-32967727	3	3	9	records/p3/flag-certificates/32967727.json
-33450387	3	3	3	records/p3/flag-certificates/33450387.json
-33505727	3	3	3	records/p3/flag-certificates/33505727.json
-33543383	3	3	9	records/p3/flag-certificates/33543383.json
-33778824	3	3	3	records/p3/flag-certificates/33778824.json
-33866072	3	3	3	records/p3/flag-certificates/33866072.json
-33889487	3	3	3	records/p3/flag-certificates/33889487.json
-34019704	3	3	81	records/p3/flag-certificates/34019704.json
-34025032	3	3	3	records/p3/flag-certificates/34025032.json
-34294431	3	3	3	records/p3/flag-certificates/34294431.json
-34365368	3	3	3	records/p3/flag-certificates/34365368.json
-34394964	3	3	3	records/p3/flag-certificates/34394964.json
-34395976	3	3	3	records/p3/flag-certificates/34395976.json
-34410767	3	3	3	records/p3/flag-certificates/34410767.json
-34557071	3	3	3	records/p3/flag-certificates/34557071.json
-34700727	3	3	3	records/p3/flag-certificates/34700727.json
-34757159	3	3	3	records/p3/flag-certificates/34757159.json
-35063799	3	3	3	records/p3/flag-certificates/35063799.json
-35180884	3	3	3	records/p3/flag-certificates/35180884.json
-35269627	3	3	3	records/p3/flag-certificates/35269627.json
-35275411	3	3	27	records/p3/flag-certificates/35275411.json
-35397931	3	3	3	records/p3/flag-certificates/35397931.json
-35470387	3	3	9	records/p3/flag-certificates/35470387.json
-35494763	3	3	3	records/p3/flag-certificates/35494763.json
-35858996	3	3	3	records/p3/flag-certificates/35858996.json
-35910676	3	3	3	records/p3/flag-certificates/35910676.json
-36323563	3	3	9	records/p3/flag-certificates/36323563.json
-36352456	3	3	3	records/p3/flag-certificates/36352456.json
-36399667	3	3	3	records/p3/flag-certificates/36399667.json
-36519044	3	3	3	records/p3/flag-certificates/36519044.json
-36848479	3	3	6561	records/p3/flag-certificates/36848479.json
-36975896	3	3	9	records/p3/flag-certificates/36975896.json
-37418788	3	3	27	records/p3/flag-certificates/37418788.json
-37595407	3	3	3	records/p3/flag-certificates/37595407.json
-37762223	3	3	3	records/p3/flag-certificates/37762223.json
-37935860	3	3	3	records/p3/flag-certificates/37935860.json
-37940287	3	3	3	records/p3/flag-certificates/37940287.json
-38206088	3	3	3	records/p3/flag-certificates/38206088.json
-38547491	3	3	3	records/p3/flag-certificates/38547491.json
-38582072	3	3	3	records/p3/flag-certificates/38582072.json
-38588287	3	3	3	records/p3/flag-certificates/38588287.json
-38683940	3	3	3	records/p3/flag-certificates/38683940.json
-38711939	3	3	3	records/p3/flag-certificates/38711939.json
-38934467	3	3	3	records/p3/flag-certificates/38934467.json
-39026155	3	3	3	records/p3/flag-certificates/39026155.json
-39678747	3	3	3	records/p3/flag-certificates/39678747.json
-39726931	3	3	3	records/p3/flag-certificates/39726931.json
-40294232	3	3	3	records/p3/flag-certificates/40294232.json
-40305668	3	3	3	records/p3/flag-certificates/40305668.json
-40524047	3	3	3	records/p3/flag-certificates/40524047.json
-40628227	3	3	3	records/p3/flag-certificates/40628227.json
-40644155	3	3	3	records/p3/flag-certificates/40644155.json
-40956599	3	3	3	records/p3/flag-certificates/40956599.json
-40974248	3	3	3	records/p3/flag-certificates/40974248.json
-41128408	3	3	3	records/p3/flag-certificates/41128408.json
-41337480	3	3	3	records/p3/flag-certificates/41337480.json
-41344543	3	3	3	records/p3/flag-certificates/41344543.json
-41443599	3	3	3	records/p3/flag-certificates/41443599.json
-41477179	3	3	3	records/p3/flag-certificates/41477179.json
-41755827	3	3	3	records/p3/flag-certificates/41755827.json
-41889531	3	3	3	records/p3/flag-certificates/41889531.json
-41896536	3	3	3	records/p3/flag-certificates/41896536.json
-41980504	3	3	3	records/p3/flag-certificates/41980504.json
-42071235	3	3	3	records/p3/flag-certificates/42071235.json
-42132596	3	3	3	records/p3/flag-certificates/42132596.json
-42252679	3	3	3	records/p3/flag-certificates/42252679.json
-42322639	3	3	3	records/p3/flag-certificates/42322639.json
-42503351	3	3	3	records/p3/flag-certificates/42503351.json
-42587971	3	3	3	records/p3/flag-certificates/42587971.json
-42686563	3	3	3	records/p3/flag-certificates/42686563.json
-42808163	3	3	3	records/p3/flag-certificates/42808163.json
-42826011	3	3	3	records/p3/flag-certificates/42826011.json
-42895603	3	3	3	records/p3/flag-certificates/42895603.json
-42907123	3	3	3	records/p3/flag-certificates/42907123.json
-42986939	3	3	3	records/p3/flag-certificates/42986939.json
-43080191	3	3	3	records/p3/flag-certificates/43080191.json
-43139524	3	3	3	records/p3/flag-certificates/43139524.json
-43376628	3	3	3	records/p3/flag-certificates/43376628.json
-43461239	3	3	3	records/p3/flag-certificates/43461239.json
-43586455	3	3	3	records/p3/flag-certificates/43586455.json
-43710943	3	3	243	records/p3/flag-certificates/43710943.json
-43798756	3	3	9	records/p3/flag-certificates/43798756.json
-43963060	3	3	3	records/p3/flag-certificates/43963060.json
-43987623	3	3	3	records/p3/flag-certificates/43987623.json
-44097816	3	3	3	records/p3/flag-certificates/44097816.json
-44378884	3	3	9	records/p3/flag-certificates/44378884.json
-44387671	3	3	3	records/p3/flag-certificates/44387671.json
-44659183	3	3	3	records/p3/flag-certificates/44659183.json
-44671307	3	3	3	records/p3/flag-certificates/44671307.json
-44772863	3	3	3	records/p3/flag-certificates/44772863.json
-44813091	3	3	3	records/p3/flag-certificates/44813091.json
-44849411	3	3	27	records/p3/flag-certificates/44849411.json
-45183043	3	3	3	records/p3/flag-certificates/45183043.json
-45554287	3	3	3	records/p3/flag-certificates/45554287.json
-45722467	3	3	3	records/p3/flag-certificates/45722467.json
-45770539	3	3	3	records/p3/flag-certificates/45770539.json
-45971092	3	3	3	records/p3/flag-certificates/45971092.json
-46220036	3	3	3	records/p3/flag-certificates/46220036.json
-46237207	3	3	3	records/p3/flag-certificates/46237207.json
-46280315	3	3	3	records/p3/flag-certificates/46280315.json
-46356087	3	3	3	records/p3/flag-certificates/46356087.json
-46677864	3	3	3	records/p3/flag-certificates/46677864.json
-46887364	3	3	3	records/p3/flag-certificates/46887364.json
-46905323	3	3	3	records/p3/flag-certificates/46905323.json
-47332147	3	3	3	records/p3/flag-certificates/47332147.json
-47450935	3	3	3	records/p3/flag-certificates/47450935.json
-47455087	3	3	3	records/p3/flag-certificates/47455087.json
-47677668	3	3	3	records/p3/flag-certificates/47677668.json
-47831891	3	3	3	records/p3/flag-certificates/47831891.json
-47963219	3	3	3	records/p3/flag-certificates/47963219.json
-48330759	3	3	3	records/p3/flag-certificates/48330759.json
-48511515	3	3	3	records/p3/flag-certificates/48511515.json
-48651143	3	3	3	records/p3/flag-certificates/48651143.json
-48862488	3	3	3	records/p3/flag-certificates/48862488.json
-48973895	3	3	3	records/p3/flag-certificates/48973895.json
-49127647	3	3	3	records/p3/flag-certificates/49127647.json
-49303355	3	3	3	records/p3/flag-certificates/49303355.json
-49594276	3	3	3	records/p3/flag-certificates/49594276.json
-49666519	3	3	3	records/p3/flag-certificates/49666519.json
-49723123	3	3	9	records/p3/flag-certificates/49723123.json
-49875223	3	3	9	records/p3/flag-certificates/49875223.json
-50065655	3	3	3	records/p3/flag-certificates/50065655.json
-50463903	3	3	3	records/p3/flag-certificates/50463903.json
-50563859	3	3	3	records/p3/flag-certificates/50563859.json
-50566564	3	3	3	records/p3/flag-certificates/50566564.json
-50609427	3	3	3	records/p3/flag-certificates/50609427.json
-50611819	3	3	3	records/p3/flag-certificates/50611819.json
-50713799	3	3	3	records/p3/flag-certificates/50713799.json
-50831112	3	3	3	records/p3/flag-certificates/50831112.json
-50977103	3	3	3	records/p3/flag-certificates/50977103.json
-50994247	3	3	3	records/p3/flag-certificates/50994247.json
-51065211	3	3	3	records/p3/flag-certificates/51065211.json
-51274915	3	3	3	records/p3/flag-certificates/51274915.json
-51371291	3	3	9	records/p3/flag-certificates/51371291.json
-51880371	3	3	3	records/p3/flag-certificates/51880371.json
-52088423	3	3	9	records/p3/flag-certificates/52088423.json
-52119327	3	3	3	records/p3/flag-certificates/52119327.json
-52494539	3	3	3	records/p3/flag-certificates/52494539.json
-52517111	3	3	3	records/p3/flag-certificates/52517111.json
-52532008	3	3	3	records/p3/flag-certificates/52532008.json
-52722084	3	3	3	records/p3/flag-certificates/52722084.json
-52743011	3	3	3	records/p3/flag-certificates/52743011.json
-53090887	3	3	3	records/p3/flag-certificates/53090887.json
-53246276	3	3	9	records/p3/flag-certificates/53246276.json
-53395079	3	3	3	records/p3/flag-certificates/53395079.json
-53450299	3	3	3	records/p3/flag-certificates/53450299.json
-53472280	3	3	3	records/p3/flag-certificates/53472280.json
-53893759	3	3	3	records/p3/flag-certificates/53893759.json
-53997976	3	3	9	records/p3/flag-certificates/53997976.json
-54060483	3	3	3	records/p3/flag-certificates/54060483.json
-54258447	3	3	3	records/p3/flag-certificates/54258447.json
-54433787	3	3	3	records/p3/flag-certificates/54433787.json
-54530671	3	3	3	records/p3/flag-certificates/54530671.json
-54750952	3	3	3	records/p3/flag-certificates/54750952.json
-55002551	3	3	3	records/p3/flag-certificates/55002551.json
-55099043	3	3	27	records/p3/flag-certificates/55099043.json
-55247159	3	3	3	records/p3/flag-certificates/55247159.json
-55458643	3	3	3	records/p3/flag-certificates/55458643.json
-55459844	3	3	3	records/p3/flag-certificates/55459844.json
-55990111	3	3	3	records/p3/flag-certificates/55990111.json
-56012791	3	3	3	records/p3/flag-certificates/56012791.json
-56023159	3	3	3	records/p3/flag-certificates/56023159.json
-56062840	3	3	3	records/p3/flag-certificates/56062840.json
-56179268	3	3	3	records/p3/flag-certificates/56179268.json
-56227223	3	3	3	records/p3/flag-certificates/56227223.json
-56877643	3	3	3	records/p3/flag-certificates/56877643.json
-56892947	3	3	3	records/p3/flag-certificates/56892947.json
-56910443	3	3	3	records/p3/flag-certificates/56910443.json
-57236692	3	3	3	records/p3/flag-certificates/57236692.json
-57280391	3	3	3	records/p3/flag-certificates/57280391.json
-57525107	3	3	3	records/p3/flag-certificates/57525107.json
-57537671	3	3	3	records/p3/flag-certificates/57537671.json
-57554915	3	3	3	records/p3/flag-certificates/57554915.json
-57886599	3	3	3	records/p3/flag-certificates/57886599.json
-58055055	3	3	3	records/p3/flag-certificates/58055055.json
-58106407	3	3	3	records/p3/flag-certificates/58106407.json
-58264280	3	3	3	records/p3/flag-certificates/58264280.json
-58436551	3	3	3	records/p3/flag-certificates/58436551.json
-58503176	3	3	3	records/p3/flag-certificates/58503176.json
-58616979	3	3	3	records/p3/flag-certificates/58616979.json
-58670031	3	3	3	records/p3/flag-certificates/58670031.json
-58830347	3	3	2187	records/p3/flag-certificates/58830347.json
-58917044	3	3	3	records/p3/flag-certificates/58917044.json
-58924687	3	3	3	records/p3/flag-certificates/58924687.json
-58983812	3	3	9	records/p3/flag-certificates/58983812.json
-59240407	3	3	3	records/p3/flag-certificates/59240407.json
-59283247	3	3	3	records/p3/flag-certificates/59283247.json
-59283847	3	3	3	records/p3/flag-certificates/59283847.json
-59289547	3	3	3	records/p3/flag-certificates/59289547.json
-59457832	3	3	3	records/p3/flag-certificates/59457832.json
-59728531	3	3	3	records/p3/flag-certificates/59728531.json
-60157219	3	3	3	records/p3/flag-certificates/60157219.json
-60252979	3	3	3	records/p3/flag-certificates/60252979.json
-60416488	3	3	9	records/p3/flag-certificates/60416488.json
-60638315	3	3	3	records/p3/flag-certificates/60638315.json
-60661208	3	3	3	records/p3/flag-certificates/60661208.json
-60732499	3	3	3	records/p3/flag-certificates/60732499.json
-60912499	3	3	3	records/p3/flag-certificates/60912499.json
-60936143	3	3	3	records/p3/flag-certificates/60936143.json
-61043151	3	3	3	records/p3/flag-certificates/61043151.json
-61050644	3	3	3	records/p3/flag-certificates/61050644.json
-61052171	3	3	3	records/p3/flag-certificates/61052171.json
-61063943	3	3	3	records/p3/flag-certificates/61063943.json
-61090772	3	3	9	records/p3/flag-certificates/61090772.json
-61113332	3	3	3	records/p3/flag-certificates/61113332.json
-61263451	3	3	3	records/p3/flag-certificates/61263451.json
-61522964	3	3	9	records/p3/flag-certificates/61522964.json
-61559087	3	3	3	records/p3/flag-certificates/61559087.json
-61764971	3	3	9	records/p3/flag-certificates/61764971.json
-61954504	3	3	3	records/p3/flag-certificates/61954504.json
-62092203	3	3	3	records/p3/flag-certificates/62092203.json
-62299023	3	3	3	records/p3/flag-certificates/62299023.json
-62919784	3	3	3	records/p3/flag-certificates/62919784.json
-63069839	3	3	3	records/p3/flag-certificates/63069839.json
-63165371	3	3	3	records/p3/flag-certificates/63165371.json
-63199139	3	3	3	records/p3/flag-certificates/63199139.json
-63263807	3	3	9	records/p3/flag-certificates/63263807.json
-63572952	3	3	3	records/p3/flag-certificates/63572952.json
-63643603	3	3	3	records/p3/flag-certificates/63643603.json
-63849412	3	3	3	records/p3/flag-certificates/63849412.json
-63946915	3	3	3	records/p3/flag-certificates/63946915.json
-63953087	3	3	27	records/p3/flag-certificates/63953087.json
-64018859	3	3	3	records/p3/flag-certificates/64018859.json
-64046083	3	3	3	records/p3/flag-certificates/64046083.json
-64080884	3	3	3	records/p3/flag-certificates/64080884.json
-64345151	3	3	3	records/p3/flag-certificates/64345151.json
-64677252	3	3	3	records/p3/flag-certificates/64677252.json
-64733531	3	3	3	records/p3/flag-certificates/64733531.json
-64842308	3	3	3	records/p3/flag-certificates/64842308.json
-64894027	3	3	3	records/p3/flag-certificates/64894027.json
-65118839	3	3	81	records/p3/flag-certificates/65118839.json
-65257604	3	3	3	records/p3/flag-certificates/65257604.json
-65417747	3	3	3	records/p3/flag-certificates/65417747.json
-65547115	3	3	3	records/p3/flag-certificates/65547115.json
-65561387	3	3	3	records/p3/flag-certificates/65561387.json
-65739755	3	3	3	records/p3/flag-certificates/65739755.json
-65809779	3	3	3	records/p3/flag-certificates/65809779.json
-66047467	3	3	9	records/p3/flag-certificates/66047467.json
-66126811	3	3	3	records/p3/flag-certificates/66126811.json
-66319367	3	3	3	records/p3/flag-certificates/66319367.json
-66483203	3	3	9	records/p3/flag-certificates/66483203.json
-66847063	3	3	3	records/p3/flag-certificates/66847063.json
-66873559	3	3	3	records/p3/flag-certificates/66873559.json
-66977099	3	3	3	records/p3/flag-certificates/66977099.json
-67223287	3	3	3	records/p3/flag-certificates/67223287.json
-67231491	3	3	3	records/p3/flag-certificates/67231491.json
-67244147	3	3	3	records/p3/flag-certificates/67244147.json
-67322296	3	3	3	records/p3/flag-certificates/67322296.json
-67493503	3	3	3	records/p3/flag-certificates/67493503.json
-67604871	3	3	3	records/p3/flag-certificates/67604871.json
-67657143	3	3	81	records/p3/flag-certificates/67657143.json
-67726936	3	3	9	records/p3/flag-certificates/67726936.json
-67912984	3	3	3	records/p3/flag-certificates/67912984.json
-68193140	3	3	3	records/p3/flag-certificates/68193140.json
-68259176	3	3	3	records/p3/flag-certificates/68259176.json
-68261656	3	3	243	records/p3/flag-certificates/68261656.json
-68516555	3	3	3	records/p3/flag-certificates/68516555.json
-68642059	3	3	3	records/p3/flag-certificates/68642059.json
-68655147	3	3	3	records/p3/flag-certificates/68655147.json
-68903007	3	3	3	records/p3/flag-certificates/68903007.json
-69544011	3	3	3	records/p3/flag-certificates/69544011.json
-69645755	3	3	3	records/p3/flag-certificates/69645755.json
-69676520	3	3	3	records/p3/flag-certificates/69676520.json
-69709283	3	3	3	records/p3/flag-certificates/69709283.json
-69768715	3	3	3	records/p3/flag-certificates/69768715.json
-69933299	3	3	3	records/p3/flag-certificates/69933299.json
-70061912	3	3	3	records/p3/flag-certificates/70061912.json
-70177623	3	3	3	records/p3/flag-certificates/70177623.json
-70502371	3	3	3	records/p3/flag-certificates/70502371.json
-70853099	3	3	3	records/p3/flag-certificates/70853099.json
-71153643	3	3	3	records/p3/flag-certificates/71153643.json
-71227880	3	3	3	records/p3/flag-certificates/71227880.json
-71253620	3	3	9	records/p3/flag-certificates/71253620.json
-71525815	3	3	3	records/p3/flag-certificates/71525815.json
-71527667	3	3	3	records/p3/flag-certificates/71527667.json
-71545411	3	3	9	records/p3/flag-certificates/71545411.json
-71603795	3	3	3	records/p3/flag-certificates/71603795.json
-71655143	3	3	27	records/p3/flag-certificates/71655143.json
-71659867	3	3	3	records/p3/flag-certificates/71659867.json
-71662359	3	3	3	records/p3/flag-certificates/71662359.json
-71911464	3	3	3	records/p3/flag-certificates/71911464.json
-72128884	3	3	3	records/p3/flag-certificates/72128884.json
-72222184	3	3	9	records/p3/flag-certificates/72222184.json
-72673979	3	3	3	records/p3/flag-certificates/72673979.json
-72691603	3	3	3	records/p3/flag-certificates/72691603.json
-72839983	3	3	3	records/p3/flag-certificates/72839983.json
-72903379	3	3	3	records/p3/flag-certificates/72903379.json
-72972579	3	3	3	records/p3/flag-certificates/72972579.json
-73046319	3	3	3	records/p3/flag-certificates/73046319.json
-73086555	3	3	3	records/p3/flag-certificates/73086555.json
-73097403	3	3	3	records/p3/flag-certificates/73097403.json
-73123807	3	3	81	records/p3/flag-certificates/73123807.json
-73509431	3	3	3	records/p3/flag-certificates/73509431.json
-73539679	3	3	3	records/p3/flag-certificates/73539679.json
-73816115	3	3	3	records/p3/flag-certificates/73816115.json
-73831256	3	3	3	records/p3/flag-certificates/73831256.json
-73892607	3	3	3	records/p3/flag-certificates/73892607.json
-74251236	3	3	3	records/p3/flag-certificates/74251236.json
-74343019	3	3	3	records/p3/flag-certificates/74343019.json
-74428948	3	3	3	records/p3/flag-certificates/74428948.json
-74446471	3	3	9	records/p3/flag-certificates/74446471.json
-74672023	3	3	3	records/p3/flag-certificates/74672023.json
-74775687	3	3	3	records/p3/flag-certificates/74775687.json
-74926067	3	3	3	records/p3/flag-certificates/74926067.json
-74944691	3	3	3	records/p3/flag-certificates/74944691.json
-74977087	3	3	3	records/p3/flag-certificates/74977087.json
-74988295	3	3	3	records/p3/flag-certificates/74988295.json
-75069563	3	3	3	records/p3/flag-certificates/75069563.json
-75170616	3	3	3	records/p3/flag-certificates/75170616.json
-75199172	3	3	243	records/p3/flag-certificates/75199172.json
-75199703	3	3	3	records/p3/flag-certificates/75199703.json
-75474676	3	3	3	records/p3/flag-certificates/75474676.json
-75700947	3	3	3	records/p3/flag-certificates/75700947.json
-75950259	3	3	3	records/p3/flag-certificates/75950259.json
-76062191	3	3	3	records/p3/flag-certificates/76062191.json
-76295551	3	3	3	records/p3/flag-certificates/76295551.json
-76327547	3	3	3	records/p3/flag-certificates/76327547.json
-76563391	3	3	3	records/p3/flag-certificates/76563391.json
-76644136	3	3	3	records/p3/flag-certificates/76644136.json
-76719119	3	3	3	records/p3/flag-certificates/76719119.json
-76781539	3	3	3	records/p3/flag-certificates/76781539.json
-76819303	3	3	3	records/p3/flag-certificates/76819303.json
-76933327	3	3	9	records/p3/flag-certificates/76933327.json
-77016484	3	3	3	records/p3/flag-certificates/77016484.json
-77436244	3	3	3	records/p3/flag-certificates/77436244.json
-77533044	3	3	3	records/p3/flag-certificates/77533044.json
-77947879	3	3	243	records/p3/flag-certificates/77947879.json
-78051887	3	3	3	records/p3/flag-certificates/78051887.json
-78113599	3	3	243	records/p3/flag-certificates/78113599.json
-78123956	3	3	3	records/p3/flag-certificates/78123956.json
-78159544	3	3	3	records/p3/flag-certificates/78159544.json
-78417563	3	3	3	records/p3/flag-certificates/78417563.json
-78766563	3	3	3	records/p3/flag-certificates/78766563.json
-78789999	3	3	3	records/p3/flag-certificates/78789999.json
-79042567	3	3	3	records/p3/flag-certificates/79042567.json
-79076147	3	3	9	records/p3/flag-certificates/79076147.json
-79239059	3	3	3	records/p3/flag-certificates/79239059.json
-79239963	3	3	3	records/p3/flag-certificates/79239963.json
-79378899	3	3	3	records/p3/flag-certificates/79378899.json
-79713039	3	3	3	records/p3/flag-certificates/79713039.json
-79777147	3	3	3	records/p3/flag-certificates/79777147.json
-79821928	3	3	3	records/p3/flag-certificates/79821928.json
-79843343	3	3	81	records/p3/flag-certificates/79843343.json
-79889939	3	3	3	records/p3/flag-certificates/79889939.json
-79954936	3	3	3	records/p3/flag-certificates/79954936.json
-80055743	3	3	3	records/p3/flag-certificates/80055743.json
-80067263	3	3	3	records/p3/flag-certificates/80067263.json
-80179323	3	3	3	records/p3/flag-certificates/80179323.json
-80228087	3	3	3	records/p3/flag-certificates/80228087.json
-80340595	3	3	3	records/p3/flag-certificates/80340595.json
-81002507	3	3	9	records/p3/flag-certificates/81002507.json
-81055347	3	3	3	records/p3/flag-certificates/81055347.json
-81080107	3	3	3	records/p3/flag-certificates/81080107.json
-81173699	3	3	243	records/p3/flag-certificates/81173699.json
-81430807	3	3	3	records/p3/flag-certificates/81430807.json
-81491291	3	3	3	records/p3/flag-certificates/81491291.json
-81952699	3	3	9	records/p3/flag-certificates/81952699.json
-82147415	3	3	3	records/p3/flag-certificates/82147415.json
-82346307	3	3	3	records/p3/flag-certificates/82346307.json
-82361155	3	3	3	records/p3/flag-certificates/82361155.json
-82593159	3	3	3	records/p3/flag-certificates/82593159.json
-82735860	3	3	3	records/p3/flag-certificates/82735860.json
-82911943	3	3	3	records/p3/flag-certificates/82911943.json
-82960979	3	3	3	records/p3/flag-certificates/82960979.json
-83076495	3	3	3	records/p3/flag-certificates/83076495.json
-83164003	3	3	3	records/p3/flag-certificates/83164003.json
-83181284	3	3	3	records/p3/flag-certificates/83181284.json
-83260039	3	3	3	records/p3/flag-certificates/83260039.json
-83281243	3	3	3	records/p3/flag-certificates/83281243.json
-83512523	3	3	3	records/p3/flag-certificates/83512523.json
-83555403	3	3	3	records/p3/flag-certificates/83555403.json
-83593716	3	3	3	records/p3/flag-certificates/83593716.json
-83655843	3	3	3	records/p3/flag-certificates/83655843.json
-83667140	3	3	3	records/p3/flag-certificates/83667140.json
-83678267	3	3	3	records/p3/flag-certificates/83678267.json
-83739364	3	3	3	records/p3/flag-certificates/83739364.json
-83876747	3	3	3	records/p3/flag-certificates/83876747.json
-83977007	3	3	3	records/p3/flag-certificates/83977007.json
-83987583	3	3	3	records/p3/flag-certificates/83987583.json
-84000335	3	3	3	records/p3/flag-certificates/84000335.json
-84091667	3	3	3	records/p3/flag-certificates/84091667.json
-84404939	3	3	3	records/p3/flag-certificates/84404939.json
-84503683	3	3	3	records/p3/flag-certificates/84503683.json
-84537355	3	3	3	records/p3/flag-certificates/84537355.json
-84604483	3	3	3	records/p3/flag-certificates/84604483.json
-84730747	3	3	9	records/p3/flag-certificates/84730747.json
-84962455	3	3	3	records/p3/flag-certificates/84962455.json
-85241139	3	3	81	records/p3/flag-certificates/85241139.json
-85273015	3	3	27	records/p3/flag-certificates/85273015.json
-85349659	3	3	3	records/p3/flag-certificates/85349659.json
-85436308	3	3	3	records/p3/flag-certificates/85436308.json
-85503343	3	3	3	records/p3/flag-certificates/85503343.json
-85829711	3	3	3	records/p3/flag-certificates/85829711.json
-85846072	3	3	3	records/p3/flag-certificates/85846072.json
-85893823	3	3	81	records/p3/flag-certificates/85893823.json
-85922243	3	3	3	records/p3/flag-certificates/85922243.json
-85944759	3	3	9	records/p3/flag-certificates/85944759.json
-85965519	3	3	3	records/p3/flag-certificates/85965519.json
-86099672	3	3	3	records/p3/flag-certificates/86099672.json
-86148239	3	3	3	records/p3/flag-certificates/86148239.json
-86530739	3	3	3	records/p3/flag-certificates/86530739.json
-87068820	3	3	3	records/p3/flag-certificates/87068820.json
-87076607	3	3	9	records/p3/flag-certificates/87076607.json
-87116531	3	3	3	records/p3/flag-certificates/87116531.json
-87227535	3	3	3	records/p3/flag-certificates/87227535.json
-87289583	3	3	3	records/p3/flag-certificates/87289583.json
-87374676	3	3	81	records/p3/flag-certificates/87374676.json
-87438824	3	3	3	records/p3/flag-certificates/87438824.json
-87556859	3	3	3	records/p3/flag-certificates/87556859.json
-87590243	3	3	3	records/p3/flag-certificates/87590243.json
-87621595	3	3	3	records/p3/flag-certificates/87621595.json
-87759928	3	3	9	records/p3/flag-certificates/87759928.json
-87771844	3	3	3	records/p3/flag-certificates/87771844.json
-87970040	3	3	3	records/p3/flag-certificates/87970040.json
-88163771	3	3	3	records/p3/flag-certificates/88163771.json
-88359035	3	3	3	records/p3/flag-certificates/88359035.json
-88396079	3	3	3	records/p3/flag-certificates/88396079.json
-88474207	3	3	3	records/p3/flag-certificates/88474207.json
-88503319	3	3	3	records/p3/flag-certificates/88503319.json
-88605903	3	3	3	records/p3/flag-certificates/88605903.json
-88957723	3	3	3	records/p3/flag-certificates/88957723.json
-89101399	3	3	3	records/p3/flag-certificates/89101399.json
-89209544	3	3	3	records/p3/flag-certificates/89209544.json
-89234452	3	3	3	records/p3/flag-certificates/89234452.json
-89258335	3	3	3	records/p3/flag-certificates/89258335.json
-89284916	3	3	3	records/p3/flag-certificates/89284916.json
-89466479	3	3	3	records/p3/flag-certificates/89466479.json
-89471204	3	3	3	records/p3/flag-certificates/89471204.json
-89479108	3	3	3	records/p3/flag-certificates/89479108.json
-89575699	3	3	3	records/p3/flag-certificates/89575699.json
-89625131	3	3	3	records/p3/flag-certificates/89625131.json
-90055207	3	3	3	records/p3/flag-certificates/90055207.json
-90129243	3	3	3	records/p3/flag-certificates/90129243.json
-90151727	3	3	9	records/p3/flag-certificates/90151727.json
-90233124	3	3	3	records/p3/flag-certificates/90233124.json
-90379720	3	3	3	records/p3/flag-certificates/90379720.json
-90399059	3	3	3	records/p3/flag-certificates/90399059.json
-90428676	3	3	6561	records/p3/flag-certificates/90428676.json
-90531160	3	3	3	records/p3/flag-certificates/90531160.json
-90751007	3	3	243	records/p3/flag-certificates/90751007.json
-90827851	3	3	3	records/p3/flag-certificates/90827851.json
-90847527	3	3	3	records/p3/flag-certificates/90847527.json
-91120904	3	3	3	records/p3/flag-certificates/91120904.json
-91153780	3	3	9	records/p3/flag-certificates/91153780.json
-91171831	3	3	3	records/p3/flag-certificates/91171831.json
-91246847	3	3	3	records/p3/flag-certificates/91246847.json
-91420051	3	3	81	records/p3/flag-certificates/91420051.json
-91765579	3	3	3	records/p3/flag-certificates/91765579.json
-91789131	3	3	3	records/p3/flag-certificates/91789131.json
-92011559	3	3	9	records/p3/flag-certificates/92011559.json
-92519956	3	3	3	records/p3/flag-certificates/92519956.json
-92547507	3	3	3	records/p3/flag-certificates/92547507.json
-92613251	3	3	3	records/p3/flag-certificates/92613251.json
-92630292	3	3	27	records/p3/flag-certificates/92630292.json
-92788051	3	3	3	records/p3/flag-certificates/92788051.json
-92965111	3	3	3	records/p3/flag-certificates/92965111.json
-93345044	3	3	3	records/p3/flag-certificates/93345044.json
-93463883	3	3	3	records/p3/flag-certificates/93463883.json
-93494131	3	3	27	records/p3/flag-certificates/93494131.json
-93572052	3	3	3	records/p3/flag-certificates/93572052.json
-93672231	3	3	3	records/p3/flag-certificates/93672231.json
-93695199	3	3	3	records/p3/flag-certificates/93695199.json
-93785768	3	3	3	records/p3/flag-certificates/93785768.json
-93828263	3	3	3	records/p3/flag-certificates/93828263.json
-94226740	3	3	3	records/p3/flag-certificates/94226740.json
-94314472	3	3	3	records/p3/flag-certificates/94314472.json
-94359479	3	3	3	records/p3/flag-certificates/94359479.json
-94489012	3	3	9	records/p3/flag-certificates/94489012.json
-94600216	3	3	3	records/p3/flag-certificates/94600216.json
-94652299	3	3	3	records/p3/flag-certificates/94652299.json
-94709544	3	3	27	records/p3/flag-certificates/94709544.json
-94771304	3	3	3	records/p3/flag-certificates/94771304.json
-94779688	3	3	3	records/p3/flag-certificates/94779688.json
-94932955	3	3	3	records/p3/flag-certificates/94932955.json
-95043595	3	3	9	records/p3/flag-certificates/95043595.json
-95117988	3	3	3	records/p3/flag-certificates/95117988.json
-95319944	3	3	3	records/p3/flag-certificates/95319944.json
-95378159	3	3	3	records/p3/flag-certificates/95378159.json
-95400167	3	3	729	records/p3/flag-certificates/95400167.json
-95932132	3	3	3	records/p3/flag-certificates/95932132.json
-96012987	3	3	2187	records/p3/flag-certificates/96012987.json
-96032407	3	3	81	records/p3/flag-certificates/96032407.json
-96095191	3	3	3	records/p3/flag-certificates/96095191.json
-96157147	3	3	9	records/p3/flag-certificates/96157147.json
-96163699	3	3	3	records/p3/flag-certificates/96163699.json
-96198436	3	3	3	records/p3/flag-certificates/96198436.json
-96347887	3	3	3	records/p3/flag-certificates/96347887.json
-96529780	3	3	3	records/p3/flag-certificates/96529780.json
-96569255	3	3	3	records/p3/flag-certificates/96569255.json
-96632203	3	3	81	records/p3/flag-certificates/96632203.json
-96635087	3	3	3	records/p3/flag-certificates/96635087.json
-96691448	3	3	3	records/p3/flag-certificates/96691448.json
-96758036	3	3	3	records/p3/flag-certificates/96758036.json
-96769507	3	3	3	records/p3/flag-certificates/96769507.json
-96924143	3	3	3	records/p3/flag-certificates/96924143.json
-96956527	3	3	3	records/p3/flag-certificates/96956527.json
-97028499	3	3	3	records/p3/flag-certificates/97028499.json
-97097335	3	3	3	records/p3/flag-certificates/97097335.json
-97193767	3	3	3	records/p3/flag-certificates/97193767.json
-97508420	3	3	3	records/p3/flag-certificates/97508420.json
-97572883	3	3	3	records/p3/flag-certificates/97572883.json
-97660095	3	3	3	records/p3/flag-certificates/97660095.json
-97677239	3	3	3	records/p3/flag-certificates/97677239.json
-97685956	3	3	3	records/p3/flag-certificates/97685956.json
-98134403	3	3	3	records/p3/flag-certificates/98134403.json
-98346291	3	3	27	records/p3/flag-certificates/98346291.json
-98501444	3	3	3	records/p3/flag-certificates/98501444.json
-98532655	3	3	3	records/p3/flag-certificates/98532655.json
-98975828	3	3	3	records/p3/flag-certificates/98975828.json
-98999924	3	3	3	records/p3/flag-certificates/98999924.json
-99063651	3	3	3	records/p3/flag-certificates/99063651.json
-99119012	3	3	3	records/p3/flag-certificates/99119012.json
-99422308	3	3	3	records/p3/flag-certificates/99422308.json
-99888447	3	3	3	records/p3/flag-certificates/99888447.json
-100051871	3	3	3	records/p3/flag-certificates/100051871.json
-100183379	3	3	3	records/p3/flag-certificates/100183379.json
-100203007	3	3	3	records/p3/flag-certificates/100203007.json
-100351651	3	3	3	records/p3/flag-certificates/100351651.json
-100465547	3	3	3	records/p3/flag-certificates/100465547.json
-100470679	3	3	9	records/p3/flag-certificates/100470679.json
-100552015	3	3	3	records/p3/flag-certificates/100552015.json
-100765576	3	3	3	records/p3/flag-certificates/100765576.json
-100861323	3	3	3	records/p3/flag-certificates/100861323.json
-101022855	3	3	3	records/p3/flag-certificates/101022855.json
-101035903	3	3	3	records/p3/flag-certificates/101035903.json
-101177319	3	3	3	records/p3/flag-certificates/101177319.json
-101380051	3	3	3	records/p3/flag-certificates/101380051.json
-101402132	3	3	81	records/p3/flag-certificates/101402132.json
-101588291	3	3	3	records/p3/flag-certificates/101588291.json
-101706439	3	3	3	records/p3/flag-certificates/101706439.json
-101706719	3	3	9	records/p3/flag-certificates/101706719.json
-101726123	3	3	3	records/p3/flag-certificates/101726123.json
-101764712	3	3	9	records/p3/flag-certificates/101764712.json
-101798884	3	3	3	records/p3/flag-certificates/101798884.json
-101993963	3	3	3	records/p3/flag-certificates/101993963.json
-102107476	3	3	9	records/p3/flag-certificates/102107476.json
-102408356	3	3	3	records/p3/flag-certificates/102408356.json
-102448843	3	3	3	records/p3/flag-certificates/102448843.json
-102504715	3	3	3	records/p3/flag-certificates/102504715.json
-102862399	3	3	3	records/p3/flag-certificates/102862399.json
-102875979	3	3	3	records/p3/flag-certificates/102875979.json
-102991307	3	3	3	records/p3/flag-certificates/102991307.json
-103019367	3	3	3	records/p3/flag-certificates/103019367.json
-103066755	3	3	3	records/p3/flag-certificates/103066755.json
-103233395	3	3	3	records/p3/flag-certificates/103233395.json
-103265860	3	3	3	records/p3/flag-certificates/103265860.json
-103410836	3	3	3	records/p3/flag-certificates/103410836.json
-103419807	3	3	3	records/p3/flag-certificates/103419807.json
-103585979	3	3	3	records/p3/flag-certificates/103585979.json
-103770483	3	3	3	records/p3/flag-certificates/103770483.json
-103804552	3	3	3	records/p3/flag-certificates/103804552.json
-103965639	3	3	3	records/p3/flag-certificates/103965639.json
-104176635	3	3	3	records/p3/flag-certificates/104176635.json
-104540167	3	3	3	records/p3/flag-certificates/104540167.json
-104712567	3	3	3	records/p3/flag-certificates/104712567.json
-104728740	3	3	3	records/p3/flag-certificates/104728740.json
-104729779	3	3	3	records/p3/flag-certificates/104729779.json
-104731543	3	3	3	records/p3/flag-certificates/104731543.json
-104864343	3	3	9	records/p3/flag-certificates/104864343.json
-104906328	3	3	3	records/p3/flag-certificates/104906328.json
-104956276	3	3	9	records/p3/flag-certificates/104956276.json
-105071143	3	3	3	records/p3/flag-certificates/105071143.json
-105215595	3	3	3	records/p3/flag-certificates/105215595.json
-105347240	3	3	3	records/p3/flag-certificates/105347240.json
-105589567	3	3	3	records/p3/flag-certificates/105589567.json
-105720547	3	3	3	records/p3/flag-certificates/105720547.json
-105834035	3	3	3	records/p3/flag-certificates/105834035.json
-105860635	3	3	3	records/p3/flag-certificates/105860635.json
-105967319	3	3	3	records/p3/flag-certificates/105967319.json
-106125551	3	3	3	records/p3/flag-certificates/106125551.json
-106247912	3	3	3	records/p3/flag-certificates/106247912.json
-106268803	3	3	3	records/p3/flag-certificates/106268803.json
-106372235	3	3	9	records/p3/flag-certificates/106372235.json
-106715623	3	3	3	records/p3/flag-certificates/106715623.json
-106925507	3	3	3	records/p3/flag-certificates/106925507.json
-107034195	3	3	3	records/p3/flag-certificates/107034195.json
-107095315	3	3	3	records/p3/flag-certificates/107095315.json
-107314951	3	3	9	records/p3/flag-certificates/107314951.json
-107475007	3	3	3	records/p3/flag-certificates/107475007.json
-107623363	3	3	3	records/p3/flag-certificates/107623363.json
-107668299	3	3	9	records/p3/flag-certificates/107668299.json
-107682635	3	3	3	records/p3/flag-certificates/107682635.json
-108037479	3	3	3	records/p3/flag-certificates/108037479.json
-108109907	3	3	3	records/p3/flag-certificates/108109907.json
-108273279	3	3	3	records/p3/flag-certificates/108273279.json
-108289923	3	3	3	records/p3/flag-certificates/108289923.json
-108315995	3	3	9	records/p3/flag-certificates/108315995.json
-108518063	3	3	9	records/p3/flag-certificates/108518063.json
-108526127	3	3	3	records/p3/flag-certificates/108526127.json
-108627752	3	3	3	records/p3/flag-certificates/108627752.json
-108654647	3	3	3	records/p3/flag-certificates/108654647.json
-108803464	3	3	3	records/p3/flag-certificates/108803464.json
-108890715	3	3	27	records/p3/flag-certificates/108890715.json
-109036687	3	3	9	records/p3/flag-certificates/109036687.json
-109060195	3	3	729	records/p3/flag-certificates/109060195.json
-109414808	3	3	3	records/p3/flag-certificates/109414808.json
-109587704	3	3	3	records/p3/flag-certificates/109587704.json
-109970463	3	3	3	records/p3/flag-certificates/109970463.json
-110021687	3	3	3	records/p3/flag-certificates/110021687.json
-110317755	3	3	3	records/p3/flag-certificates/110317755.json
-110398423	3	3	3	records/p3/flag-certificates/110398423.json
-110426808	3	3	3	records/p3/flag-certificates/110426808.json
-110554211	3	3	27	records/p3/flag-certificates/110554211.json
-110800772	3	3	3	records/p3/flag-certificates/110800772.json
-110870967	3	3	3	records/p3/flag-certificates/110870967.json
-110899864	3	3	3	records/p3/flag-certificates/110899864.json
-110992667	3	3	3	records/p3/flag-certificates/110992667.json
-111043195	3	3	3	records/p3/flag-certificates/111043195.json
-111199539	3	3	3	records/p3/flag-certificates/111199539.json
-111234260	3	3	3	records/p3/flag-certificates/111234260.json
-111442868	3	3	3	records/p3/flag-certificates/111442868.json
-111677988	3	3	3	records/p3/flag-certificates/111677988.json
-111690015	3	3	3	records/p3/flag-certificates/111690015.json
-111900819	3	3	3	records/p3/flag-certificates/111900819.json
-112047087	3	3	3	records/p3/flag-certificates/112047087.json
-112059944	3	3	3	records/p3/flag-certificates/112059944.json
-112072984	3	3	9	records/p3/flag-certificates/112072984.json
-112112119	3	3	3	records/p3/flag-certificates/112112119.json
-112117351	3	3	3	records/p3/flag-certificates/112117351.json
-112121876	3	3	3	records/p3/flag-certificates/112121876.json
-112363203	3	3	3	records/p3/flag-certificates/112363203.json
-112547220	3	3	3	records/p3/flag-certificates/112547220.json
-112723355	3	3	3	records/p3/flag-certificates/112723355.json
-112889387	3	3	3	records/p3/flag-certificates/112889387.json
-112992004	3	3	3	records/p3/flag-certificates/112992004.json
-113007880	3	3	3	records/p3/flag-certificates/113007880.json
-113096244	3	3	729	records/p3/flag-certificates/113096244.json
-113156599	3	3	3	records/p3/flag-certificates/113156599.json
-113221139	3	3	3	records/p3/flag-certificates/113221139.json
-113259832	3	3	3	records/p3/flag-certificates/113259832.json
-113490499	3	3	3	records/p3/flag-certificates/113490499.json
-113540959	3	3	3	records/p3/flag-certificates/113540959.json
-113890891	3	3	3	records/p3/flag-certificates/113890891.json
-114080251	3	3	3	records/p3/flag-certificates/114080251.json
-114100019	3	3	3	records/p3/flag-certificates/114100019.json
-114178515	3	3	3	records/p3/flag-certificates/114178515.json
-114292127	3	3	27	records/p3/flag-certificates/114292127.json
-114296595	3	3	3	records/p3/flag-certificates/114296595.json
-114514807	3	3	3	records/p3/flag-certificates/114514807.json
-114536483	3	3	3	records/p3/flag-certificates/114536483.json
-114574879	3	3	3	records/p3/flag-certificates/114574879.json
-114601055	3	3	3	records/p3/flag-certificates/114601055.json
-114610335	3	3	3	records/p3/flag-certificates/114610335.json
-114622887	3	3	3	records/p3/flag-certificates/114622887.json
-115001783	3	3	3	records/p3/flag-certificates/115001783.json
-115026215	3	3	3	records/p3/flag-certificates/115026215.json
-115076040	3	3	3	records/p3/flag-certificates/115076040.json
-115205367	3	3	3	records/p3/flag-certificates/115205367.json
-115329767	3	3	3	records/p3/flag-certificates/115329767.json
-115516059	3	3	3	records/p3/flag-certificates/115516059.json
-115566587	3	3	3	records/p3/flag-certificates/115566587.json
-115737043	3	3	27	records/p3/flag-certificates/115737043.json
-115915967	3	3	3	records/p3/flag-certificates/115915967.json
-116208379	3	3	3	records/p3/flag-certificates/116208379.json
-116256163	3	3	3	records/p3/flag-certificates/116256163.json
-116313160	3	3	3	records/p3/flag-certificates/116313160.json
-116537768	3	3	3	records/p3/flag-certificates/116537768.json
-116689115	3	3	3	records/p3/flag-certificates/116689115.json
-116872171	3	3	9	records/p3/flag-certificates/116872171.json
-117126383	3	3	3	records/p3/flag-certificates/117126383.json
-117211048	3	3	3	records/p3/flag-certificates/117211048.json
-117413191	3	3	3	records/p3/flag-certificates/117413191.json
-117917147	3	3	3	records/p3/flag-certificates/117917147.json
-118035051	3	3	2187	records/p3/flag-certificates/118035051.json
-118111703	3	3	3	records/p3/flag-certificates/118111703.json
-118364216	3	3	81	records/p3/flag-certificates/118364216.json
-118414067	3	3	3	records/p3/flag-certificates/118414067.json
-118426632	3	3	3	records/p3/flag-certificates/118426632.json
-118540135	3	3	3	records/p3/flag-certificates/118540135.json
-118625620	3	3	243	records/p3/flag-certificates/118625620.json
-118706147	3	3	3	records/p3/flag-certificates/118706147.json
-118820856	3	3	3	records/p3/flag-certificates/118820856.json
-118874888	3	3	3	records/p3/flag-certificates/118874888.json
-119070947	3	3	3	records/p3/flag-certificates/119070947.json
-119182840	3	3	3	records/p3/flag-certificates/119182840.json
-119208040	3	3	3	records/p3/flag-certificates/119208040.json
-119422468	3	3	9	records/p3/flag-certificates/119422468.json
-119439427	3	3	3	records/p3/flag-certificates/119439427.json
-119771843	3	3	3	records/p3/flag-certificates/119771843.json
-119850047	3	3	3	records/p3/flag-certificates/119850047.json
-119879459	3	3	3	records/p3/flag-certificates/119879459.json
-119905627	3	3	3	records/p3/flag-certificates/119905627.json
-120085699	3	3	3	records/p3/flag-certificates/120085699.json
-120214447	3	3	3	records/p3/flag-certificates/120214447.json
-120291131	3	3	3	records/p3/flag-certificates/120291131.json
-120423796	3	3	3	records/p3/flag-certificates/120423796.json
-120457012	3	3	3	records/p3/flag-certificates/120457012.json
-120727867	3	3	3	records/p3/flag-certificates/120727867.json
-120755064	3	3	3	records/p3/flag-certificates/120755064.json
-120779123	3	3	3	records/p3/flag-certificates/120779123.json
-120906347	3	3	3	records/p3/flag-certificates/120906347.json
-120976943	3	3	3	records/p3/flag-certificates/120976943.json
-121013764	3	3	9	records/p3/flag-certificates/121013764.json
-121212515	3	3	3	records/p3/flag-certificates/121212515.json
-121270235	3	3	9	records/p3/flag-certificates/121270235.json
-121295560	3	3	81	records/p3/flag-certificates/121295560.json
-121382643	3	3	3	records/p3/flag-certificates/121382643.json
-121462739	3	3	9	records/p3/flag-certificates/121462739.json
-121494820	3	3	3	records/p3/flag-certificates/121494820.json
-121599127	3	3	3	records/p3/flag-certificates/121599127.json
-121791091	3	3	9	records/p3/flag-certificates/121791091.json
-122084895	3	3	3	records/p3/flag-certificates/122084895.json
-122237763	3	3	3	records/p3/flag-certificates/122237763.json
-122333143	3	3	3	records/p3/flag-certificates/122333143.json
-122340311	3	3	3	records/p3/flag-certificates/122340311.json
-122380811	3	3	3	records/p3/flag-certificates/122380811.json
-122400367	3	3	3	records/p3/flag-certificates/122400367.json
-122563911	3	3	3	records/p3/flag-certificates/122563911.json
-122592871	3	3	3	records/p3/flag-certificates/122592871.json
-122594963	3	3	3	records/p3/flag-certificates/122594963.json
-122641927	3	3	3	records/p3/flag-certificates/122641927.json
-122739448	3	3	9	records/p3/flag-certificates/122739448.json
-122818616	3	3	3	records/p3/flag-certificates/122818616.json
-122836171	3	3	3	records/p3/flag-certificates/122836171.json
-122845123	3	3	3	records/p3/flag-certificates/122845123.json
-122924623	3	3	3	records/p3/flag-certificates/122924623.json
-123088355	3	3	3	records/p3/flag-certificates/123088355.json
-123418083	3	3	81	records/p3/flag-certificates/123418083.json
-123437656	3	3	3	records/p3/flag-certificates/123437656.json
-123440727	3	3	3	records/p3/flag-certificates/123440727.json
-123652535	3	3	3	records/p3/flag-certificates/123652535.json
-123673460	3	3	3	records/p3/flag-certificates/123673460.json
-123698584	3	3	3	records/p3/flag-certificates/123698584.json
-123712095	3	3	3	records/p3/flag-certificates/123712095.json
-124260783	3	3	6561	records/p3/flag-certificates/124260783.json
-124438679	3	3	27	records/p3/flag-certificates/124438679.json
-124479319	3	3	3	records/p3/flag-certificates/124479319.json
-124586023	3	3	3	records/p3/flag-certificates/124586023.json
-124789384	3	3	3	records/p3/flag-certificates/124789384.json
-124971331	3	3	3	records/p3/flag-certificates/124971331.json
-125146031	3	3	3	records/p3/flag-certificates/125146031.json
-125151859	3	3	3	records/p3/flag-certificates/125151859.json
-125187496	3	3	3	records/p3/flag-certificates/125187496.json
-125261035	3	3	3	records/p3/flag-certificates/125261035.json
-125266235	3	3	3	records/p3/flag-certificates/125266235.json
-125333412	3	3	3	records/p3/flag-certificates/125333412.json
-125389496	3	3	3	records/p3/flag-certificates/125389496.json
-125474071	3	3	3	records/p3/flag-certificates/125474071.json
-125599604	3	3	3	records/p3/flag-certificates/125599604.json
-125932691	3	3	3	records/p3/flag-certificates/125932691.json
-125982391	3	3	3	records/p3/flag-certificates/125982391.json
-126078459	3	3	3	records/p3/flag-certificates/126078459.json
-126160744	3	3	3	records/p3/flag-certificates/126160744.json
-126190095	3	3	3	records/p3/flag-certificates/126190095.json
-126207064	3	3	3	records/p3/flag-certificates/126207064.json
-126247035	3	3	3	records/p3/flag-certificates/126247035.json
-126395447	3	3	3	records/p3/flag-certificates/126395447.json
-126441247	3	3	3	records/p3/flag-certificates/126441247.json
-126453544	3	3	3	records/p3/flag-certificates/126453544.json
-126488119	3	3	3	records/p3/flag-certificates/126488119.json
-126533428	3	3	3	records/p3/flag-certificates/126533428.json
-126680395	3	3	3	records/p3/flag-certificates/126680395.json
-126757480	3	3	3	records/p3/flag-certificates/126757480.json
-126842071	3	3	3	records/p3/flag-certificates/126842071.json
-126931407	3	3	3	records/p3/flag-certificates/126931407.json
-126946959	3	3	3	records/p3/flag-certificates/126946959.json
-127001507	3	3	3	records/p3/flag-certificates/127001507.json
-127083363	3	3	3	records/p3/flag-certificates/127083363.json
-127179368	3	3	3	records/p3/flag-certificates/127179368.json
-127214419	3	3	3	records/p3/flag-certificates/127214419.json
-127775543	3	3	3	records/p3/flag-certificates/127775543.json
-127780203	3	3	3	records/p3/flag-certificates/127780203.json
-127839299	3	3	3	records/p3/flag-certificates/127839299.json
-127863723	3	3	3	records/p3/flag-certificates/127863723.json
-128173971	3	3	3	records/p3/flag-certificates/128173971.json
-128219291	3	3	3	records/p3/flag-certificates/128219291.json
-128264243	3	3	3	records/p3/flag-certificates/128264243.json
-128297731	3	3	3	records/p3/flag-certificates/128297731.json
-128400095	3	3	3	records/p3/flag-certificates/128400095.json
-128551556	3	3	3	records/p3/flag-certificates/128551556.json
-128568632	3	3	3	records/p3/flag-certificates/128568632.json
-128791076	3	3	3	records/p3/flag-certificates/128791076.json
-128873467	3	3	3	records/p3/flag-certificates/128873467.json
-128942504	3	3	3	records/p3/flag-certificates/128942504.json
-129052759	3	3	3	records/p3/flag-certificates/129052759.json
-129346591	3	3	3	records/p3/flag-certificates/129346591.json
-129465544	3	3	3	records/p3/flag-certificates/129465544.json
-129545647	3	3	3	records/p3/flag-certificates/129545647.json
-129566823	3	3	3	records/p3/flag-certificates/129566823.json
-129621827	3	3	3	records/p3/flag-certificates/129621827.json
-129800404	3	3	3	records/p3/flag-certificates/129800404.json
-129853060	3	3	3	records/p3/flag-certificates/129853060.json
-130106879	3	3	3	records/p3/flag-certificates/130106879.json
-130287111	3	3	3	records/p3/flag-certificates/130287111.json
-130323587	3	3	3	records/p3/flag-certificates/130323587.json
-130841668	3	3	3	records/p3/flag-certificates/130841668.json
-130981476	3	3	3	records/p3/flag-certificates/130981476.json
-131296148	3	3	3	records/p3/flag-certificates/131296148.json
-131379251	3	3	3	records/p3/flag-certificates/131379251.json
-131461883	3	3	9	records/p3/flag-certificates/131461883.json
-131484740	3	3	3	records/p3/flag-certificates/131484740.json
-131662371	3	3	3	records/p3/flag-certificates/131662371.json
-131789608	3	3	3	records/p3/flag-certificates/131789608.json
-131842299	3	3	3	records/p3/flag-certificates/131842299.json
-132000548	3	3	3	records/p3/flag-certificates/132000548.json
-132067304	3	3	3	records/p3/flag-certificates/132067304.json
-132085951	3	3	3	records/p3/flag-certificates/132085951.json
-132163268	3	3	3	records/p3/flag-certificates/132163268.json
-132309544	3	3	3	records/p3/flag-certificates/132309544.json
-132473940	3	3	3	records/p3/flag-certificates/132473940.json
-132535283	3	3	3	records/p3/flag-certificates/132535283.json
-132748228	3	3	3	records/p3/flag-certificates/132748228.json
-132799179	3	3	3	records/p3/flag-certificates/132799179.json
-132948888	3	3	3	records/p3/flag-certificates/132948888.json
-132975815	3	3	9	records/p3/flag-certificates/132975815.json
-133331928	3	3	3	records/p3/flag-certificates/133331928.json
-133574847	3	3	9	records/p3/flag-certificates/133574847.json
-133667087	3	3	3	records/p3/flag-certificates/133667087.json
-133746671	3	3	3	records/p3/flag-certificates/133746671.json
-133920551	3	3	3	records/p3/flag-certificates/133920551.json
-133989187	3	3	3	records/p3/flag-certificates/133989187.json
-134216987	3	3	3	records/p3/flag-certificates/134216987.json
-134217247	3	3	3	records/p3/flag-certificates/134217247.json
-134400324	3	3	3	records/p3/flag-certificates/134400324.json
-134705176	3	3	3	records/p3/flag-certificates/134705176.json
-134937604	3	3	3	records/p3/flag-certificates/134937604.json
-134937803	3	3	3	records/p3/flag-certificates/134937803.json
-135130999	3	3	3	records/p3/flag-certificates/135130999.json
-135235988	3	3	3	records/p3/flag-certificates/135235988.json
-135448979	3	3	3	records/p3/flag-certificates/135448979.json
-135496963	3	3	3	records/p3/flag-certificates/135496963.json
-135547519	3	3	9	records/p3/flag-certificates/135547519.json
-135618612	3	3	3	records/p3/flag-certificates/135618612.json
-135672259	3	3	3	records/p3/flag-certificates/135672259.json
-135761647	3	3	243	records/p3/flag-certificates/135761647.json
-135813691	3	3	3	records/p3/flag-certificates/135813691.json
-135838324	3	3	3	records/p3/flag-certificates/135838324.json
-135896664	3	3	3	records/p3/flag-certificates/135896664.json
-135912067	3	3	3	records/p3/flag-certificates/135912067.json
-135942127	3	3	3	records/p3/flag-certificates/135942127.json
-135992867	3	3	3	records/p3/flag-certificates/135992867.json
-136151583	3	3	3	records/p3/flag-certificates/136151583.json
-136153111	3	3	9	records/p3/flag-certificates/136153111.json
-136256647	3	3	3	records/p3/flag-certificates/136256647.json
-136282463	3	3	3	records/p3/flag-certificates/136282463.json
-136687508	3	3	3	records/p3/flag-certificates/136687508.json
-136878251	3	3	3	records/p3/flag-certificates/136878251.json
-137007843	3	3	9	records/p3/flag-certificates/137007843.json
-137170183	3	3	3	records/p3/flag-certificates/137170183.json
-137291476	3	3	3	records/p3/flag-certificates/137291476.json
-137353544	3	3	3	records/p3/flag-certificates/137353544.json
-137394091	3	3	3	records/p3/flag-certificates/137394091.json
-137436724	3	3	3	records/p3/flag-certificates/137436724.json
-137672011	3	3	3	records/p3/flag-certificates/137672011.json
-137738792	3	3	3	records/p3/flag-certificates/137738792.json
-137896439	3	3	3	records/p3/flag-certificates/137896439.json
-138387395	3	3	3	records/p3/flag-certificates/138387395.json
-138394136	3	3	3	records/p3/flag-certificates/138394136.json
-138431976	3	3	3	records/p3/flag-certificates/138431976.json
-138603587	3	3	3	records/p3/flag-certificates/138603587.json
-138650388	3	3	3	records/p3/flag-certificates/138650388.json
-138690547	3	3	3	records/p3/flag-certificates/138690547.json
-138697355	3	3	3	records/p3/flag-certificates/138697355.json
-138814971	3	3	9	records/p3/flag-certificates/138814971.json
-139160659	3	3	3	records/p3/flag-certificates/139160659.json
-139353252	3	3	3	records/p3/flag-certificates/139353252.json
-139457363	3	3	3	records/p3/flag-certificates/139457363.json
-139509247	3	3	3	records/p3/flag-certificates/139509247.json
-139713832	3	3	3	records/p3/flag-certificates/139713832.json
-139725491	3	3	9	records/p3/flag-certificates/139725491.json
-139758459	3	3	3	records/p3/flag-certificates/139758459.json
-139791739	3	3	3	records/p3/flag-certificates/139791739.json
-140037972	3	3	3	records/p3/flag-certificates/140037972.json
-140168771	3	3	9	records/p3/flag-certificates/140168771.json
-140196739	3	3	3	records/p3/flag-certificates/140196739.json
-140313171	3	3	9	records/p3/flag-certificates/140313171.json
-140367832	3	3	9	records/p3/flag-certificates/140367832.json
-140507383	3	3	3	records/p3/flag-certificates/140507383.json
-140559544	3	3	3	records/p3/flag-certificates/140559544.json
-140623051	3	3	3	records/p3/flag-certificates/140623051.json
-140655747	3	3	243	records/p3/flag-certificates/140655747.json
-140768771	3	3	6561	records/p3/flag-certificates/140768771.json
-140813643	3	3	3	records/p3/flag-certificates/140813643.json
-140987188	3	3	3	records/p3/flag-certificates/140987188.json
-141000955	3	3	3	records/p3/flag-certificates/141000955.json
-141178143	3	3	3	records/p3/flag-certificates/141178143.json
-141241443	3	3	9	records/p3/flag-certificates/141241443.json
-141624232	3	3	3	records/p3/flag-certificates/141624232.json
-141723403	3	3	9	records/p3/flag-certificates/141723403.json
-141772615	3	3	3	records/p3/flag-certificates/141772615.json
-141950147	3	3	3	records/p3/flag-certificates/141950147.json
-141960027	3	3	3	records/p3/flag-certificates/141960027.json
-141976823	3	3	3	records/p3/flag-certificates/141976823.json
-142014499	3	3	3	records/p3/flag-certificates/142014499.json
-142270239	3	3	3	records/p3/flag-certificates/142270239.json
-142545871	3	3	3	records/p3/flag-certificates/142545871.json
-142650951	3	3	2187	records/p3/flag-certificates/142650951.json
-142705139	3	3	3	records/p3/flag-certificates/142705139.json
-142722836	3	3	3	records/p3/flag-certificates/142722836.json
-142829491	3	3	3	records/p3/flag-certificates/142829491.json
-143011787	3	3	3	records/p3/flag-certificates/143011787.json
-143153812	3	3	3	records/p3/flag-certificates/143153812.json
-143294291	3	3	3	records/p3/flag-certificates/143294291.json
-143306932	3	3	3	records/p3/flag-certificates/143306932.json
-143390452	3	3	3	records/p3/flag-certificates/143390452.json
-143506884	3	3	3	records/p3/flag-certificates/143506884.json
-143509683	3	3	3	records/p3/flag-certificates/143509683.json
-143862803	3	3	3	records/p3/flag-certificates/143862803.json
-144024031	3	3	3	records/p3/flag-certificates/144024031.json
-144095547	3	3	3	records/p3/flag-certificates/144095547.json
-144115476	3	3	3	records/p3/flag-certificates/144115476.json
-144178420	3	3	3	records/p3/flag-certificates/144178420.json
-144317791	3	3	3	records/p3/flag-certificates/144317791.json
-144346308	3	3	3	records/p3/flag-certificates/144346308.json
-144352228	3	3	3	records/p3/flag-certificates/144352228.json
-144449419	3	3	27	records/p3/flag-certificates/144449419.json
-144523723	3	3	3	records/p3/flag-certificates/144523723.json
-144664899	3	3	3	records/p3/flag-certificates/144664899.json
-144708547	3	3	27	records/p3/flag-certificates/144708547.json
-144910303	3	3	3	records/p3/flag-certificates/144910303.json
-145170008	3	3	3	records/p3/flag-certificates/145170008.json
-145281736	3	3	3	records/p3/flag-certificates/145281736.json
-145379719	3	3	3	records/p3/flag-certificates/145379719.json
-145391423	3	3	3	records/p3/flag-certificates/145391423.json
-145537655	3	3	3	records/p3/flag-certificates/145537655.json
-145694455	3	3	3	records/p3/flag-certificates/145694455.json
-145761028	3	3	3	records/p3/flag-certificates/145761028.json
-146144183	3	3	3	records/p3/flag-certificates/146144183.json
-146175455	3	3	3	records/p3/flag-certificates/146175455.json
-146215079	3	3	3	records/p3/flag-certificates/146215079.json
-146767151	3	3	3	records/p3/flag-certificates/146767151.json
-146904195	3	3	3	records/p3/flag-certificates/146904195.json
-146969896	3	3	3	records/p3/flag-certificates/146969896.json
-147106619	3	3	3	records/p3/flag-certificates/147106619.json
-147203607	3	3	3	records/p3/flag-certificates/147203607.json
-147223524	3	3	3	records/p3/flag-certificates/147223524.json
-147278003	3	3	3	records/p3/flag-certificates/147278003.json
-147288551	3	3	3	records/p3/flag-certificates/147288551.json
-147430363	3	3	3	records/p3/flag-certificates/147430363.json
-147488884	3	3	3	records/p3/flag-certificates/147488884.json
-147619732	3	3	3	records/p3/flag-certificates/147619732.json
-147634791	3	3	27	records/p3/flag-certificates/147634791.json
-147671428	3	3	3	records/p3/flag-certificates/147671428.json
-147833688	3	3	9	records/p3/flag-certificates/147833688.json
-147848471	3	3	3	records/p3/flag-certificates/147848471.json
-147863908	3	3	3	records/p3/flag-certificates/147863908.json
-148015928	3	3	3	records/p3/flag-certificates/148015928.json
-148077199	3	3	3	records/p3/flag-certificates/148077199.json
-148183412	3	3	3	records/p3/flag-certificates/148183412.json
-148232379	3	3	3	records/p3/flag-certificates/148232379.json
-148326260	3	3	3	records/p3/flag-certificates/148326260.json
-148371684	3	3	3	records/p3/flag-certificates/148371684.json
-148374067	3	3	3	records/p3/flag-certificates/148374067.json
-148447176	3	3	3	records/p3/flag-certificates/148447176.json
-148459339	3	3	3	records/p3/flag-certificates/148459339.json
-148590251	3	3	9	records/p3/flag-certificates/148590251.json
-148670884	3	3	3	records/p3/flag-certificates/148670884.json
-148826372	3	3	3	records/p3/flag-certificates/148826372.json
-148847668	3	3	3	records/p3/flag-certificates/148847668.json
-148917919	3	3	3	records/p3/flag-certificates/148917919.json
-148919560	3	3	9	records/p3/flag-certificates/148919560.json
-149065343	3	3	3	records/p3/flag-certificates/149065343.json
-149126459	3	3	3	records/p3/flag-certificates/149126459.json
-149168660	3	3	3	records/p3/flag-certificates/149168660.json
-149225315	3	3	3	records/p3/flag-certificates/149225315.json
-149292411	3	3	3	records/p3/flag-certificates/149292411.json
-149499255	3	3	3	records/p3/flag-certificates/149499255.json
-149614899	3	3	81	records/p3/flag-certificates/149614899.json
-149839763	3	3	3	records/p3/flag-certificates/149839763.json
-149845791	3	3	3	records/p3/flag-certificates/149845791.json
-149876552	3	3	3	records/p3/flag-certificates/149876552.json
-149896580	3	3	3	records/p3/flag-certificates/149896580.json
-149898920	3	3	81	records/p3/flag-certificates/149898920.json
-149969224	3	3	3	records/p3/flag-certificates/149969224.json
-150029755	3	3	81	records/p3/flag-certificates/150029755.json
-150037588	3	3	3	records/p3/flag-certificates/150037588.json
-150102607	3	3	9	records/p3/flag-certificates/150102607.json
-150119711	3	3	3	records/p3/flag-certificates/150119711.json
-150248959	3	3	27	records/p3/flag-certificates/150248959.json
-150266123	3	3	3	records/p3/flag-certificates/150266123.json
-150517588	3	3	3	records/p3/flag-certificates/150517588.json
-150560363	3	3	3	records/p3/flag-certificates/150560363.json
-150811763	3	3	3	records/p3/flag-certificates/150811763.json
-150978931	3	3	3	records/p3/flag-certificates/150978931.json
-151213531	3	3	3	records/p3/flag-certificates/151213531.json
-151285703	3	3	9	records/p3/flag-certificates/151285703.json
-151310607	3	3	9	records/p3/flag-certificates/151310607.json
-151326223	3	3	3	records/p3/flag-certificates/151326223.json
-151328355	3	3	81	records/p3/flag-certificates/151328355.json
-151418068	3	3	3	records/p3/flag-certificates/151418068.json
-151431927	3	3	3	records/p3/flag-certificates/151431927.json
-151601656	3	3	3	records/p3/flag-certificates/151601656.json
-151793279	3	3	3	records/p3/flag-certificates/151793279.json
-151931352	3	3	3	records/p3/flag-certificates/151931352.json
-152129903	3	3	3	records/p3/flag-certificates/152129903.json
-152141831	3	3	3	records/p3/flag-certificates/152141831.json
-152170691	3	3	3	records/p3/flag-certificates/152170691.json
-152326968	3	3	3	records/p3/flag-certificates/152326968.json
-152566824	3	3	3	records/p3/flag-certificates/152566824.json
-152590867	3	3	3	records/p3/flag-certificates/152590867.json
-152714811	3	3	3	records/p3/flag-certificates/152714811.json
-152816443	3	3	243	records/p3/flag-certificates/152816443.json
-152905127	3	3	3	records/p3/flag-certificates/152905127.json
-153042728	3	3	3	records/p3/flag-certificates/153042728.json
-153198052	3	3	3	records/p3/flag-certificates/153198052.json
-153302195	3	3	3	records/p3/flag-certificates/153302195.json
-153313240	3	3	3	records/p3/flag-certificates/153313240.json
-153480415	3	3	3	records/p3/flag-certificates/153480415.json
-153519367	3	3	3	records/p3/flag-certificates/153519367.json
-153943012	3	3	9	records/p3/flag-certificates/153943012.json
-154046179	3	3	3	records/p3/flag-certificates/154046179.json
-154287143	3	3	3	records/p3/flag-certificates/154287143.json
-154377755	3	3	3	records/p3/flag-certificates/154377755.json
-154481732	3	3	3	records/p3/flag-certificates/154481732.json
-154698484	3	3	3	records/p3/flag-certificates/154698484.json
-154876207	3	3	3	records/p3/flag-certificates/154876207.json
-154983683	3	3	3	records/p3/flag-certificates/154983683.json
-155025784	3	3	3	records/p3/flag-certificates/155025784.json
-155075539	3	3	3	records/p3/flag-certificates/155075539.json
-155118372	3	3	3	records/p3/flag-certificates/155118372.json
-155125299	3	3	3	records/p3/flag-certificates/155125299.json
-155128595	3	3	9	records/p3/flag-certificates/155128595.json
-155183059	3	3	3	records/p3/flag-certificates/155183059.json
-155329032	3	3	9	records/p3/flag-certificates/155329032.json
-155523399	3	3	3	records/p3/flag-certificates/155523399.json
-155535991	3	3	3	records/p3/flag-certificates/155535991.json
-155631895	3	3	3	records/p3/flag-certificates/155631895.json
-155694552	3	3	3	records/p3/flag-certificates/155694552.json
-155849707	3	3	3	records/p3/flag-certificates/155849707.json
-156042111	3	3	3	records/p3/flag-certificates/156042111.json
-156057779	3	3	3	records/p3/flag-certificates/156057779.json
-156143667	3	3	3	records/p3/flag-certificates/156143667.json
-156193879	3	3	3	records/p3/flag-certificates/156193879.json
-156225839	3	3	3	records/p3/flag-certificates/156225839.json
-156396211	3	3	3	records/p3/flag-certificates/156396211.json
-156418328	3	3	3	records/p3/flag-certificates/156418328.json
-156532271	3	3	3	records/p3/flag-certificates/156532271.json
-156684559	3	3	9	records/p3/flag-certificates/156684559.json
-156971831	3	3	3	records/p3/flag-certificates/156971831.json
-157096916	3	3	3	records/p3/flag-certificates/157096916.json
-157196355	3	3	3	records/p3/flag-certificates/157196355.json
-157236043	3	3	3	records/p3/flag-certificates/157236043.json
-157301587	3	3	3	records/p3/flag-certificates/157301587.json
-157315523	3	3	9	records/p3/flag-certificates/157315523.json
-157316487	3	3	3	records/p3/flag-certificates/157316487.json
-157658059	3	3	3	records/p3/flag-certificates/157658059.json
-157734627	3	3	3	records/p3/flag-certificates/157734627.json
-157759203	3	3	3	records/p3/flag-certificates/157759203.json
-157790728	3	3	3	records/p3/flag-certificates/157790728.json
-157818392	3	3	3	records/p3/flag-certificates/157818392.json
-157925364	3	3	3	records/p3/flag-certificates/157925364.json
-158030527	3	3	3	records/p3/flag-certificates/158030527.json
-158043283	3	3	3	records/p3/flag-certificates/158043283.json
-158410088	3	3	9	records/p3/flag-certificates/158410088.json
-158480488	3	3	3	records/p3/flag-certificates/158480488.json
-158568063	3	3	3	records/p3/flag-certificates/158568063.json
-158712740	3	3	3	records/p3/flag-certificates/158712740.json
-158907844	3	3	3	records/p3/flag-certificates/158907844.json
-159035703	3	3	3	records/p3/flag-certificates/159035703.json
-159059928	3	3	3	records/p3/flag-certificates/159059928.json
-159120831	3	3	3	records/p3/flag-certificates/159120831.json
-159183431	3	3	3	records/p3/flag-certificates/159183431.json
-159264212	3	3	3	records/p3/flag-certificates/159264212.json
-159518299	3	3	3	records/p3/flag-certificates/159518299.json
-159552807	3	3	9	records/p3/flag-certificates/159552807.json
-159566963	3	3	3	records/p3/flag-certificates/159566963.json
-159919223	3	3	3	records/p3/flag-certificates/159919223.json
-159937095	3	3	3	records/p3/flag-certificates/159937095.json
-159977627	3	3	3	records/p3/flag-certificates/159977627.json
-159983764	3	3	3	records/p3/flag-certificates/159983764.json
-160005791	3	3	3	records/p3/flag-certificates/160005791.json
-160203255	3	3	3	records/p3/flag-certificates/160203255.json
-160265044	3	3	3	records/p3/flag-certificates/160265044.json
-160327995	3	3	3	records/p3/flag-certificates/160327995.json
-160496276	3	3	3	records/p3/flag-certificates/160496276.json
-160504687	3	3	3	records/p3/flag-certificates/160504687.json
-160747208	3	3	3	records/p3/flag-certificates/160747208.json
-160794955	3	3	3	records/p3/flag-certificates/160794955.json
-161268388	3	3	3	records/p3/flag-certificates/161268388.json
-161434111	3	3	3	records/p3/flag-certificates/161434111.json
-161631311	3	3	3	records/p3/flag-certificates/161631311.json
-162002355	3	3	3	records/p3/flag-certificates/162002355.json
-162102223	3	3	3	records/p3/flag-certificates/162102223.json
-162404267	3	3	3	records/p3/flag-certificates/162404267.json
-162632559	3	3	3	records/p3/flag-certificates/162632559.json
-162705839	3	3	3	records/p3/flag-certificates/162705839.json
-162763288	3	3	3	records/p3/flag-certificates/162763288.json
-162856443	3	3	3	records/p3/flag-certificates/162856443.json
-162898612	3	3	3	records/p3/flag-certificates/162898612.json
-162946099	3	3	3	records/p3/flag-certificates/162946099.json
-163076963	3	3	3	records/p3/flag-certificates/163076963.json
-163092068	3	3	3	records/p3/flag-certificates/163092068.json
-163466895	3	3	3	records/p3/flag-certificates/163466895.json
-163742451	3	3	3	records/p3/flag-certificates/163742451.json
-163766039	3	3	27	records/p3/flag-certificates/163766039.json
-163904980	3	3	3	records/p3/flag-certificates/163904980.json
-163967847	3	3	3	records/p3/flag-certificates/163967847.json
-164016836	3	3	9	records/p3/flag-certificates/164016836.json
-164081444	3	3	3	records/p3/flag-certificates/164081444.json
-164176007	3	3	3	records/p3/flag-certificates/164176007.json
-164346863	3	3	3	records/p3/flag-certificates/164346863.json
-164379379	3	3	3	records/p3/flag-certificates/164379379.json
-164677748	3	3	3	records/p3/flag-certificates/164677748.json
-164782543	3	3	3	records/p3/flag-certificates/164782543.json
-164831348	3	3	3	records/p3/flag-certificates/164831348.json
-164922935	3	3	3	records/p3/flag-certificates/164922935.json
-164952155	3	3	3	records/p3/flag-certificates/164952155.json
-165077195	3	3	3	records/p3/flag-certificates/165077195.json
-165190723	3	3	3	records/p3/flag-certificates/165190723.json
-165241615	3	3	3	records/p3/flag-certificates/165241615.json
-165279163	3	3	3	records/p3/flag-certificates/165279163.json
-165352883	3	3	3	records/p3/flag-certificates/165352883.json
-165450503	3	3	3	records/p3/flag-certificates/165450503.json
-165487636	3	3	3	records/p3/flag-certificates/165487636.json
-165578919	3	3	3	records/p3/flag-certificates/165578919.json
-165626148	3	3	3	records/p3/flag-certificates/165626148.json
-165641871	3	3	9	records/p3/flag-certificates/165641871.json
-165803188	3	3	3	records/p3/flag-certificates/165803188.json
-165899471	3	3	3	records/p3/flag-certificates/165899471.json
-166008856	3	3	6561	records/p3/flag-certificates/166008856.json
-166194779	3	3	3	records/p3/flag-certificates/166194779.json
-166449560	3	3	3	records/p3/flag-certificates/166449560.json
-166662296	3	3	3	records/p3/flag-certificates/166662296.json
-166721311	3	3	3	records/p3/flag-certificates/166721311.json
-167143115	3	3	3	records/p3/flag-certificates/167143115.json
-167309283	3	3	9	records/p3/flag-certificates/167309283.json
-167362379	3	3	3	records/p3/flag-certificates/167362379.json
-167486692	3	3	3	records/p3/flag-certificates/167486692.json
-167522495	3	3	3	records/p3/flag-certificates/167522495.json
-167616283	3	3	3	records/p3/flag-certificates/167616283.json
-167676440	3	3	3	records/p3/flag-certificates/167676440.json
-167729831	3	3	3	records/p3/flag-certificates/167729831.json
-167892467	3	3	3	records/p3/flag-certificates/167892467.json
-168144596	3	3	3	records/p3/flag-certificates/168144596.json
-168228388	3	3	9	records/p3/flag-certificates/168228388.json
-168423476	3	3	3	records/p3/flag-certificates/168423476.json
-168587555	3	3	3	records/p3/flag-certificates/168587555.json
-168629363	3	3	3	records/p3/flag-certificates/168629363.json
-168674379	3	3	3	records/p3/flag-certificates/168674379.json
-168772951	3	3	3	records/p3/flag-certificates/168772951.json
-168936827	3	3	3	records/p3/flag-certificates/168936827.json
-168941587	3	3	3	records/p3/flag-certificates/168941587.json
-168954179	3	3	3	records/p3/flag-certificates/168954179.json
-169003844	3	3	3	records/p3/flag-certificates/169003844.json
-169084939	3	3	3	records/p3/flag-certificates/169084939.json
-169565003	3	3	3	records/p3/flag-certificates/169565003.json
-169683887	3	3	3	records/p3/flag-certificates/169683887.json
-169722548	3	3	27	records/p3/flag-certificates/169722548.json
-169812807	3	3	3	records/p3/flag-certificates/169812807.json
-169863899	3	3	3	records/p3/flag-certificates/169863899.json
-170093352	3	3	3	records/p3/flag-certificates/170093352.json
-170269784	3	3	3	records/p3/flag-certificates/170269784.json
-170293295	3	3	3	records/p3/flag-certificates/170293295.json
-170316407	3	3	3	records/p3/flag-certificates/170316407.json
-170475647	3	3	3	records/p3/flag-certificates/170475647.json
-170546831	3	3	3	records/p3/flag-certificates/170546831.json
-170558411	3	3	3	records/p3/flag-certificates/170558411.json
-170591747	3	3	3	records/p3/flag-certificates/170591747.json
-170641299	3	3	3	records/p3/flag-certificates/170641299.json
-171697711	3	3	3	records/p3/flag-certificates/171697711.json
-171745732	3	3	3	records/p3/flag-certificates/171745732.json
-171847172	3	3	3	records/p3/flag-certificates/171847172.json
-171891672	3	3	3	records/p3/flag-certificates/171891672.json
-172142408	3	3	3	records/p3/flag-certificates/172142408.json
-172472980	3	3	3	records/p3/flag-certificates/172472980.json
-172519139	3	3	3	records/p3/flag-certificates/172519139.json
-172535059	3	3	3	records/p3/flag-certificates/172535059.json
-172600707	3	3	3	records/p3/flag-certificates/172600707.json
-172864612	3	3	3	records/p3/flag-certificates/172864612.json
-173055459	3	3	3	records/p3/flag-certificates/173055459.json
-173395336	3	3	3	records/p3/flag-certificates/173395336.json
-173436904	3	3	3	records/p3/flag-certificates/173436904.json
-173668639	3	3	3	records/p3/flag-certificates/173668639.json
-173695507	3	3	3	records/p3/flag-certificates/173695507.json
-173728479	3	3	3	records/p3/flag-certificates/173728479.json
-173933419	3	3	3	records/p3/flag-certificates/173933419.json
-173970751	3	3	3	records/p3/flag-certificates/173970751.json
-174083503	3	3	3	records/p3/flag-certificates/174083503.json
-174180459	3	3	3	records/p3/flag-certificates/174180459.json
-174209115	3	3	3	records/p3/flag-certificates/174209115.json
-174259523	3	3	3	records/p3/flag-certificates/174259523.json
-174499367	3	3	3	records/p3/flag-certificates/174499367.json
-174716383	3	3	27	records/p3/flag-certificates/174716383.json
-174919243	3	3	3	records/p3/flag-certificates/174919243.json
-174922555	3	3	3	records/p3/flag-certificates/174922555.json
-175252199	3	3	3	records/p3/flag-certificates/175252199.json
-175374843	3	3	3	records/p3/flag-certificates/175374843.json
-175432424	3	3	3	records/p3/flag-certificates/175432424.json
-175763156	3	3	3	records/p3/flag-certificates/175763156.json
-175922643	3	3	27	records/p3/flag-certificates/175922643.json
-175960952	3	3	3	records/p3/flag-certificates/175960952.json
-176010403	3	3	3	records/p3/flag-certificates/176010403.json
-176162891	3	3	3	records/p3/flag-certificates/176162891.json
-176217427	3	3	3	records/p3/flag-certificates/176217427.json
-176265463	3	3	3	records/p3/flag-certificates/176265463.json
-176401403	3	3	243	records/p3/flag-certificates/176401403.json
-176525099	3	3	3	records/p3/flag-certificates/176525099.json
-176696123	3	3	3	records/p3/flag-certificates/176696123.json
-176778823	3	3	9	records/p3/flag-certificates/176778823.json
-176811256	3	3	3	records/p3/flag-certificates/176811256.json
-176830351	3	3	3	records/p3/flag-certificates/176830351.json
-177117767	3	3	3	records/p3/flag-certificates/177117767.json
-177140660	3	3	3	records/p3/flag-certificates/177140660.json
-177146615	3	3	3	records/p3/flag-certificates/177146615.json
-177301835	3	3	3	records/p3/flag-certificates/177301835.json
-177353432	3	3	3	records/p3/flag-certificates/177353432.json
-177867732	3	3	3	records/p3/flag-certificates/177867732.json
-177887496	3	3	3	records/p3/flag-certificates/177887496.json
-177906983	3	3	3	records/p3/flag-certificates/177906983.json
-177935896	3	3	3	records/p3/flag-certificates/177935896.json
-178005176	3	3	3	records/p3/flag-certificates/178005176.json
-178099799	3	3	3	records/p3/flag-certificates/178099799.json
-178208719	3	3	3	records/p3/flag-certificates/178208719.json
-178310356	3	3	6561	records/p3/flag-certificates/178310356.json
-178446739	3	3	3	records/p3/flag-certificates/178446739.json
-178587192	3	3	3	records/p3/flag-certificates/178587192.json
-178595732	3	3	3	records/p3/flag-certificates/178595732.json
-178717416	3	3	3	records/p3/flag-certificates/178717416.json
-178745587	3	3	3	records/p3/flag-certificates/178745587.json
-178904532	3	3	3	records/p3/flag-certificates/178904532.json
-178905743	3	3	3	records/p3/flag-certificates/178905743.json
-178913883	3	3	3	records/p3/flag-certificates/178913883.json
-179016427	3	3	3	records/p3/flag-certificates/179016427.json
-179389396	3	3	3	records/p3/flag-certificates/179389396.json
-179422799	3	3	3	records/p3/flag-certificates/179422799.json
-179458559	3	3	9	records/p3/flag-certificates/179458559.json
-179558808	3	3	3	records/p3/flag-certificates/179558808.json
-179638936	3	3	3	records/p3/flag-certificates/179638936.json
-179680511	3	3	9	records/p3/flag-certificates/179680511.json
-179722799	3	3	9	records/p3/flag-certificates/179722799.json
-179908680	3	3	9	records/p3/flag-certificates/179908680.json
-179972851	3	3	3	records/p3/flag-certificates/179972851.json
-179997667	3	3	3	records/p3/flag-certificates/179997667.json
-180175091	3	3	3	records/p3/flag-certificates/180175091.json
-180273460	3	3	3	records/p3/flag-certificates/180273460.json
-180478139	3	3	3	records/p3/flag-certificates/180478139.json
-180606567	3	3	3	records/p3/flag-certificates/180606567.json
-180757387	3	3	3	records/p3/flag-certificates/180757387.json
-180849736	3	3	3	records/p3/flag-certificates/180849736.json
-180853743	3	3	3	records/p3/flag-certificates/180853743.json
-180969287	3	3	3	records/p3/flag-certificates/180969287.json
-181118363	3	3	3	records/p3/flag-certificates/181118363.json
-181153571	3	3	3	records/p3/flag-certificates/181153571.json
-181220372	3	3	3	records/p3/flag-certificates/181220372.json
-181241707	3	3	27	records/p3/flag-certificates/181241707.json
-181286823	3	3	3	records/p3/flag-certificates/181286823.json
-181342911	3	3	3	records/p3/flag-certificates/181342911.json
-181476599	3	3	3	records/p3/flag-certificates/181476599.json
-181587503	3	3	3	records/p3/flag-certificates/181587503.json
-181588008	3	3	3	records/p3/flag-certificates/181588008.json
-181640027	3	3	3	records/p3/flag-certificates/181640027.json
-181673411	3	3	3	records/p3/flag-certificates/181673411.json
-181825823	3	3	3	records/p3/flag-certificates/181825823.json
-181896179	3	3	9	records/p3/flag-certificates/181896179.json
-181922147	3	3	9	records/p3/flag-certificates/181922147.json
-182054323	3	3	3	records/p3/flag-certificates/182054323.json
-182149179	3	3	3	records/p3/flag-certificates/182149179.json
-182164776	3	3	3	records/p3/flag-certificates/182164776.json
-182212055	3	3	3	records/p3/flag-certificates/182212055.json
-182254047	3	3	3	records/p3/flag-certificates/182254047.json
-182318531	3	3	3	records/p3/flag-certificates/182318531.json
-182388184	3	3	3	records/p3/flag-certificates/182388184.json
-182542676	3	3	3	records/p3/flag-certificates/182542676.json
-182619055	3	3	3	records/p3/flag-certificates/182619055.json
-182799908	3	3	3	records/p3/flag-certificates/182799908.json
-182853896	3	3	9	records/p3/flag-certificates/182853896.json
-182899799	3	3	3	records/p3/flag-certificates/182899799.json
-182911171	3	3	3	records/p3/flag-certificates/182911171.json
-182954767	3	3	3	records/p3/flag-certificates/182954767.json
-183140612	3	3	3	records/p3/flag-certificates/183140612.json
-183409151	3	3	3	records/p3/flag-certificates/183409151.json
-183667579	3	3	3	records/p3/flag-certificates/183667579.json
-183685731	3	3	3	records/p3/flag-certificates/183685731.json
-183701471	3	3	3	records/p3/flag-certificates/183701471.json
-183810559	3	3	3	records/p3/flag-certificates/183810559.json
-183923899	3	3	3	records/p3/flag-certificates/183923899.json
-183931791	3	3	3	records/p3/flag-certificates/183931791.json
-184082084	3	3	3	records/p3/flag-certificates/184082084.json
-184351135	3	3	3	records/p3/flag-certificates/184351135.json
-184395227	3	3	3	records/p3/flag-certificates/184395227.json
-184437784	3	3	3	records/p3/flag-certificates/184437784.json
-184651483	3	3	27	records/p3/flag-certificates/184651483.json
-184715151	3	3	9	records/p3/flag-certificates/184715151.json
-184787051	3	3	3	records/p3/flag-certificates/184787051.json
-185203607	3	3	3	records/p3/flag-certificates/185203607.json
-185310795	3	3	3	records/p3/flag-certificates/185310795.json
-185339587	3	3	729	records/p3/flag-certificates/185339587.json
-185366740	3	3	3	records/p3/flag-certificates/185366740.json
-185376984	3	3	3	records/p3/flag-certificates/185376984.json
-185452055	3	3	3	records/p3/flag-certificates/185452055.json
-185493767	3	3	3	records/p3/flag-certificates/185493767.json
-185593748	3	3	3	records/p3/flag-certificates/185593748.json
-185737816	3	3	3	records/p3/flag-certificates/185737816.json
-185745367	3	3	3	records/p3/flag-certificates/185745367.json
-185794639	3	3	3	records/p3/flag-certificates/185794639.json
-185908231	3	3	3	records/p3/flag-certificates/185908231.json
-185911063	3	3	3	records/p3/flag-certificates/185911063.json
-185974856	3	3	3	records/p3/flag-certificates/185974856.json
-186160899	3	3	3	records/p3/flag-certificates/186160899.json
-186273811	3	3	3	records/p3/flag-certificates/186273811.json
-186530207	3	3	3	records/p3/flag-certificates/186530207.json
-186585191	3	3	3	records/p3/flag-certificates/186585191.json
-186732515	3	3	3	records/p3/flag-certificates/186732515.json
-186896084	3	3	3	records/p3/flag-certificates/186896084.json
-187064291	3	3	3	records/p3/flag-certificates/187064291.json
-187136031	3	3	3	records/p3/flag-certificates/187136031.json
-187240443	3	3	3	records/p3/flag-certificates/187240443.json
-187256667	3	3	3	records/p3/flag-certificates/187256667.json
-187261944	3	3	3	records/p3/flag-certificates/187261944.json
-187345615	3	3	3	records/p3/flag-certificates/187345615.json
-187487679	3	3	3	records/p3/flag-certificates/187487679.json
-187567459	3	3	3	records/p3/flag-certificates/187567459.json
-187653551	3	3	3	records/p3/flag-certificates/187653551.json
-187856612	3	3	3	records/p3/flag-certificates/187856612.json
-187888579	3	3	9	records/p3/flag-certificates/187888579.json
-187924299	3	3	3	records/p3/flag-certificates/187924299.json
-188027396	3	3	3	records/p3/flag-certificates/188027396.json
-188159512	3	3	3	records/p3/flag-certificates/188159512.json
-188294116	3	3	3	records/p3/flag-certificates/188294116.json
-188342147	3	3	3	records/p3/flag-certificates/188342147.json
-188347123	3	3	3	records/p3/flag-certificates/188347123.json
-188409163	3	3	3	records/p3/flag-certificates/188409163.json
-188521447	3	3	3	records/p3/flag-certificates/188521447.json
-188689423	3	3	3	records/p3/flag-certificates/188689423.json
-188786283	3	3	3	records/p3/flag-certificates/188786283.json
-188874872	3	3	3	records/p3/flag-certificates/188874872.json
-188923415	3	3	3	records/p3/flag-certificates/188923415.json
-189043395	3	3	3	records/p3/flag-certificates/189043395.json
-189113140	3	3	3	records/p3/flag-certificates/189113140.json
-189378391	3	3	3	records/p3/flag-certificates/189378391.json
-189455935	3	3	3	records/p3/flag-certificates/189455935.json
-189537171	3	3	81	records/p3/flag-certificates/189537171.json
-189687759	3	3	9	records/p3/flag-certificates/189687759.json
-189791215	3	3	3	records/p3/flag-certificates/189791215.json
-190047751	3	3	3	records/p3/flag-certificates/190047751.json
-190056363	3	3	3	records/p3/flag-certificates/190056363.json
-190114552	3	3	3	records/p3/flag-certificates/190114552.json
-190539987	3	3	9	records/p3/flag-certificates/190539987.json
-190729947	3	3	3	records/p3/flag-certificates/190729947.json
-191222072	3	3	3	records/p3/flag-certificates/191222072.json
-191258143	3	3	3	records/p3/flag-certificates/191258143.json
-191379071	3	3	3	records/p3/flag-certificates/191379071.json
-191500615	3	3	3	records/p3/flag-certificates/191500615.json
-191572984	3	3	3	records/p3/flag-certificates/191572984.json
-191775716	3	3	3	records/p3/flag-certificates/191775716.json
-191852891	3	3	3	records/p3/flag-certificates/191852891.json
-192408559	3	3	3	records/p3/flag-certificates/192408559.json
-192502695	3	3	3	records/p3/flag-certificates/192502695.json
-192576376	3	3	3	records/p3/flag-certificates/192576376.json
-192619924	3	3	3	records/p3/flag-certificates/192619924.json
-192644159	3	3	9	records/p3/flag-certificates/192644159.json
-192757064	3	3	3	records/p3/flag-certificates/192757064.json
-192836527	3	3	3	records/p3/flag-certificates/192836527.json
-192884708	3	3	9	records/p3/flag-certificates/192884708.json
-192940519	3	3	3	records/p3/flag-certificates/192940519.json
-193021492	3	3	3	records/p3/flag-certificates/193021492.json
-193060583	3	3	3	records/p3/flag-certificates/193060583.json
-193067320	3	3	9	records/p3/flag-certificates/193067320.json
-193088888	3	3	3	records/p3/flag-certificates/193088888.json
-193390792	3	3	3	records/p3/flag-certificates/193390792.json
-193677635	3	3	3	records/p3/flag-certificates/193677635.json
-193717864	3	3	729	records/p3/flag-certificates/193717864.json
-193724683	3	3	3	records/p3/flag-certificates/193724683.json
-194056151	3	3	3	records/p3/flag-certificates/194056151.json
-194116724	3	3	3	records/p3/flag-certificates/194116724.json
-194186911	3	3	3	records/p3/flag-certificates/194186911.json
-194796280	3	3	3	records/p3/flag-certificates/194796280.json
-194878735	3	3	3	records/p3/flag-certificates/194878735.json
-194902340	3	3	3	records/p3/flag-certificates/194902340.json
-194940932	3	3	3	records/p3/flag-certificates/194940932.json
-195028116	3	3	3	records/p3/flag-certificates/195028116.json
-195150847	3	3	3	records/p3/flag-certificates/195150847.json
-195522791	3	3	3	records/p3/flag-certificates/195522791.json
-195733911	3	3	3	records/p3/flag-certificates/195733911.json
-195742011	3	3	9	records/p3/flag-certificates/195742011.json
-195812867	3	3	3	records/p3/flag-certificates/195812867.json
-195946071	3	3	3	records/p3/flag-certificates/195946071.json
-196019828	3	3	3	records/p3/flag-certificates/196019828.json
-196027460	3	3	3	records/p3/flag-certificates/196027460.json
-196148436	3	3	3	records/p3/flag-certificates/196148436.json
-196153635	3	3	3	records/p3/flag-certificates/196153635.json
-196237923	3	3	9	records/p3/flag-certificates/196237923.json
-196435124	3	3	3	records/p3/flag-certificates/196435124.json
-196463815	3	3	3	records/p3/flag-certificates/196463815.json
-196476104	3	3	3	records/p3/flag-certificates/196476104.json
-196531007	3	3	3	records/p3/flag-certificates/196531007.json
-196569107	3	3	3	records/p3/flag-certificates/196569107.json
-196597871	3	3	3	records/p3/flag-certificates/196597871.json
-196736856	3	3	3	records/p3/flag-certificates/196736856.json
-197004839	3	3	3	records/p3/flag-certificates/197004839.json
-197305251	3	3	3	records/p3/flag-certificates/197305251.json
-197336239	3	3	3	records/p3/flag-certificates/197336239.json
-197346507	3	3	9	records/p3/flag-certificates/197346507.json
-197380424	3	3	243	records/p3/flag-certificates/197380424.json
-197520655	3	3	9	records/p3/flag-certificates/197520655.json
-197533055	3	3	3	records/p3/flag-certificates/197533055.json
-197602267	3	3	3	records/p3/flag-certificates/197602267.json
-197631463	3	3	3	records/p3/flag-certificates/197631463.json
-197755779	3	3	3	records/p3/flag-certificates/197755779.json
-197851299	3	3	3	records/p3/flag-certificates/197851299.json
-197895156	3	3	3	records/p3/flag-certificates/197895156.json
-198110971	3	3	3	records/p3/flag-certificates/198110971.json
-198122815	3	3	3	records/p3/flag-certificates/198122815.json
-198144483	3	3	3	records/p3/flag-certificates/198144483.json
-198194747	3	3	9	records/p3/flag-certificates/198194747.json
-198235939	3	3	3	records/p3/flag-certificates/198235939.json
-198400387	3	3	3	records/p3/flag-certificates/198400387.json
-198453563	3	3	3	records/p3/flag-certificates/198453563.json
-198820263	3	3	3	records/p3/flag-certificates/198820263.json
-198860299	3	3	3	records/p3/flag-certificates/198860299.json
-198877919	3	3	3	records/p3/flag-certificates/198877919.json
-198887288	3	3	3	records/p3/flag-certificates/198887288.json
-199237908	3	3	3	records/p3/flag-certificates/199237908.json
-199309903	3	3	3	records/p3/flag-certificates/199309903.json
-199344088	3	3	3	records/p3/flag-certificates/199344088.json
-199360376	3	3	3	records/p3/flag-certificates/199360376.json
-199412979	3	3	3	records/p3/flag-certificates/199412979.json
-199477931	3	3	3	records/p3/flag-certificates/199477931.json
-199690283	3	3	9	records/p3/flag-certificates/199690283.json
-199701204	3	3	3	records/p3/flag-certificates/199701204.json
-200114851	3	3	3	records/p3/flag-certificates/200114851.json
-200150516	3	3	3	records/p3/flag-certificates/200150516.json
-200237860	3	3	3	records/p3/flag-certificates/200237860.json
-200268852	3	3	9	records/p3/flag-certificates/200268852.json
-200478803	3	3	3	records/p3/flag-certificates/200478803.json
-200522872	3	3	9	records/p3/flag-certificates/200522872.json
-200543299	3	3	3	records/p3/flag-certificates/200543299.json
-200682148	3	3	3	records/p3/flag-certificates/200682148.json
-200688139	3	3	3	records/p3/flag-certificates/200688139.json
-200762879	3	3	3	records/p3/flag-certificates/200762879.json
-200765784	3	3	3	records/p3/flag-certificates/200765784.json
-200857544	3	3	3	records/p3/flag-certificates/200857544.json
-200904807	3	3	3	records/p3/flag-certificates/200904807.json
-201153651	3	3	3	records/p3/flag-certificates/201153651.json
-201184687	3	3	3	records/p3/flag-certificates/201184687.json
-201249147	3	3	3	records/p3/flag-certificates/201249147.json
-201267635	3	3	3	records/p3/flag-certificates/201267635.json
-201509943	3	3	3	records/p3/flag-certificates/201509943.json
-201670239	3	3	3	records/p3/flag-certificates/201670239.json
-201865828	3	3	3	records/p3/flag-certificates/201865828.json
-201894591	3	3	3	records/p3/flag-certificates/201894591.json
-201944579	3	3	3	records/p3/flag-certificates/201944579.json
-202033203	3	3	3	records/p3/flag-certificates/202033203.json
-202089347	3	3	3	records/p3/flag-certificates/202089347.json
-202630007	3	3	3	records/p3/flag-certificates/202630007.json
-202646280	3	3	3	records/p3/flag-certificates/202646280.json
-202649351	3	3	3	records/p3/flag-certificates/202649351.json
-202945827	3	3	3	records/p3/flag-certificates/202945827.json
-203280547	3	3	3	records/p3/flag-certificates/203280547.json
-203333851	3	3	27	records/p3/flag-certificates/203333851.json
-203335283	3	3	3	records/p3/flag-certificates/203335283.json
-203438815	3	3	3	records/p3/flag-certificates/203438815.json
-203676712	3	3	3	records/p3/flag-certificates/203676712.json
-203768015	3	3	3	records/p3/flag-certificates/203768015.json
-203858167	3	3	3	records/p3/flag-certificates/203858167.json
-203878004	3	3	3	records/p3/flag-certificates/203878004.json
-203883711	3	3	3	records/p3/flag-certificates/203883711.json
-203991051	3	3	3	records/p3/flag-certificates/203991051.json
-204038527	3	3	3	records/p3/flag-certificates/204038527.json
-204050292	3	3	3	records/p3/flag-certificates/204050292.json
-204440583	3	3	3	records/p3/flag-certificates/204440583.json
-204507832	3	3	3	records/p3/flag-certificates/204507832.json
-204642419	3	3	27	records/p3/flag-certificates/204642419.json
-204658815	3	3	3	records/p3/flag-certificates/204658815.json
-204723067	3	3	3	records/p3/flag-certificates/204723067.json
-204823608	3	3	3	records/p3/flag-certificates/204823608.json
-205076371	3	3	3	records/p3/flag-certificates/205076371.json
-205503987	3	3	3	records/p3/flag-certificates/205503987.json
-205619144	3	3	3	records/p3/flag-certificates/205619144.json
-205689587	3	3	3	records/p3/flag-certificates/205689587.json
-205724667	3	3	3	records/p3/flag-certificates/205724667.json
-206198743	3	3	3	records/p3/flag-certificates/206198743.json
-206252439	3	3	3	records/p3/flag-certificates/206252439.json
-206253204	3	3	3	records/p3/flag-certificates/206253204.json
-206311416	3	3	3	records/p3/flag-certificates/206311416.json
-206739031	3	3	3	records/p3/flag-certificates/206739031.json
-206811455	3	3	9	records/p3/flag-certificates/206811455.json
-206845879	3	3	3	records/p3/flag-certificates/206845879.json
-207000167	3	3	9	records/p3/flag-certificates/207000167.json
-207012155	3	3	3	records/p3/flag-certificates/207012155.json
-207025699	3	3	3	records/p3/flag-certificates/207025699.json
-207041351	3	3	3	records/p3/flag-certificates/207041351.json
-207042888	3	3	3	records/p3/flag-certificates/207042888.json
-207311908	3	3	3	records/p3/flag-certificates/207311908.json
-207394471	3	3	3	records/p3/flag-certificates/207394471.json
-207634199	3	3	3	records/p3/flag-certificates/207634199.json
-207990419	3	3	3	records/p3/flag-certificates/207990419.json
-207995032	3	3	3	records/p3/flag-certificates/207995032.json
-207995847	3	3	3	records/p3/flag-certificates/207995847.json
-208065752	3	3	3	records/p3/flag-certificates/208065752.json
-208367668	3	3	27	records/p3/flag-certificates/208367668.json
-208650767	3	3	9	records/p3/flag-certificates/208650767.json
-208912468	3	3	9	records/p3/flag-certificates/208912468.json
-208955643	3	3	3	records/p3/flag-certificates/208955643.json
-208981867	3	3	3	records/p3/flag-certificates/208981867.json
-209045512	3	3	3	records/p3/flag-certificates/209045512.json
-209147739	3	3	3	records/p3/flag-certificates/209147739.json
-209182171	3	3	3	records/p3/flag-certificates/209182171.json
-209225924	3	3	3	records/p3/flag-certificates/209225924.json
-209263531	3	3	3	records/p3/flag-certificates/209263531.json
-209274179	3	3	3	records/p3/flag-certificates/209274179.json
-209368319	3	3	3	records/p3/flag-certificates/209368319.json
-209407499	3	3	3	records/p3/flag-certificates/209407499.json
-209480295	3	3	3	records/p3/flag-certificates/209480295.json
-209552171	3	3	3	records/p3/flag-certificates/209552171.json
-209559507	3	3	3	records/p3/flag-certificates/209559507.json
-209676371	3	3	3	records/p3/flag-certificates/209676371.json
-209714011	3	3	3	records/p3/flag-certificates/209714011.json
-209843384	3	3	3	records/p3/flag-certificates/209843384.json
-210252548	3	3	3	records/p3/flag-certificates/210252548.json
-210377495	3	3	3	records/p3/flag-certificates/210377495.json
-210432088	3	3	3	records/p3/flag-certificates/210432088.json
-210486319	3	3	3	records/p3/flag-certificates/210486319.json
-210687784	3	3	243	records/p3/flag-certificates/210687784.json
-210834547	3	3	3	records/p3/flag-certificates/210834547.json
-210859419	3	3	3	records/p3/flag-certificates/210859419.json
-210906552	3	3	9	records/p3/flag-certificates/210906552.json
-211187839	3	3	9	records/p3/flag-certificates/211187839.json
-211227288	3	3	3	records/p3/flag-certificates/211227288.json
-211273319	3	3	3	records/p3/flag-certificates/211273319.json
-211316836	3	3	3	records/p3/flag-certificates/211316836.json
-211478627	3	3	3	records/p3/flag-certificates/211478627.json
-211518948	3	3	3	records/p3/flag-certificates/211518948.json
-211674011	3	3	3	records/p3/flag-certificates/211674011.json
-211831727	3	3	3	records/p3/flag-certificates/211831727.json
-211865963	3	3	3	records/p3/flag-certificates/211865963.json
-212003767	3	3	3	records/p3/flag-certificates/212003767.json
-212206063	3	3	3	records/p3/flag-certificates/212206063.json
-212212823	3	3	3	records/p3/flag-certificates/212212823.json
-212245396	3	3	3	records/p3/flag-certificates/212245396.json
-212258623	3	3	9	records/p3/flag-certificates/212258623.json
-212283492	3	3	3	records/p3/flag-certificates/212283492.json
-212551711	3	3	3	records/p3/flag-certificates/212551711.json
-212640143	3	3	3	records/p3/flag-certificates/212640143.json
-212683816	3	3	3	records/p3/flag-certificates/212683816.json
-212731016	3	3	3	records/p3/flag-certificates/212731016.json
-212743887	3	3	3	records/p3/flag-certificates/212743887.json
-212907908	3	3	3	records/p3/flag-certificates/212907908.json
-213013047	3	3	3	records/p3/flag-certificates/213013047.json
-213098367	3	3	243	records/p3/flag-certificates/213098367.json
-213102835	3	3	3	records/p3/flag-certificates/213102835.json
-213113291	3	3	3	records/p3/flag-certificates/213113291.json
-213148667	3	3	3	records/p3/flag-certificates/213148667.json
-213251971	3	3	3	records/p3/flag-certificates/213251971.json
-213311095	3	3	3	records/p3/flag-certificates/213311095.json
-213351791	3	3	9	records/p3/flag-certificates/213351791.json
-213510084	3	3	3	records/p3/flag-certificates/213510084.json
-213519091	3	3	3	records/p3/flag-certificates/213519091.json
-213523567	3	3	3	records/p3/flag-certificates/213523567.json
-213574708	3	3	3	records/p3/flag-certificates/213574708.json
-213725919	3	3	3	records/p3/flag-certificates/213725919.json
-214239847	3	3	3	records/p3/flag-certificates/214239847.json
-214246036	3	3	3	records/p3/flag-certificates/214246036.json
-214276819	3	3	81	records/p3/flag-certificates/214276819.json
-214281956	3	3	3	records/p3/flag-certificates/214281956.json
-214497487	3	3	9	records/p3/flag-certificates/214497487.json
-214554251	3	3	3	records/p3/flag-certificates/214554251.json
-214568767	3	3	3	records/p3/flag-certificates/214568767.json
-214784131	3	3	3	records/p3/flag-certificates/214784131.json
-214902679	3	3	3	records/p3/flag-certificates/214902679.json
-215050467	3	3	3	records/p3/flag-certificates/215050467.json
-215096887	3	3	3	records/p3/flag-certificates/215096887.json
-215191176	3	3	3	records/p3/flag-certificates/215191176.json
-215496739	3	3	3	records/p3/flag-certificates/215496739.json
-215905567	3	3	3	records/p3/flag-certificates/215905567.json
-216023208	3	3	3	records/p3/flag-certificates/216023208.json
-216101427	3	3	3	records/p3/flag-certificates/216101427.json
-216103128	3	3	3	records/p3/flag-certificates/216103128.json
-216114011	3	3	3	records/p3/flag-certificates/216114011.json
-216224627	3	3	3	records/p3/flag-certificates/216224627.json
-216240116	3	3	9	records/p3/flag-certificates/216240116.json
-216265508	3	3	3	records/p3/flag-certificates/216265508.json
-216383591	3	3	3	records/p3/flag-certificates/216383591.json
-216544255	3	3	3	records/p3/flag-certificates/216544255.json
-216576280	3	3	3	records/p3/flag-certificates/216576280.json
-216600463	3	3	27	records/p3/flag-certificates/216600463.json
-216760103	3	3	3	records/p3/flag-certificates/216760103.json
-216799879	3	3	3	records/p3/flag-certificates/216799879.json
-216895204	3	3	3	records/p3/flag-certificates/216895204.json
-216942043	3	3	3	records/p3/flag-certificates/216942043.json
-217070471	3	3	3	records/p3/flag-certificates/217070471.json
-217169599	3	3	3	records/p3/flag-certificates/217169599.json
-217403747	3	3	3	records/p3/flag-certificates/217403747.json
-217658847	3	3	3	records/p3/flag-certificates/217658847.json
-217690527	3	3	3	records/p3/flag-certificates/217690527.json
-217786888	3	3	3	records/p3/flag-certificates/217786888.json
-217853303	3	3	3	records/p3/flag-certificates/217853303.json
-217895863	3	3	3	records/p3/flag-certificates/217895863.json
-217978511	3	3	3	records/p3/flag-certificates/217978511.json
-217989339	3	3	3	records/p3/flag-certificates/217989339.json
-218070231	3	3	3	records/p3/flag-certificates/218070231.json
-218834760	3	3	3	records/p3/flag-certificates/218834760.json
-218896311	3	3	3	records/p3/flag-certificates/218896311.json
-218986552	3	3	3	records/p3/flag-certificates/218986552.json
-219151043	3	3	3	records/p3/flag-certificates/219151043.json
-219220087	3	3	3	records/p3/flag-certificates/219220087.json
-219269055	3	3	3	records/p3/flag-certificates/219269055.json
-219272035	3	3	3	records/p3/flag-certificates/219272035.json
-219464615	3	3	3	records/p3/flag-certificates/219464615.json
-219557348	3	3	3	records/p3/flag-certificates/219557348.json
-219832360	3	3	3	records/p3/flag-certificates/219832360.json
-219948724	3	3	3	records/p3/flag-certificates/219948724.json
-219962883	3	3	3	records/p3/flag-certificates/219962883.json
-220140383	3	3	3	records/p3/flag-certificates/220140383.json
-220361444	3	3	9	records/p3/flag-certificates/220361444.json
-220695555	3	3	3	records/p3/flag-certificates/220695555.json
-220840643	3	3	3	records/p3/flag-certificates/220840643.json
-221112004	3	3	9	records/p3/flag-certificates/221112004.json
-221199416	3	3	3	records/p3/flag-certificates/221199416.json
-221214083	3	3	3	records/p3/flag-certificates/221214083.json
-221216207	3	3	3	records/p3/flag-certificates/221216207.json
-221335715	3	3	3	records/p3/flag-certificates/221335715.json
-221351311	3	3	3	records/p3/flag-certificates/221351311.json
-221427476	3	3	3	records/p3/flag-certificates/221427476.json
-221522948	3	3	3	records/p3/flag-certificates/221522948.json
-221602115	3	3	3	records/p3/flag-certificates/221602115.json
-221797736	3	3	3	records/p3/flag-certificates/221797736.json
-221808419	3	3	3	records/p3/flag-certificates/221808419.json
-221837843	3	3	3	records/p3/flag-certificates/221837843.json
-221875943	3	3	3	records/p3/flag-certificates/221875943.json
-221901812	3	3	3	records/p3/flag-certificates/221901812.json
-222069491	3	3	3	records/p3/flag-certificates/222069491.json
-222184507	3	3	9	records/p3/flag-certificates/222184507.json
-222245319	3	3	3	records/p3/flag-certificates/222245319.json
-222374312	3	3	3	records/p3/flag-certificates/222374312.json
-222590884	3	3	3	records/p3/flag-certificates/222590884.json
-222644859	3	3	27	records/p3/flag-certificates/222644859.json
-222661736	3	3	3	records/p3/flag-certificates/222661736.json
-222710207	3	3	3	records/p3/flag-certificates/222710207.json
-222818327	3	3	3	records/p3/flag-certificates/222818327.json
-222856951	3	3	27	records/p3/flag-certificates/222856951.json
-222920963	3	3	3	records/p3/flag-certificates/222920963.json
-222929780	3	3	3	records/p3/flag-certificates/222929780.json
-223186760	3	3	3	records/p3/flag-certificates/223186760.json
-223207751	3	3	3	records/p3/flag-certificates/223207751.json
-223256451	3	3	3	records/p3/flag-certificates/223256451.json
-223282415	3	3	3	records/p3/flag-certificates/223282415.json
-223393327	3	3	3	records/p3/flag-certificates/223393327.json
-223639699	3	3	3	records/p3/flag-certificates/223639699.json
-223683096	3	3	9	records/p3/flag-certificates/223683096.json
-223936067	3	3	3	records/p3/flag-certificates/223936067.json
-223985515	3	3	3	records/p3/flag-certificates/223985515.json
-224022644	3	3	3	records/p3/flag-certificates/224022644.json
-224296403	3	3	9	records/p3/flag-certificates/224296403.json
-224319311	3	3	9	records/p3/flag-certificates/224319311.json
-224413231	3	3	3	records/p3/flag-certificates/224413231.json
-224466427	3	3	9	records/p3/flag-certificates/224466427.json
-224676019	3	3	3	records/p3/flag-certificates/224676019.json
-224726819	3	3	3	records/p3/flag-certificates/224726819.json
-224882099	3	3	243	records/p3/flag-certificates/224882099.json
-224985828	3	3	3	records/p3/flag-certificates/224985828.json
-225084623	3	3	3	records/p3/flag-certificates/225084623.json
-225101011	3	3	3	records/p3/flag-certificates/225101011.json
-225111811	3	3	3	records/p3/flag-certificates/225111811.json
-225229288	3	3	3	records/p3/flag-certificates/225229288.json
-225324367	3	3	3	records/p3/flag-certificates/225324367.json
-225364495	3	3	3	records/p3/flag-certificates/225364495.json
-225501451	3	3	3	records/p3/flag-certificates/225501451.json
-225836484	3	3	3	records/p3/flag-certificates/225836484.json
-225882328	3	3	3	records/p3/flag-certificates/225882328.json
-225942056	3	3	3	records/p3/flag-certificates/225942056.json
-226103252	3	3	3	records/p3/flag-certificates/226103252.json
-226134863	3	3	3	records/p3/flag-certificates/226134863.json
-226247927	3	3	3	records/p3/flag-certificates/226247927.json
-226264808	3	3	3	records/p3/flag-certificates/226264808.json
-226285391	3	3	27	records/p3/flag-certificates/226285391.json
-226492935	3	3	3	records/p3/flag-certificates/226492935.json
-226530804	3	3	3	records/p3/flag-certificates/226530804.json
-226581815	3	3	3	records/p3/flag-certificates/226581815.json
-226705028	3	3	3	records/p3/flag-certificates/226705028.json
-226776371	3	3	3	records/p3/flag-certificates/226776371.json
-226828667	3	3	3	records/p3/flag-certificates/226828667.json
-227223859	3	3	3	records/p3/flag-certificates/227223859.json
-227254163	3	3	3	records/p3/flag-certificates/227254163.json
-227373668	3	3	3	records/p3/flag-certificates/227373668.json
-227588063	3	3	3	records/p3/flag-certificates/227588063.json
-227621347	3	3	3	records/p3/flag-certificates/227621347.json
-227640788	3	3	3	records/p3/flag-certificates/227640788.json
-227824211	3	3	3	records/p3/flag-certificates/227824211.json
-227878467	3	3	3	records/p3/flag-certificates/227878467.json
-228030007	3	3	3	records/p3/flag-certificates/228030007.json
-228145263	3	3	3	records/p3/flag-certificates/228145263.json
-228153579	3	3	3	records/p3/flag-certificates/228153579.json
-228210632	3	3	3	records/p3/flag-certificates/228210632.json
-228363832	3	3	3	records/p3/flag-certificates/228363832.json
-228366007	3	3	3	records/p3/flag-certificates/228366007.json
-228970283	3	3	3	records/p3/flag-certificates/228970283.json
-229194311	3	3	3	records/p3/flag-certificates/229194311.json
-229241843	3	3	3	records/p3/flag-certificates/229241843.json
-229291060	3	3	3	records/p3/flag-certificates/229291060.json
-229443815	3	3	9	records/p3/flag-certificates/229443815.json
-229527640	3	3	3	records/p3/flag-certificates/229527640.json
-229712955	3	3	9	records/p3/flag-certificates/229712955.json
-229751351	3	3	3	records/p3/flag-certificates/229751351.json
-229883727	3	3	3	records/p3/flag-certificates/229883727.json
-230046103	3	3	3	records/p3/flag-certificates/230046103.json
-230090324	3	3	3	records/p3/flag-certificates/230090324.json
-230159031	3	3	3	records/p3/flag-certificates/230159031.json
-230164167	3	3	3	records/p3/flag-certificates/230164167.json
-230270659	3	3	3	records/p3/flag-certificates/230270659.json
-230298803	3	3	3	records/p3/flag-certificates/230298803.json
-230337748	3	3	3	records/p3/flag-certificates/230337748.json
-230428731	3	3	3	records/p3/flag-certificates/230428731.json
-230471699	3	3	3	records/p3/flag-certificates/230471699.json
-230528276	3	3	3	records/p3/flag-certificates/230528276.json
-230575703	3	3	3	records/p3/flag-certificates/230575703.json
-230822664	3	3	3	records/p3/flag-certificates/230822664.json
-230869047	3	3	3	records/p3/flag-certificates/230869047.json
-230902591	3	3	9	records/p3/flag-certificates/230902591.json
-230992420	3	3	27	records/p3/flag-certificates/230992420.json
-231016295	3	3	3	records/p3/flag-certificates/231016295.json
-231041463	3	3	3	records/p3/flag-certificates/231041463.json
-231225544	3	3	3	records/p3/flag-certificates/231225544.json
-231290308	3	3	3	records/p3/flag-certificates/231290308.json
-231334483	3	3	3	records/p3/flag-certificates/231334483.json
-231475976	3	3	3	records/p3/flag-certificates/231475976.json
-231669355	3	3	3	records/p3/flag-certificates/231669355.json
-231743560	3	3	9	records/p3/flag-certificates/231743560.json
-231751283	3	3	3	records/p3/flag-certificates/231751283.json
-231827883	3	3	3	records/p3/flag-certificates/231827883.json
-232169891	3	3	3	records/p3/flag-certificates/232169891.json
-232207271	3	3	3	records/p3/flag-certificates/232207271.json
-232278279	3	3	3	records/p3/flag-certificates/232278279.json
-232288451	3	3	3	records/p3/flag-certificates/232288451.json
-232430647	3	3	3	records/p3/flag-certificates/232430647.json
-232500984	3	3	3	records/p3/flag-certificates/232500984.json
-232562107	3	3	3	records/p3/flag-certificates/232562107.json
-232638215	3	3	3	records/p3/flag-certificates/232638215.json
-232755511	3	3	3	records/p3/flag-certificates/232755511.json
-232868947	3	3	3	records/p3/flag-certificates/232868947.json
-232990372	3	3	3	records/p3/flag-certificates/232990372.json
-233110363	3	3	3	records/p3/flag-certificates/233110363.json
-233168199	3	3	3	records/p3/flag-certificates/233168199.json
-233259160	3	3	3	records/p3/flag-certificates/233259160.json
-233261311	3	3	9	records/p3/flag-certificates/233261311.json
-233273028	3	3	9	records/p3/flag-certificates/233273028.json
-233377160	3	3	3	records/p3/flag-certificates/233377160.json
-233378648	3	3	3	records/p3/flag-certificates/233378648.json
-233384212	3	3	27	records/p3/flag-certificates/233384212.json
-233491316	3	3	3	records/p3/flag-certificates/233491316.json
-233541311	3	3	9	records/p3/flag-certificates/233541311.json
-233773124	3	3	3	records/p3/flag-certificates/233773124.json
-233825080	3	3	3	records/p3/flag-certificates/233825080.json
-233836583	3	3	27	records/p3/flag-certificates/233836583.json
-233892148	3	3	3	records/p3/flag-certificates/233892148.json
-233934808	3	3	3	records/p3/flag-certificates/233934808.json
-234095963	3	3	3	records/p3/flag-certificates/234095963.json
-234178367	3	3	3	records/p3/flag-certificates/234178367.json
-234216680	3	3	3	records/p3/flag-certificates/234216680.json
-234263467	3	3	3	records/p3/flag-certificates/234263467.json
-234373780	3	3	3	records/p3/flag-certificates/234373780.json
-234485215	3	3	3	records/p3/flag-certificates/234485215.json
-234540447	3	3	3	records/p3/flag-certificates/234540447.json
-234590248	3	3	3	records/p3/flag-certificates/234590248.json
-234596715	3	3	3	records/p3/flag-certificates/234596715.json
-234629443	3	3	3	records/p3/flag-certificates/234629443.json
-234715847	3	3	3	records/p3/flag-certificates/234715847.json
-234814603	3	3	3	records/p3/flag-certificates/234814603.json
-234884024	3	3	81	records/p3/flag-certificates/234884024.json
-235445387	3	3	3	records/p3/flag-certificates/235445387.json
-235480459	3	3	3	records/p3/flag-certificates/235480459.json
-235698135	3	3	3	records/p3/flag-certificates/235698135.json
-235786379	3	3	9	records/p3/flag-certificates/235786379.json
-236036532	3	3	3	records/p3/flag-certificates/236036532.json
-236200607	3	3	3	records/p3/flag-certificates/236200607.json
-236229063	3	3	3	records/p3/flag-certificates/236229063.json
-236316803	3	3	3	records/p3/flag-certificates/236316803.json
-236454871	3	3	3	records/p3/flag-certificates/236454871.json
-236582852	3	3	2187	records/p3/flag-certificates/236582852.json
-236588356	3	3	27	records/p3/flag-certificates/236588356.json
-236666271	3	3	243	records/p3/flag-certificates/236666271.json
-236838891	3	3	9	records/p3/flag-certificates/236838891.json
-237122947	3	3	3	records/p3/flag-certificates/237122947.json
-237132839	3	3	3	records/p3/flag-certificates/237132839.json
-237231823	3	3	3	records/p3/flag-certificates/237231823.json
-237341095	3	3	3	records/p3/flag-certificates/237341095.json
-237497707	3	3	3	records/p3/flag-certificates/237497707.json
-237499487	3	3	3	records/p3/flag-certificates/237499487.json
-237647204	3	3	3	records/p3/flag-certificates/237647204.json
-237682667	3	3	3	records/p3/flag-certificates/237682667.json
-237682887	3	3	3	records/p3/flag-certificates/237682887.json
-237695999	3	3	3	records/p3/flag-certificates/237695999.json
-237752167	3	3	3	records/p3/flag-certificates/237752167.json
-237819704	3	3	81	records/p3/flag-certificates/237819704.json
-237880760	3	3	3	records/p3/flag-certificates/237880760.json
-237884619	3	3	27	records/p3/flag-certificates/237884619.json
-238287032	3	3	3	records/p3/flag-certificates/238287032.json
-238415435	3	3	3	records/p3/flag-certificates/238415435.json
-238458587	3	3	3	records/p3/flag-certificates/238458587.json
-238629407	3	3	3	records/p3/flag-certificates/238629407.json
-238767892	3	3	3	records/p3/flag-certificates/238767892.json
-238811323	3	3	3	records/p3/flag-certificates/238811323.json
-238968328	3	3	3	records/p3/flag-certificates/238968328.json
-239295611	3	3	3	records/p3/flag-certificates/239295611.json
-239401204	3	3	3	records/p3/flag-certificates/239401204.json
-239677039	3	3	3	records/p3/flag-certificates/239677039.json
-239745711	3	3	3	records/p3/flag-certificates/239745711.json
-239952212	3	3	9	records/p3/flag-certificates/239952212.json
-239955684	3	3	3	records/p3/flag-certificates/239955684.json
-240016907	3	3	3	records/p3/flag-certificates/240016907.json
-240028388	3	3	3	records/p3/flag-certificates/240028388.json
-240144999	3	3	3	records/p3/flag-certificates/240144999.json
-240195587	3	3	3	records/p3/flag-certificates/240195587.json
-240302059	3	3	3	records/p3/flag-certificates/240302059.json
-240460552	3	3	3	records/p3/flag-certificates/240460552.json
-240625759	3	3	3	records/p3/flag-certificates/240625759.json
-240638484	3	3	3	records/p3/flag-certificates/240638484.json
-240822807	3	3	3	records/p3/flag-certificates/240822807.json
-240873128	3	3	3	records/p3/flag-certificates/240873128.json
-240934711	3	3	3	records/p3/flag-certificates/240934711.json
-241107927	3	3	6561	records/p3/flag-certificates/241107927.json
-241111892	3	3	3	records/p3/flag-certificates/241111892.json
-241254183	3	3	3	records/p3/flag-certificates/241254183.json
-241726580	3	3	3	records/p3/flag-certificates/241726580.json
-241875231	3	3	9	records/p3/flag-certificates/241875231.json
-242101695	3	3	3	records/p3/flag-certificates/242101695.json
-242119016	3	3	81	records/p3/flag-certificates/242119016.json
-242232791	3	3	3	records/p3/flag-certificates/242232791.json
-242247867	3	3	3	records/p3/flag-certificates/242247867.json
-242316187	3	3	3	records/p3/flag-certificates/242316187.json
-242340203	3	3	3	records/p3/flag-certificates/242340203.json
-242440899	3	3	3	records/p3/flag-certificates/242440899.json
-242444315	3	3	3	records/p3/flag-certificates/242444315.json
-242522455	3	3	3	records/p3/flag-certificates/242522455.json
-242686868	3	3	3	records/p3/flag-certificates/242686868.json
-242783219	3	3	3	records/p3/flag-certificates/242783219.json
-242925263	3	3	3	records/p3/flag-certificates/242925263.json
-243066020	3	3	3	records/p3/flag-certificates/243066020.json
-243078099	3	3	3	records/p3/flag-certificates/243078099.json
-243254904	3	3	3	records/p3/flag-certificates/243254904.json
-243330035	3	3	3	records/p3/flag-certificates/243330035.json
-243543647	3	3	9	records/p3/flag-certificates/243543647.json
-243630823	3	3	3	records/p3/flag-certificates/243630823.json
-243647527	3	3	3	records/p3/flag-certificates/243647527.json
-243686516	3	3	9	records/p3/flag-certificates/243686516.json
-244033892	3	3	3	records/p3/flag-certificates/244033892.json
-244128520	3	3	3	records/p3/flag-certificates/244128520.json
-244152292	3	3	9	records/p3/flag-certificates/244152292.json
-244187239	3	3	3	records/p3/flag-certificates/244187239.json
-244210852	3	3	27	records/p3/flag-certificates/244210852.json
-244269892	3	3	3	records/p3/flag-certificates/244269892.json
-244331403	3	3	3	records/p3/flag-certificates/244331403.json
-244541135	3	3	9	records/p3/flag-certificates/244541135.json
-244566452	3	3	27	records/p3/flag-certificates/244566452.json
-244574488	3	3	3	records/p3/flag-certificates/244574488.json
-244805735	3	3	3	records/p3/flag-certificates/244805735.json
-244895752	3	3	3	records/p3/flag-certificates/244895752.json
-244981371	3	3	3	records/p3/flag-certificates/244981371.json
-245064376	3	3	3	records/p3/flag-certificates/245064376.json
-245459320	3	3	3	records/p3/flag-certificates/245459320.json
-245501416	3	3	3	records/p3/flag-certificates/245501416.json
-245517043	3	3	3	records/p3/flag-certificates/245517043.json
-245523464	3	3	3	records/p3/flag-certificates/245523464.json
-245537240	3	3	3	records/p3/flag-certificates/245537240.json
-245583560	3	3	27	records/p3/flag-certificates/245583560.json
-245677411	3	3	3	records/p3/flag-certificates/245677411.json
-245717455	3	3	9	records/p3/flag-certificates/245717455.json
-245732088	3	3	3	records/p3/flag-certificates/245732088.json
-245744803	3	3	3	records/p3/flag-certificates/245744803.json
-245767864	3	3	3	records/p3/flag-certificates/245767864.json
-245862719	3	3	3	records/p3/flag-certificates/245862719.json
-245881960	3	3	3	records/p3/flag-certificates/245881960.json
-246044795	3	3	3	records/p3/flag-certificates/246044795.json
-246049428	3	3	3	records/p3/flag-certificates/246049428.json
-246295083	3	3	3	records/p3/flag-certificates/246295083.json
-246349464	3	3	3	records/p3/flag-certificates/246349464.json
-246485071	3	3	9	records/p3/flag-certificates/246485071.json
-246517819	3	3	3	records/p3/flag-certificates/246517819.json
-246519499	3	3	3	records/p3/flag-certificates/246519499.json
-246626351	3	3	3	records/p3/flag-certificates/246626351.json
-246704163	3	3	3	records/p3/flag-certificates/246704163.json
-246726943	3	3	3	records/p3/flag-certificates/246726943.json
-246798964	3	3	3	records/p3/flag-certificates/246798964.json
-246976439	3	3	3	records/p3/flag-certificates/246976439.json
-247004580	3	3	3	records/p3/flag-certificates/247004580.json
-247032915	3	3	3	records/p3/flag-certificates/247032915.json
-247076763	3	3	3	records/p3/flag-certificates/247076763.json
-247111131	3	3	3	records/p3/flag-certificates/247111131.json
-247299396	3	3	3	records/p3/flag-certificates/247299396.json
-247321123	3	3	3	records/p3/flag-certificates/247321123.json
-247346455	3	3	3	records/p3/flag-certificates/247346455.json
-247380063	3	3	3	records/p3/flag-certificates/247380063.json
-247420711	3	3	9	records/p3/flag-certificates/247420711.json
-247491943	3	3	3	records/p3/flag-certificates/247491943.json
-247630479	3	3	3	records/p3/flag-certificates/247630479.json
-248200611	3	3	3	records/p3/flag-certificates/248200611.json
-248207583	3	3	3	records/p3/flag-certificates/248207583.json
-248222035	3	3	3	records/p3/flag-certificates/248222035.json
-248347943	3	3	3	records/p3/flag-certificates/248347943.json
-248348027	3	3	3	records/p3/flag-certificates/248348027.json
-248370667	3	3	3	records/p3/flag-certificates/248370667.json
-248425655	3	3	3	records/p3/flag-certificates/248425655.json
-248561239	3	3	3	records/p3/flag-certificates/248561239.json
-248582615	3	3	3	records/p3/flag-certificates/248582615.json
-248611796	3	3	3	records/p3/flag-certificates/248611796.json
-248615423	3	3	3	records/p3/flag-certificates/248615423.json
-248690040	3	3	3	records/p3/flag-certificates/248690040.json
-248750871	3	3	3	records/p3/flag-certificates/248750871.json
-248786907	3	3	3	records/p3/flag-certificates/248786907.json
-248795599	3	3	3	records/p3/flag-certificates/248795599.json
-248796148	3	3	9	records/p3/flag-certificates/248796148.json
-248876740	3	3	3	records/p3/flag-certificates/248876740.json
-248956792	3	3	3	records/p3/flag-certificates/248956792.json
-249007807	3	3	3	records/p3/flag-certificates/249007807.json
-249052084	3	3	3	records/p3/flag-certificates/249052084.json
-249211131	3	3	9	records/p3/flag-certificates/249211131.json
-249267887	3	3	3	records/p3/flag-certificates/249267887.json
-249287735	3	3	3	records/p3/flag-certificates/249287735.json
-249300260	3	3	3	records/p3/flag-certificates/249300260.json
-249584363	3	3	3	records/p3/flag-certificates/249584363.json
-249637119	3	3	3	records/p3/flag-certificates/249637119.json
-249646868	3	3	3	records/p3/flag-certificates/249646868.json
-249905111	3	3	243	records/p3/flag-certificates/249905111.json
-250102687	3	3	3	records/p3/flag-certificates/250102687.json
-250163320	3	3	3	records/p3/flag-certificates/250163320.json
-250181399	3	3	3	records/p3/flag-certificates/250181399.json
-250312443	3	3	3	records/p3/flag-certificates/250312443.json
-250315519	3	3	3	records/p3/flag-certificates/250315519.json
-250388452	3	3	3	records/p3/flag-certificates/250388452.json
-250416355	3	3	3	records/p3/flag-certificates/250416355.json
-250651592	3	3	9	records/p3/flag-certificates/250651592.json
-250714824	3	3	3	records/p3/flag-certificates/250714824.json
-250876363	3	3	3	records/p3/flag-certificates/250876363.json
-250950711	3	3	3	records/p3/flag-certificates/250950711.json
-251159503	3	3	27	records/p3/flag-certificates/251159503.json
-251515748	3	3	27	records/p3/flag-certificates/251515748.json
-251650151	3	3	27	records/p3/flag-certificates/251650151.json
-251659127	3	3	27	records/p3/flag-certificates/251659127.json
-251659327	3	3	81	records/p3/flag-certificates/251659327.json
-251665151	3	3	3	records/p3/flag-certificates/251665151.json
-251781007	3	3	9	records/p3/flag-certificates/251781007.json
-251786119	3	3	3	records/p3/flag-certificates/251786119.json
-251813055	3	3	3	records/p3/flag-certificates/251813055.json
-251928587	3	3	3	records/p3/flag-certificates/251928587.json
-251940980	3	3	3	records/p3/flag-certificates/251940980.json
-252010247	3	3	3	records/p3/flag-certificates/252010247.json
-252011080	3	3	3	records/p3/flag-certificates/252011080.json
-252080196	3	3	3	records/p3/flag-certificates/252080196.json
-252084955	3	3	3	records/p3/flag-certificates/252084955.json
-252127444	3	3	3	records/p3/flag-certificates/252127444.json
-252167063	3	3	9	records/p3/flag-certificates/252167063.json
-252179896	3	3	3	records/p3/flag-certificates/252179896.json
-252458879	3	3	3	records/p3/flag-certificates/252458879.json
-252469239	3	3	3	records/p3/flag-certificates/252469239.json
-252895571	3	3	3	records/p3/flag-certificates/252895571.json
-252947443	3	3	3	records/p3/flag-certificates/252947443.json
-252952676	3	3	3	records/p3/flag-certificates/252952676.json
-253026155	3	3	3	records/p3/flag-certificates/253026155.json
-253162479	3	3	3	records/p3/flag-certificates/253162479.json
-253251611	3	3	9	records/p3/flag-certificates/253251611.json
-253313835	3	3	3	records/p3/flag-certificates/253313835.json
-253367895	3	3	3	records/p3/flag-certificates/253367895.json
-253375347	3	3	3	records/p3/flag-certificates/253375347.json
-253451747	3	3	3	records/p3/flag-certificates/253451747.json
-253454831	3	3	3	records/p3/flag-certificates/253454831.json
-253685315	3	3	3	records/p3/flag-certificates/253685315.json
-253774435	3	3	3	records/p3/flag-certificates/253774435.json
-253954095	3	3	3	records/p3/flag-certificates/253954095.json
-254028983	3	3	3	records/p3/flag-certificates/254028983.json
-254201011	3	3	3	records/p3/flag-certificates/254201011.json
-254249627	3	3	3	records/p3/flag-certificates/254249627.json
-254362767	3	3	3	records/p3/flag-certificates/254362767.json
-254387731	3	3	3	records/p3/flag-certificates/254387731.json
-254526760	3	3	3	records/p3/flag-certificates/254526760.json
-254569828	3	3	3	records/p3/flag-certificates/254569828.json
-254605147	3	3	3	records/p3/flag-certificates/254605147.json
-254707051	3	3	3	records/p3/flag-certificates/254707051.json
-254794207	3	3	3	records/p3/flag-certificates/254794207.json
-254801135	3	3	3	records/p3/flag-certificates/254801135.json
-255121651	3	3	3	records/p3/flag-certificates/255121651.json
-255243007	3	3	9	records/p3/flag-certificates/255243007.json
-255255899	3	3	3	records/p3/flag-certificates/255255899.json
-255285464	3	3	3	records/p3/flag-certificates/255285464.json
-255318879	3	3	3	records/p3/flag-certificates/255318879.json
-255321555	3	3	3	records/p3/flag-certificates/255321555.json
-255352987	3	3	3	records/p3/flag-certificates/255352987.json
-255474859	3	3	3	records/p3/flag-certificates/255474859.json
-255475579	3	3	3	records/p3/flag-certificates/255475579.json
-255580779	3	3	3	records/p3/flag-certificates/255580779.json
-255612327	3	3	3	records/p3/flag-certificates/255612327.json
-255744543	3	3	3	records/p3/flag-certificates/255744543.json
-255849683	3	3	3	records/p3/flag-certificates/255849683.json
-256023012	3	3	3	records/p3/flag-certificates/256023012.json
-256128648	3	3	3	records/p3/flag-certificates/256128648.json
-256182367	3	3	3	records/p3/flag-certificates/256182367.json
-256281607	3	3	3	records/p3/flag-certificates/256281607.json
-256346771	3	3	81	records/p3/flag-certificates/256346771.json
-256426628	3	3	243	records/p3/flag-certificates/256426628.json
-256506799	3	3	3	records/p3/flag-certificates/256506799.json
-257075528	3	3	3	records/p3/flag-certificates/257075528.json
-257177743	3	3	3	records/p3/flag-certificates/257177743.json
-257287739	3	3	27	records/p3/flag-certificates/257287739.json
-257290543	3	3	3	records/p3/flag-certificates/257290543.json
-257428399	3	3	3	records/p3/flag-certificates/257428399.json
-257503359	3	3	3	records/p3/flag-certificates/257503359.json
-257555839	3	3	3	records/p3/flag-certificates/257555839.json
-257658555	3	3	3	records/p3/flag-certificates/257658555.json
-257677391	3	3	9	records/p3/flag-certificates/257677391.json
-257937944	3	3	3	records/p3/flag-certificates/257937944.json
-257943732	3	3	3	records/p3/flag-certificates/257943732.json
-258109643	3	3	3	records/p3/flag-certificates/258109643.json
-258194407	3	3	3	records/p3/flag-certificates/258194407.json
-258236995	3	3	3	records/p3/flag-certificates/258236995.json
-258415967	3	3	3	records/p3/flag-certificates/258415967.json
-258547435	3	3	3	records/p3/flag-certificates/258547435.json
-258644163	3	3	3	records/p3/flag-certificates/258644163.json
-258742219	3	3	3	records/p3/flag-certificates/258742219.json
-258829007	3	3	3	records/p3/flag-certificates/258829007.json
-258905528	3	3	3	records/p3/flag-certificates/258905528.json
-258973259	3	3	3	records/p3/flag-certificates/258973259.json
-259076276	3	3	3	records/p3/flag-certificates/259076276.json
-259100259	3	3	3	records/p3/flag-certificates/259100259.json
-259176667	3	3	3	records/p3/flag-certificates/259176667.json
-259290571	3	3	3	records/p3/flag-certificates/259290571.json
-259312388	3	3	3	records/p3/flag-certificates/259312388.json
-259320568	3	3	3	records/p3/flag-certificates/259320568.json
-259322107	3	3	9	records/p3/flag-certificates/259322107.json
-259329716	3	3	3	records/p3/flag-certificates/259329716.json
-259344408	3	3	3	records/p3/flag-certificates/259344408.json
-259350863	3	3	3	records/p3/flag-certificates/259350863.json
-259372472	3	3	3	records/p3/flag-certificates/259372472.json
-259399396	3	3	3	records/p3/flag-certificates/259399396.json
-259503976	3	3	3	records/p3/flag-certificates/259503976.json
-259542167	3	3	3	records/p3/flag-certificates/259542167.json
-259549895	3	3	729	records/p3/flag-certificates/259549895.json
-259574259	3	3	3	records/p3/flag-certificates/259574259.json
-259699839	3	3	3	records/p3/flag-certificates/259699839.json
-259746807	3	3	9	records/p3/flag-certificates/259746807.json
-259785791	3	3	3	records/p3/flag-certificates/259785791.json
-260062679	3	3	3	records/p3/flag-certificates/260062679.json
-260089619	3	3	3	records/p3/flag-certificates/260089619.json
-260444091	3	3	3	records/p3/flag-certificates/260444091.json
-260587848	3	3	3	records/p3/flag-certificates/260587848.json
-260804559	3	3	3	records/p3/flag-certificates/260804559.json
-261271115	3	3	3	records/p3/flag-certificates/261271115.json
-261274344	3	3	3	records/p3/flag-certificates/261274344.json
-261403863	3	3	3	records/p3/flag-certificates/261403863.json
-261490404	3	3	3	records/p3/flag-certificates/261490404.json
-261538719	3	3	3	records/p3/flag-certificates/261538719.json
-261804103	3	3	3	records/p3/flag-certificates/261804103.json
-261891031	3	3	3	records/p3/flag-certificates/261891031.json
-261950955	3	3	3	records/p3/flag-certificates/261950955.json
-262384951	3	3	3	records/p3/flag-certificates/262384951.json
-262811579	3	3	3	records/p3/flag-certificates/262811579.json
-262871224	3	3	3	records/p3/flag-certificates/262871224.json
-262919831	3	3	3	records/p3/flag-certificates/262919831.json
-262931172	3	3	3	records/p3/flag-certificates/262931172.json
-263017320	3	3	3	records/p3/flag-certificates/263017320.json
-263289343	3	3	3	records/p3/flag-certificates/263289343.json
-263313967	3	3	3	records/p3/flag-certificates/263313967.json
-263344088	3	3	3	records/p3/flag-certificates/263344088.json
-263413783	3	3	3	records/p3/flag-certificates/263413783.json
-263458915	3	3	3	records/p3/flag-certificates/263458915.json
-263467499	3	3	3	records/p3/flag-certificates/263467499.json
-263534695	3	3	3	records/p3/flag-certificates/263534695.json
-263652763	3	3	9	records/p3/flag-certificates/263652763.json
-263682115	3	3	3	records/p3/flag-certificates/263682115.json
-263788292	3	3	3	records/p3/flag-certificates/263788292.json
-263885603	3	3	3	records/p3/flag-certificates/263885603.json
-263989123	3	3	9	records/p3/flag-certificates/263989123.json
-264097291	3	3	27	records/p3/flag-certificates/264097291.json
-264148387	3	3	3	records/p3/flag-certificates/264148387.json
-264172643	3	3	3	records/p3/flag-certificates/264172643.json
-264239579	3	3	3	records/p3/flag-certificates/264239579.json
-264392627	3	3	3	records/p3/flag-certificates/264392627.json
-264410680	3	3	6561	records/p3/flag-certificates/264410680.json
-264618035	3	3	3	records/p3/flag-certificates/264618035.json
-264646131	3	3	3	records/p3/flag-certificates/264646131.json
-265050295	3	3	3	records/p3/flag-certificates/265050295.json
-265214116	3	3	3	records/p3/flag-certificates/265214116.json
-265226215	3	3	3	records/p3/flag-certificates/265226215.json
-265376852	3	3	3	records/p3/flag-certificates/265376852.json
-265425547	3	3	3	records/p3/flag-certificates/265425547.json
-265568660	3	3	9	records/p3/flag-certificates/265568660.json
-265653871	3	3	3	records/p3/flag-certificates/265653871.json
-265693748	3	3	3	records/p3/flag-certificates/265693748.json
-265776547	3	3	3	records/p3/flag-certificates/265776547.json
-265871311	3	3	3	records/p3/flag-certificates/265871311.json
-266267480	3	3	3	records/p3/flag-certificates/266267480.json
-266460931	3	3	3	records/p3/flag-certificates/266460931.json
-266624663	3	3	3	records/p3/flag-certificates/266624663.json
-266733347	3	3	3	records/p3/flag-certificates/266733347.json
-266846755	3	3	3	records/p3/flag-certificates/266846755.json
-267019672	3	3	3	records/p3/flag-certificates/267019672.json
-267097588	3	3	3	records/p3/flag-certificates/267097588.json
-267263423	3	3	3	records/p3/flag-certificates/267263423.json
-267417667	3	3	3	records/p3/flag-certificates/267417667.json
-267653495	3	3	3	records/p3/flag-certificates/267653495.json
-267851127	3	3	3	records/p3/flag-certificates/267851127.json
-267855143	3	3	3	records/p3/flag-certificates/267855143.json
-268096708	3	3	3	records/p3/flag-certificates/268096708.json
-268102639	3	3	3	records/p3/flag-certificates/268102639.json
-268214119	3	3	3	records/p3/flag-certificates/268214119.json
-268303368	3	3	3	records/p3/flag-certificates/268303368.json
-268452059	3	3	3	records/p3/flag-certificates/268452059.json
-268467931	3	3	3	records/p3/flag-certificates/268467931.json
-268615679	3	3	3	records/p3/flag-certificates/268615679.json
-268817243	3	3	3	records/p3/flag-certificates/268817243.json
-268903931	3	3	3	records/p3/flag-certificates/268903931.json
-268956967	3	3	3	records/p3/flag-certificates/268956967.json
-269099267	3	3	3	records/p3/flag-certificates/269099267.json
-269318047	3	3	3	records/p3/flag-certificates/269318047.json
-269385780	3	3	3	records/p3/flag-certificates/269385780.json
-269438071	3	3	3	records/p3/flag-certificates/269438071.json
-269445443	3	3	3	records/p3/flag-certificates/269445443.json
-269489255	3	3	3	records/p3/flag-certificates/269489255.json
-269524052	3	3	3	records/p3/flag-certificates/269524052.json
-269621347	3	3	3	records/p3/flag-certificates/269621347.json
-269776196	3	3	3	records/p3/flag-certificates/269776196.json
-269866607	3	3	3	records/p3/flag-certificates/269866607.json
-270238163	3	3	3	records/p3/flag-certificates/270238163.json
-270301924	3	3	3	records/p3/flag-certificates/270301924.json
-270449240	3	3	3	records/p3/flag-certificates/270449240.json
-270525327	3	3	3	records/p3/flag-certificates/270525327.json
-270615640	3	3	3	records/p3/flag-certificates/270615640.json
-270636580	3	3	3	records/p3/flag-certificates/270636580.json
-270648219	3	3	3	records/p3/flag-certificates/270648219.json
-270678228	3	3	3	records/p3/flag-certificates/270678228.json
-270849935	3	3	3	records/p3/flag-certificates/270849935.json
-270967048	3	3	3	records/p3/flag-certificates/270967048.json
-270996799	3	3	3	records/p3/flag-certificates/270996799.json
-271035183	3	3	3	records/p3/flag-certificates/271035183.json
-271219783	3	3	3	records/p3/flag-certificates/271219783.json
-271292627	3	3	3	records/p3/flag-certificates/271292627.json
-271357847	3	3	3	records/p3/flag-certificates/271357847.json
-271601527	3	3	3	records/p3/flag-certificates/271601527.json
-271638196	3	3	3	records/p3/flag-certificates/271638196.json
-271648499	3	3	3	records/p3/flag-certificates/271648499.json
-271829219	3	3	27	records/p3/flag-certificates/271829219.json
-271974839	3	3	3	records/p3/flag-certificates/271974839.json
-272304679	3	3	3	records/p3/flag-certificates/272304679.json
-272319352	3	3	3	records/p3/flag-certificates/272319352.json
-272355256	3	3	729	records/p3/flag-certificates/272355256.json
-272460343	3	3	3	records/p3/flag-certificates/272460343.json
-272466424	3	3	3	records/p3/flag-certificates/272466424.json
-272469223	3	3	3	records/p3/flag-certificates/272469223.json
-272534084	3	3	3	records/p3/flag-certificates/272534084.json
-272840180	3	3	3	records/p3/flag-certificates/272840180.json
-273180644	3	3	3	records/p3/flag-certificates/273180644.json
-273340259	3	3	3	records/p3/flag-certificates/273340259.json
-273360772	3	3	3	records/p3/flag-certificates/273360772.json
-273361571	3	3	3	records/p3/flag-certificates/273361571.json
-273486260	3	3	9	records/p3/flag-certificates/273486260.json
-273503883	3	3	3	records/p3/flag-certificates/273503883.json
-273671159	3	3	3	records/p3/flag-certificates/273671159.json
-273770447	3	3	3	records/p3/flag-certificates/273770447.json
-273904923	3	3	3	records/p3/flag-certificates/273904923.json
-273950708	3	3	3	records/p3/flag-certificates/273950708.json
-273952835	3	3	3	records/p3/flag-certificates/273952835.json
-274416719	3	3	3	records/p3/flag-certificates/274416719.json
-274420612	3	3	3	records/p3/flag-certificates/274420612.json
-274449647	3	3	243	records/p3/flag-certificates/274449647.json
-274567883	3	3	3	records/p3/flag-certificates/274567883.json
-274607371	3	3	3	records/p3/flag-certificates/274607371.json
-274635960	3	3	81	records/p3/flag-certificates/274635960.json
-274662276	3	3	3	records/p3/flag-certificates/274662276.json
-274901467	3	3	3	records/p3/flag-certificates/274901467.json
-274924939	3	3	3	records/p3/flag-certificates/274924939.json
-275289263	3	3	3	records/p3/flag-certificates/275289263.json
-275382607	3	3	3	records/p3/flag-certificates/275382607.json
-275484191	3	3	3	records/p3/flag-certificates/275484191.json
-275490043	3	3	3	records/p3/flag-certificates/275490043.json
-275546260	3	3	3	records/p3/flag-certificates/275546260.json
-275625919	3	3	27	records/p3/flag-certificates/275625919.json
-275673515	3	3	3	records/p3/flag-certificates/275673515.json
-275838203	3	3	3	records/p3/flag-certificates/275838203.json
-276089327	3	3	3	records/p3/flag-certificates/276089327.json
-276141828	3	3	3	records/p3/flag-certificates/276141828.json
-276230420	3	3	3	records/p3/flag-certificates/276230420.json
-276275003	3	3	3	records/p3/flag-certificates/276275003.json
-276320867	3	3	3	records/p3/flag-certificates/276320867.json
-276445959	3	3	3	records/p3/flag-certificates/276445959.json
-276510727	3	3	3	records/p3/flag-certificates/276510727.json
-276544280	3	3	3	records/p3/flag-certificates/276544280.json
-276745891	3	3	3	records/p3/flag-certificates/276745891.json
-276998647	3	3	3	records/p3/flag-certificates/276998647.json
-277088244	3	3	3	records/p3/flag-certificates/277088244.json
-277173028	3	3	3	records/p3/flag-certificates/277173028.json
-277376648	3	3	3	records/p3/flag-certificates/277376648.json
-277444212	3	3	3	records/p3/flag-certificates/277444212.json
-277631092	3	3	9	records/p3/flag-certificates/277631092.json
-277777912	3	3	2187	records/p3/flag-certificates/277777912.json
-277833495	3	3	9	records/p3/flag-certificates/277833495.json
-277934980	3	3	3	records/p3/flag-certificates/277934980.json
-278074840	3	3	3	records/p3/flag-certificates/278074840.json
-278264811	3	3	3	records/p3/flag-certificates/278264811.json
-278439307	3	3	3	records/p3/flag-certificates/278439307.json
-278558303	3	3	3	records/p3/flag-certificates/278558303.json
-278639076	3	3	729	records/p3/flag-certificates/278639076.json
-278712515	3	3	3	records/p3/flag-certificates/278712515.json
-278764667	3	3	3	records/p3/flag-certificates/278764667.json
-278790827	3	3	3	records/p3/flag-certificates/278790827.json
-278795411	3	3	3	records/p3/flag-certificates/278795411.json
-278853599	3	3	3	records/p3/flag-certificates/278853599.json
-279007099	3	3	3	records/p3/flag-certificates/279007099.json
-279210891	3	3	3	records/p3/flag-certificates/279210891.json
-279215771	3	3	3	records/p3/flag-certificates/279215771.json
-279279471	3	3	3	records/p3/flag-certificates/279279471.json
-279381307	3	3	3	records/p3/flag-certificates/279381307.json
-279717892	3	3	3	records/p3/flag-certificates/279717892.json
-279726008	3	3	3	records/p3/flag-certificates/279726008.json
-279824243	3	3	3	records/p3/flag-certificates/279824243.json
-279915259	3	3	9	records/p3/flag-certificates/279915259.json
-280201391	3	3	3	records/p3/flag-certificates/280201391.json
-280257223	3	3	3	records/p3/flag-certificates/280257223.json
-280618023	3	3	3	records/p3/flag-certificates/280618023.json
-280622639	3	3	3	records/p3/flag-certificates/280622639.json
-280718247	3	3	3	records/p3/flag-certificates/280718247.json
-280723863	3	3	3	records/p3/flag-certificates/280723863.json
-280758767	3	3	9	records/p3/flag-certificates/280758767.json
-280784644	3	3	3	records/p3/flag-certificates/280784644.json
-280949667	3	3	3	records/p3/flag-certificates/280949667.json
-280969323	3	3	3	records/p3/flag-certificates/280969323.json
-281196148	3	3	3	records/p3/flag-certificates/281196148.json
-281406947	3	3	3	records/p3/flag-certificates/281406947.json
-281582363	3	3	3	records/p3/flag-certificates/281582363.json
-281637627	3	3	3	records/p3/flag-certificates/281637627.json
-281779495	3	3	3	records/p3/flag-certificates/281779495.json
-281873723	3	3	3	records/p3/flag-certificates/281873723.json
-281901368	3	3	3	records/p3/flag-certificates/281901368.json
-282121147	3	3	3	records/p3/flag-certificates/282121147.json
-282147827	3	3	3	records/p3/flag-certificates/282147827.json
-282348355	3	3	3	records/p3/flag-certificates/282348355.json
-282431059	3	3	9	records/p3/flag-certificates/282431059.json
-282462196	3	3	27	records/p3/flag-certificates/282462196.json
-282519115	3	3	3	records/p3/flag-certificates/282519115.json
-282608651	3	3	9	records/p3/flag-certificates/282608651.json
-282674635	3	3	3	records/p3/flag-certificates/282674635.json
-282790036	3	3	3	records/p3/flag-certificates/282790036.json
-282933167	3	3	9	records/p3/flag-certificates/282933167.json
-283018004	3	3	3	records/p3/flag-certificates/283018004.json
-283095223	3	3	3	records/p3/flag-certificates/283095223.json
-283171847	3	3	3	records/p3/flag-certificates/283171847.json
-283192323	3	3	3	records/p3/flag-certificates/283192323.json
-283216435	3	3	9	records/p3/flag-certificates/283216435.json
-283388308	3	3	3	records/p3/flag-certificates/283388308.json
-283492148	3	3	3	records/p3/flag-certificates/283492148.json
-283540795	3	3	3	records/p3/flag-certificates/283540795.json
-283591779	3	3	3	records/p3/flag-certificates/283591779.json
-283625983	3	3	3	records/p3/flag-certificates/283625983.json
-283738888	3	3	3	records/p3/flag-certificates/283738888.json
-283776632	3	3	3	records/p3/flag-certificates/283776632.json
-283931848	3	3	3	records/p3/flag-certificates/283931848.json
-283950319	3	3	3	records/p3/flag-certificates/283950319.json
-284019188	3	3	3	records/p3/flag-certificates/284019188.json
-284094223	3	3	3	records/p3/flag-certificates/284094223.json
-284162767	3	3	3	records/p3/flag-certificates/284162767.json
-284185444	3	3	3	records/p3/flag-certificates/284185444.json
-284349151	3	3	3	records/p3/flag-certificates/284349151.json
-284587096	3	3	3	records/p3/flag-certificates/284587096.json
-284734911	3	3	3	records/p3/flag-certificates/284734911.json
-284768571	3	3	27	records/p3/flag-certificates/284768571.json
-284904915	3	3	3	records/p3/flag-certificates/284904915.json
-284975396	3	3	3	records/p3/flag-certificates/284975396.json
-284979459	3	3	3	records/p3/flag-certificates/284979459.json
-285213547	3	3	3	records/p3/flag-certificates/285213547.json
-285227859	3	3	3	records/p3/flag-certificates/285227859.json
-285354995	3	3	3	records/p3/flag-certificates/285354995.json
-285407691	3	3	3	records/p3/flag-certificates/285407691.json
-285525295	3	3	3	records/p3/flag-certificates/285525295.json
-285572427	3	3	3	records/p3/flag-certificates/285572427.json
-285913183	3	3	3	records/p3/flag-certificates/285913183.json
-285926603	3	3	27	records/p3/flag-certificates/285926603.json
-285985272	3	3	3	records/p3/flag-certificates/285985272.json
-286006243	3	3	3	records/p3/flag-certificates/286006243.json
-286194644	3	3	3	records/p3/flag-certificates/286194644.json
-286208255	3	3	3	records/p3/flag-certificates/286208255.json
-286336164	3	3	3	records/p3/flag-certificates/286336164.json
-286576935	3	3	3	records/p3/flag-certificates/286576935.json
-286591319	3	3	9	records/p3/flag-certificates/286591319.json
-286626287	3	3	3	records/p3/flag-certificates/286626287.json
-286699987	3	3	3	records/p3/flag-certificates/286699987.json
-286771963	3	3	3	records/p3/flag-certificates/286771963.json
-286806803	3	3	3	records/p3/flag-certificates/286806803.json
-286895283	3	3	3	records/p3/flag-certificates/286895283.json
-287193083	3	3	3	records/p3/flag-certificates/287193083.json
-287629215	3	3	3	records/p3/flag-certificates/287629215.json
-287769163	3	3	3	records/p3/flag-certificates/287769163.json
-287784340	3	3	3	records/p3/flag-certificates/287784340.json
-287929028	3	3	729	records/p3/flag-certificates/287929028.json
-288417667	3	3	3	records/p3/flag-certificates/288417667.json
-288480228	3	3	3	records/p3/flag-certificates/288480228.json
-288579091	3	3	3	records/p3/flag-certificates/288579091.json
-288628595	3	3	3	records/p3/flag-certificates/288628595.json
-288685051	3	3	3	records/p3/flag-certificates/288685051.json
-288802587	3	3	9	records/p3/flag-certificates/288802587.json
-288869732	3	3	3	records/p3/flag-certificates/288869732.json
-289210676	3	3	3	records/p3/flag-certificates/289210676.json
-289242276	3	3	3	records/p3/flag-certificates/289242276.json
-289353343	3	3	3	records/p3/flag-certificates/289353343.json
-289489827	3	3	3	records/p3/flag-certificates/289489827.json
-289708791	3	3	3	records/p3/flag-certificates/289708791.json
-289892679	3	3	3	records/p3/flag-certificates/289892679.json
-289927507	3	3	3	records/p3/flag-certificates/289927507.json
-289934707	3	3	3	records/p3/flag-certificates/289934707.json
-289983307	3	3	3	records/p3/flag-certificates/289983307.json
-290092603	3	3	3	records/p3/flag-certificates/290092603.json
-290147383	3	3	3	records/p3/flag-certificates/290147383.json
-290290840	3	3	3	records/p3/flag-certificates/290290840.json
-290336271	3	3	3	records/p3/flag-certificates/290336271.json
-290741327	3	3	3	records/p3/flag-certificates/290741327.json
-290852659	3	3	3	records/p3/flag-certificates/290852659.json
-290926815	3	3	3	records/p3/flag-certificates/290926815.json
-291081028	3	3	3	records/p3/flag-certificates/291081028.json
-291133272	3	3	3	records/p3/flag-certificates/291133272.json
-291344120	3	3	3	records/p3/flag-certificates/291344120.json
-291356411	3	3	3	records/p3/flag-certificates/291356411.json
-291519512	3	3	3	records/p3/flag-certificates/291519512.json
-291548327	3	3	3	records/p3/flag-certificates/291548327.json
-291598143	3	3	3	records/p3/flag-certificates/291598143.json
-291698059	3	3	3	records/p3/flag-certificates/291698059.json
-291715240	3	3	3	records/p3/flag-certificates/291715240.json
-291745531	3	3	3	records/p3/flag-certificates/291745531.json
-291855315	3	3	3	records/p3/flag-certificates/291855315.json
-291861123	3	3	81	records/p3/flag-certificates/291861123.json
-291956387	3	3	3	records/p3/flag-certificates/291956387.json
-291962155	3	3	3	records/p3/flag-certificates/291962155.json
-292046068	3	3	3	records/p3/flag-certificates/292046068.json
-292133767	3	3	3	records/p3/flag-certificates/292133767.json
-292151144	3	3	3	records/p3/flag-certificates/292151144.json
-292225972	3	3	9	records/p3/flag-certificates/292225972.json
-292229591	3	3	3	records/p3/flag-certificates/292229591.json
-292475811	3	3	3	records/p3/flag-certificates/292475811.json
-292652884	3	3	3	records/p3/flag-certificates/292652884.json
-292761912	3	3	3	records/p3/flag-certificates/292761912.json
-292809444	3	3	3	records/p3/flag-certificates/292809444.json
-293079016	3	3	3	records/p3/flag-certificates/293079016.json
-293119259	3	3	3	records/p3/flag-certificates/293119259.json
-293185707	3	3	3	records/p3/flag-certificates/293185707.json
-293499643	3	3	3	records/p3/flag-certificates/293499643.json
-293528595	3	3	3	records/p3/flag-certificates/293528595.json
-293745668	3	3	3	records/p3/flag-certificates/293745668.json
-293857759	3	3	3	records/p3/flag-certificates/293857759.json
-293869412	3	3	3	records/p3/flag-certificates/293869412.json
-293973236	3	3	3	records/p3/flag-certificates/293973236.json
-294110267	3	3	3	records/p3/flag-certificates/294110267.json
-294116795	3	3	3	records/p3/flag-certificates/294116795.json
-294285144	3	3	243	records/p3/flag-certificates/294285144.json
-294393416	3	3	3	records/p3/flag-certificates/294393416.json
-294492047	3	3	9	records/p3/flag-certificates/294492047.json
-294551483	3	3	3	records/p3/flag-certificates/294551483.json
-294590279	3	3	3	records/p3/flag-certificates/294590279.json
-294609423	3	3	3	records/p3/flag-certificates/294609423.json
-294706707	3	3	3	records/p3/flag-certificates/294706707.json
-294844692	3	3	3	records/p3/flag-certificates/294844692.json
-295173784	3	3	3	records/p3/flag-certificates/295173784.json
-295398763	3	3	3	records/p3/flag-certificates/295398763.json
-295424203	3	3	3	records/p3/flag-certificates/295424203.json
-295425931	3	3	3	records/p3/flag-certificates/295425931.json
-295487860	3	3	3	records/p3/flag-certificates/295487860.json
-295529639	3	3	3	records/p3/flag-certificates/295529639.json
-295530103	3	3	3	records/p3/flag-certificates/295530103.json
-295779635	3	3	3	records/p3/flag-certificates/295779635.json
-296124503	3	3	3	records/p3/flag-certificates/296124503.json
-296379960	3	3	3	records/p3/flag-certificates/296379960.json
-296487087	3	3	3	records/p3/flag-certificates/296487087.json
-296550984	3	3	3	records/p3/flag-certificates/296550984.json
-296650488	3	3	3	records/p3/flag-certificates/296650488.json
-296651911	3	3	3	records/p3/flag-certificates/296651911.json
-296787027	3	3	3	records/p3/flag-certificates/296787027.json
-296793928	3	3	3	records/p3/flag-certificates/296793928.json
-296813971	3	3	3	records/p3/flag-certificates/296813971.json
-296820859	3	3	3	records/p3/flag-certificates/296820859.json
-296954423	3	3	3	records/p3/flag-certificates/296954423.json
-297087256	3	3	3	records/p3/flag-certificates/297087256.json
-297121348	3	3	3	records/p3/flag-certificates/297121348.json
-297265279	3	3	3	records/p3/flag-certificates/297265279.json
-297281096	3	3	3	records/p3/flag-certificates/297281096.json
-297371332	3	3	243	records/p3/flag-certificates/297371332.json
-297522536	3	3	3	records/p3/flag-certificates/297522536.json
-297732523	3	3	3	records/p3/flag-certificates/297732523.json
-297773119	3	3	3	records/p3/flag-certificates/297773119.json
-297833107	3	3	3	records/p3/flag-certificates/297833107.json
-297844212	3	3	3	records/p3/flag-certificates/297844212.json
-297846291	3	3	3	records/p3/flag-certificates/297846291.json
-297859871	3	3	3	records/p3/flag-certificates/297859871.json
-297894484	3	3	3	records/p3/flag-certificates/297894484.json
-297938111	3	3	9	records/p3/flag-certificates/297938111.json
-298048991	3	3	3	records/p3/flag-certificates/298048991.json
-298080635	3	3	3	records/p3/flag-certificates/298080635.json
-298149128	3	3	3	records/p3/flag-certificates/298149128.json
-298216059	3	3	3	records/p3/flag-certificates/298216059.json
-298449967	3	3	9	records/p3/flag-certificates/298449967.json
-298454820	3	3	3	records/p3/flag-certificates/298454820.json
-298521527	3	3	81	records/p3/flag-certificates/298521527.json
-298524047	3	3	3	records/p3/flag-certificates/298524047.json
-298565843	3	3	3	records/p3/flag-certificates/298565843.json
-298665895	3	3	3	records/p3/flag-certificates/298665895.json
-299041611	3	3	3	records/p3/flag-certificates/299041611.json
-299225167	3	3	3	records/p3/flag-certificates/299225167.json
-299225831	3	3	3	records/p3/flag-certificates/299225831.json
-299242499	3	3	3	records/p3/flag-certificates/299242499.json
-299289428	3	3	3	records/p3/flag-certificates/299289428.json
-299639791	3	3	9	records/p3/flag-certificates/299639791.json
-299653699	3	3	3	records/p3/flag-certificates/299653699.json
-299723831	3	3	9	records/p3/flag-certificates/299723831.json
-299800139	3	3	3	records/p3/flag-certificates/299800139.json
-299910232	3	3	3	records/p3/flag-certificates/299910232.json
-300094260	3	3	3	records/p3/flag-certificates/300094260.json
-300189455	3	3	3	records/p3/flag-certificates/300189455.json
-300284043	3	3	3	records/p3/flag-certificates/300284043.json
-300329843	3	3	3	records/p3/flag-certificates/300329843.json
-300350407	3	3	3	records/p3/flag-certificates/300350407.json
-300477039	3	3	9	records/p3/flag-certificates/300477039.json
-300631687	3	3	3	records/p3/flag-certificates/300631687.json
-300652359	3	3	3	records/p3/flag-certificates/300652359.json
-300668920	3	3	3	records/p3/flag-certificates/300668920.json
-300746616	3	3	3	records/p3/flag-certificates/300746616.json
-300899839	3	3	3	records/p3/flag-certificates/300899839.json
-300992243	3	3	3	records/p3/flag-certificates/300992243.json
-301063459	3	3	3	records/p3/flag-certificates/301063459.json
-301532107	3	3	3	records/p3/flag-certificates/301532107.json
-301580452	3	3	3	records/p3/flag-certificates/301580452.json
-301623528	3	3	3	records/p3/flag-certificates/301623528.json
-301717731	3	3	3	records/p3/flag-certificates/301717731.json
-301782931	3	3	3	records/p3/flag-certificates/301782931.json
-301978120	3	3	3	records/p3/flag-certificates/301978120.json
-302095607	3	3	3	records/p3/flag-certificates/302095607.json
-302204239	3	3	3	records/p3/flag-certificates/302204239.json
-302232927	3	3	3	records/p3/flag-certificates/302232927.json
-302247816	3	3	3	records/p3/flag-certificates/302247816.json
-302320103	3	3	3	records/p3/flag-certificates/302320103.json
-302393747	3	3	3	records/p3/flag-certificates/302393747.json
-302598427	3	3	3	records/p3/flag-certificates/302598427.json
-302638231	3	3	3	records/p3/flag-certificates/302638231.json
-302641867	3	3	3	records/p3/flag-certificates/302641867.json
-302650007	3	3	3	records/p3/flag-certificates/302650007.json
-302675876	3	3	3	records/p3/flag-certificates/302675876.json
-302714407	3	3	3	records/p3/flag-certificates/302714407.json
-302756403	3	3	3	records/p3/flag-certificates/302756403.json
-302786088	3	3	3	records/p3/flag-certificates/302786088.json
-302926280	3	3	3	records/p3/flag-certificates/302926280.json
-302956051	3	3	2187	records/p3/flag-certificates/302956051.json
-303221851	3	3	243	records/p3/flag-certificates/303221851.json
-303230651	3	3	3	records/p3/flag-certificates/303230651.json
-303275443	3	3	3	records/p3/flag-certificates/303275443.json
-303486132	3	3	729	records/p3/flag-certificates/303486132.json
-303549112	3	3	3	records/p3/flag-certificates/303549112.json
-303573103	3	3	3	records/p3/flag-certificates/303573103.json
-303782315	3	3	3	records/p3/flag-certificates/303782315.json
-303961135	3	3	3	records/p3/flag-certificates/303961135.json
-304120072	3	3	3	records/p3/flag-certificates/304120072.json
-304158884	3	3	3	records/p3/flag-certificates/304158884.json
-304199527	3	3	3	records/p3/flag-certificates/304199527.json
-304429695	3	3	3	records/p3/flag-certificates/304429695.json
-304474615	3	3	3	records/p3/flag-certificates/304474615.json
-304490627	3	3	3	records/p3/flag-certificates/304490627.json
-304825288	3	3	3	records/p3/flag-certificates/304825288.json
-304836259	3	3	3	records/p3/flag-certificates/304836259.json
-304891539	3	3	3	records/p3/flag-certificates/304891539.json
-304907899	3	3	3	records/p3/flag-certificates/304907899.json
-304979719	3	3	3	records/p3/flag-certificates/304979719.json
-305042051	3	3	3	records/p3/flag-certificates/305042051.json
-305157799	3	3	3	records/p3/flag-certificates/305157799.json
-305242147	3	3	3	records/p3/flag-certificates/305242147.json
-305362391	3	3	3	records/p3/flag-certificates/305362391.json
-305506340	3	3	3	records/p3/flag-certificates/305506340.json
-305524139	3	3	9	records/p3/flag-certificates/305524139.json
-305627311	3	3	9	records/p3/flag-certificates/305627311.json
-305745859	3	3	9	records/p3/flag-certificates/305745859.json
-305756383	3	3	3	records/p3/flag-certificates/305756383.json
-305809303	3	3	3	records/p3/flag-certificates/305809303.json
-305839567	3	3	3	records/p3/flag-certificates/305839567.json
-306286339	3	3	243	records/p3/flag-certificates/306286339.json
-306341411	3	3	3	records/p3/flag-certificates/306341411.json
-306442643	3	3	3	records/p3/flag-certificates/306442643.json
-306628339	3	3	3	records/p3/flag-certificates/306628339.json
-306859431	3	3	3	records/p3/flag-certificates/306859431.json
-306892203	3	3	3	records/p3/flag-certificates/306892203.json
-307258147	3	3	3	records/p3/flag-certificates/307258147.json
-307271191	3	3	9	records/p3/flag-certificates/307271191.json
-307384827	3	3	3	records/p3/flag-certificates/307384827.json
-307385399	3	3	3	records/p3/flag-certificates/307385399.json
-307405587	3	3	3	records/p3/flag-certificates/307405587.json
-307454855	3	3	3	records/p3/flag-certificates/307454855.json
-307708451	3	3	3	records/p3/flag-certificates/307708451.json
-307776919	3	3	3	records/p3/flag-certificates/307776919.json
-308279811	3	3	3	records/p3/flag-certificates/308279811.json
-308376219	3	3	3	records/p3/flag-certificates/308376219.json
-308432935	3	3	3	records/p3/flag-certificates/308432935.json
-308518603	3	3	3	records/p3/flag-certificates/308518603.json
-308669444	3	3	3	records/p3/flag-certificates/308669444.json
-308684927	3	3	3	records/p3/flag-certificates/308684927.json
-308895379	3	3	3	records/p3/flag-certificates/308895379.json
-308995627	3	3	3	records/p3/flag-certificates/308995627.json
-309002603	3	3	3	records/p3/flag-certificates/309002603.json
-309123719	3	3	3	records/p3/flag-certificates/309123719.json
-309139940	3	3	3	records/p3/flag-certificates/309139940.json
-309366751	3	3	3	records/p3/flag-certificates/309366751.json
-309435763	3	3	3	records/p3/flag-certificates/309435763.json
-309569035	3	3	3	records/p3/flag-certificates/309569035.json
-309710543	3	3	9	records/p3/flag-certificates/309710543.json
-309726771	3	3	3	records/p3/flag-certificates/309726771.json
-309746243	3	3	3	records/p3/flag-certificates/309746243.json
-309804047	3	3	3	records/p3/flag-certificates/309804047.json
-309830727	3	3	9	records/p3/flag-certificates/309830727.json
-309951172	3	3	3	records/p3/flag-certificates/309951172.json
-310035835	3	3	9	records/p3/flag-certificates/310035835.json
-310086235	3	3	3	records/p3/flag-certificates/310086235.json
-310208363	3	3	3	records/p3/flag-certificates/310208363.json
-310376991	3	3	3	records/p3/flag-certificates/310376991.json
-310422315	3	3	3	records/p3/flag-certificates/310422315.json
-310502312	3	3	3	records/p3/flag-certificates/310502312.json
-310562395	3	3	3	records/p3/flag-certificates/310562395.json
-310578367	3	3	3	records/p3/flag-certificates/310578367.json
-310837127	3	3	3	records/p3/flag-certificates/310837127.json
-310876791	3	3	3	records/p3/flag-certificates/310876791.json
-311048580	3	3	3	records/p3/flag-certificates/311048580.json
-311139815	3	3	3	records/p3/flag-certificates/311139815.json
-311226708	3	3	3	records/p3/flag-certificates/311226708.json
-311267291	3	3	3	records/p3/flag-certificates/311267291.json
-311286271	3	3	3	records/p3/flag-certificates/311286271.json
-311601443	3	3	3	records/p3/flag-certificates/311601443.json
-311825339	3	3	3	records/p3/flag-certificates/311825339.json
-311841147	3	3	3	records/p3/flag-certificates/311841147.json
-311952052	3	3	3	records/p3/flag-certificates/311952052.json
-311973119	3	3	3	records/p3/flag-certificates/311973119.json
-312113131	3	3	3	records/p3/flag-certificates/312113131.json
-312206459	3	3	3	records/p3/flag-certificates/312206459.json
-312247927	3	3	3	records/p3/flag-certificates/312247927.json
-312855847	3	3	3	records/p3/flag-certificates/312855847.json
-312900359	3	3	3	records/p3/flag-certificates/312900359.json
-312939428	3	3	3	records/p3/flag-certificates/312939428.json
-313028727	3	3	3	records/p3/flag-certificates/313028727.json
-313034484	3	3	9	records/p3/flag-certificates/313034484.json
-313038003	3	3	3	records/p3/flag-certificates/313038003.json
-313136231	3	3	3	records/p3/flag-certificates/313136231.json
-313415679	3	3	9	records/p3/flag-certificates/313415679.json
-313540743	3	3	3	records/p3/flag-certificates/313540743.json
-313735652	3	3	3	records/p3/flag-certificates/313735652.json
-313775087	3	3	3	records/p3/flag-certificates/313775087.json
-313796312	3	3	3	records/p3/flag-certificates/313796312.json
-313881851	3	3	3	records/p3/flag-certificates/313881851.json
-313958692	3	3	3	records/p3/flag-certificates/313958692.json
-313976728	3	3	3	records/p3/flag-certificates/313976728.json
-314113076	3	3	9	records/p3/flag-certificates/314113076.json
-314395224	3	3	3	records/p3/flag-certificates/314395224.json
-314509099	3	3	3	records/p3/flag-certificates/314509099.json
-314599123	3	3	3	records/p3/flag-certificates/314599123.json
-314665332	3	3	3	records/p3/flag-certificates/314665332.json
-314733659	3	3	3	records/p3/flag-certificates/314733659.json
-314767028	3	3	9	records/p3/flag-certificates/314767028.json
-314817843	3	3	3	records/p3/flag-certificates/314817843.json
-314831480	3	3	3	records/p3/flag-certificates/314831480.json
-315000968	3	3	3	records/p3/flag-certificates/315000968.json
-315077883	3	3	3	records/p3/flag-certificates/315077883.json
-315093631	3	3	9	records/p3/flag-certificates/315093631.json
-315292143	3	3	3	records/p3/flag-certificates/315292143.json
-315300279	3	3	3	records/p3/flag-certificates/315300279.json
-315485576	3	3	3	records/p3/flag-certificates/315485576.json
-315524687	3	3	3	records/p3/flag-certificates/315524687.json
-315592987	3	3	3	records/p3/flag-certificates/315592987.json
-315738811	3	3	3	records/p3/flag-certificates/315738811.json
-315880891	3	3	3	records/p3/flag-certificates/315880891.json
-316143571	3	3	3	records/p3/flag-certificates/316143571.json
-316196527	3	3	27	records/p3/flag-certificates/316196527.json
-316374587	3	3	3	records/p3/flag-certificates/316374587.json
-316507848	3	3	3	records/p3/flag-certificates/316507848.json
-316525623	3	3	3	records/p3/flag-certificates/316525623.json
-316563683	3	3	3	records/p3/flag-certificates/316563683.json
-316759247	3	3	3	records/p3/flag-certificates/316759247.json
-316874744	3	3	3	records/p3/flag-certificates/316874744.json
-317037352	3	3	3	records/p3/flag-certificates/317037352.json
-317067364	3	3	3	records/p3/flag-certificates/317067364.json
-317086655	3	3	3	records/p3/flag-certificates/317086655.json
-317594423	3	3	3	records/p3/flag-certificates/317594423.json
-317837803	3	3	3	records/p3/flag-certificates/317837803.json
-318083527	3	3	3	records/p3/flag-certificates/318083527.json
-318192699	3	3	3	records/p3/flag-certificates/318192699.json
-318533531	3	3	3	records/p3/flag-certificates/318533531.json
-318625215	3	3	9	records/p3/flag-certificates/318625215.json
-318743139	3	3	3	records/p3/flag-certificates/318743139.json
-318768763	3	3	3	records/p3/flag-certificates/318768763.json
-318799147	3	3	3	records/p3/flag-certificates/318799147.json
-318951915	3	3	3	records/p3/flag-certificates/318951915.json
-319340740	3	3	3	records/p3/flag-certificates/319340740.json
-319380779	3	3	3	records/p3/flag-certificates/319380779.json
-319437647	3	3	3	records/p3/flag-certificates/319437647.json
-319577903	3	3	3	records/p3/flag-certificates/319577903.json
-319624039	3	3	9	records/p3/flag-certificates/319624039.json
-319639847	3	3	3	records/p3/flag-certificates/319639847.json
-319691479	3	3	3	records/p3/flag-certificates/319691479.json
-319811432	3	3	3	records/p3/flag-certificates/319811432.json
-319870999	3	3	3	records/p3/flag-certificates/319870999.json
-319873739	3	3	3	records/p3/flag-certificates/319873739.json
-319969751	3	3	3	records/p3/flag-certificates/319969751.json
-320100511	3	3	3	records/p3/flag-certificates/320100511.json
-320258039	3	3	3	records/p3/flag-certificates/320258039.json
-320300756	3	3	3	records/p3/flag-certificates/320300756.json
-320353919	3	3	3	records/p3/flag-certificates/320353919.json
-320423623	3	3	3	records/p3/flag-certificates/320423623.json
-320594596	3	3	3	records/p3/flag-certificates/320594596.json
-320762227	3	3	3	records/p3/flag-certificates/320762227.json
-320762760	3	3	3	records/p3/flag-certificates/320762760.json
-321135691	3	3	27	records/p3/flag-certificates/321135691.json
-321225359	3	3	3	records/p3/flag-certificates/321225359.json
-321233096	3	3	3	records/p3/flag-certificates/321233096.json
-321335927	3	3	3	records/p3/flag-certificates/321335927.json
-321436315	3	3	3	records/p3/flag-certificates/321436315.json
-321510687	3	3	3	records/p3/flag-certificates/321510687.json
-321755323	3	3	3	records/p3/flag-certificates/321755323.json
-321784879	3	3	3	records/p3/flag-certificates/321784879.json
-321928015	3	3	3	records/p3/flag-certificates/321928015.json
-322016307	3	3	3	records/p3/flag-certificates/322016307.json
-322162631	3	3	81	records/p3/flag-certificates/322162631.json
-322436980	3	3	3	records/p3/flag-certificates/322436980.json
-322471572	3	3	3	records/p3/flag-certificates/322471572.json
-322674295	3	3	3	records/p3/flag-certificates/322674295.json
-322806356	3	3	3	records/p3/flag-certificates/322806356.json
-323020811	3	3	3	records/p3/flag-certificates/323020811.json
-323100019	3	3	3	records/p3/flag-certificates/323100019.json
-323262335	3	3	9	records/p3/flag-certificates/323262335.json
-323384759	3	3	81	records/p3/flag-certificates/323384759.json
-323828596	3	3	3	records/p3/flag-certificates/323828596.json
-323910779	3	3	3	records/p3/flag-certificates/323910779.json
-323949988	3	3	9	records/p3/flag-certificates/323949988.json
-324049963	3	3	3	records/p3/flag-certificates/324049963.json
-324385783	3	3	3	records/p3/flag-certificates/324385783.json
-324411783	3	3	3	records/p3/flag-certificates/324411783.json
-324481091	3	3	3	records/p3/flag-certificates/324481091.json
-324556591	3	3	3	records/p3/flag-certificates/324556591.json
-324658479	3	3	3	records/p3/flag-certificates/324658479.json
-324753171	3	3	3	records/p3/flag-certificates/324753171.json
-324762987	3	3	3	records/p3/flag-certificates/324762987.json
-324765012	3	3	3	records/p3/flag-certificates/324765012.json
-324843683	3	3	3	records/p3/flag-certificates/324843683.json
-324858392	3	3	3	records/p3/flag-certificates/324858392.json
-324916951	3	3	3	records/p3/flag-certificates/324916951.json
-324936947	3	3	3	records/p3/flag-certificates/324936947.json
-325004919	3	3	9	records/p3/flag-certificates/325004919.json
-325463387	3	3	729	records/p3/flag-certificates/325463387.json
-325836664	3	3	3	records/p3/flag-certificates/325836664.json
-325985560	3	3	3	records/p3/flag-certificates/325985560.json
-326075287	3	3	9	records/p3/flag-certificates/326075287.json
-326086628	3	3	3	records/p3/flag-certificates/326086628.json
-326094339	3	3	3	records/p3/flag-certificates/326094339.json
-326251643	3	3	3	records/p3/flag-certificates/326251643.json
-326316103	3	3	3	records/p3/flag-certificates/326316103.json
-326356859	3	3	3	records/p3/flag-certificates/326356859.json
-326390536	3	3	3	records/p3/flag-certificates/326390536.json
-326525995	3	3	3	records/p3/flag-certificates/326525995.json
-326536376	3	3	3	records/p3/flag-certificates/326536376.json
-326590379	3	3	9	records/p3/flag-certificates/326590379.json
-326664971	3	3	3	records/p3/flag-certificates/326664971.json
-326689640	3	3	3	records/p3/flag-certificates/326689640.json
-326723720	3	3	3	records/p3/flag-certificates/326723720.json
-326854859	3	3	3	records/p3/flag-certificates/326854859.json
-327088167	3	3	243	records/p3/flag-certificates/327088167.json
-327248711	3	3	3	records/p3/flag-certificates/327248711.json
-327354052	3	3	3	records/p3/flag-certificates/327354052.json
-327355051	3	3	27	records/p3/flag-certificates/327355051.json
-327421247	3	3	3	records/p3/flag-certificates/327421247.json
-327425240	3	3	3	records/p3/flag-certificates/327425240.json
-327465707	3	3	3	records/p3/flag-certificates/327465707.json
-327478219	3	3	3	records/p3/flag-certificates/327478219.json
-327520420	3	3	3	records/p3/flag-certificates/327520420.json
-327551399	3	3	3	records/p3/flag-certificates/327551399.json
-327743159	3	3	3	records/p3/flag-certificates/327743159.json
-327845227	3	3	3	records/p3/flag-certificates/327845227.json
-328081595	3	3	3	records/p3/flag-certificates/328081595.json
-328147672	3	3	3	records/p3/flag-certificates/328147672.json
-328270168	3	3	3	records/p3/flag-certificates/328270168.json
-328370547	3	3	6561	records/p3/flag-certificates/328370547.json
-328395395	3	3	3	records/p3/flag-certificates/328395395.json
-328401416	3	3	3	records/p3/flag-certificates/328401416.json
-328427556	3	3	27	records/p3/flag-certificates/328427556.json
-328442552	3	3	3	records/p3/flag-certificates/328442552.json
-328454779	3	3	3	records/p3/flag-certificates/328454779.json
-328457476	3	3	3	records/p3/flag-certificates/328457476.json
-328517051	3	3	3	records/p3/flag-certificates/328517051.json
-328552836	3	3	3	records/p3/flag-certificates/328552836.json
-328567191	3	3	3	records/p3/flag-certificates/328567191.json
-328727003	3	3	3	records/p3/flag-certificates/328727003.json
-328820440	3	3	3	records/p3/flag-certificates/328820440.json
-328876420	3	3	3	records/p3/flag-certificates/328876420.json
-328899223	3	3	3	records/p3/flag-certificates/328899223.json
-328959071	3	3	3	records/p3/flag-certificates/328959071.json
-329025343	3	3	3	records/p3/flag-certificates/329025343.json
-329059415	3	3	9	records/p3/flag-certificates/329059415.json
-329283752	3	3	3	records/p3/flag-certificates/329283752.json
-329309535	3	3	9	records/p3/flag-certificates/329309535.json
-329335079	3	3	3	records/p3/flag-certificates/329335079.json
-329525119	3	3	3	records/p3/flag-certificates/329525119.json
-329558199	3	3	3	records/p3/flag-certificates/329558199.json
-329596392	3	3	3	records/p3/flag-certificates/329596392.json
-329629547	3	3	3	records/p3/flag-certificates/329629547.json
-329729727	3	3	3	records/p3/flag-certificates/329729727.json
-329819855	3	3	3	records/p3/flag-certificates/329819855.json
-329921699	3	3	3	records/p3/flag-certificates/329921699.json
-329932315	3	3	3	records/p3/flag-certificates/329932315.json
-329946568	3	3	3	records/p3/flag-certificates/329946568.json
-330363236	3	3	3	records/p3/flag-certificates/330363236.json
-330540743	3	3	3	records/p3/flag-certificates/330540743.json
-330577627	3	3	3	records/p3/flag-certificates/330577627.json
-330689332	3	3	3	records/p3/flag-certificates/330689332.json
-330779656	3	3	27	records/p3/flag-certificates/330779656.json
-330804548	3	3	3	records/p3/flag-certificates/330804548.json
-331060403	3	3	3	records/p3/flag-certificates/331060403.json
-331133224	3	3	3	records/p3/flag-certificates/331133224.json
-331154491	3	3	3	records/p3/flag-certificates/331154491.json
-331305055	3	3	3	records/p3/flag-certificates/331305055.json
-331313947	3	3	3	records/p3/flag-certificates/331313947.json
-331325823	3	3	3	records/p3/flag-certificates/331325823.json
-331374923	3	3	3	records/p3/flag-certificates/331374923.json
-331393191	3	3	3	records/p3/flag-certificates/331393191.json
-331506420	3	3	9	records/p3/flag-certificates/331506420.json
-331620607	3	3	9	records/p3/flag-certificates/331620607.json
-331621635	3	3	3	records/p3/flag-certificates/331621635.json
-331650760	3	3	3	records/p3/flag-certificates/331650760.json
-331728744	3	3	3	records/p3/flag-certificates/331728744.json
-331746328	3	3	3	records/p3/flag-certificates/331746328.json
-331894099	3	3	9	records/p3/flag-certificates/331894099.json
-332091588	3	3	3	records/p3/flag-certificates/332091588.json
-332231160	3	3	3	records/p3/flag-certificates/332231160.json
-332258168	3	3	9	records/p3/flag-certificates/332258168.json
-332303032	3	3	81	records/p3/flag-certificates/332303032.json
-332337624	3	3	3	records/p3/flag-certificates/332337624.json
-332514964	3	3	3	records/p3/flag-certificates/332514964.json
-332527763	3	3	81	records/p3/flag-certificates/332527763.json
-332535479	3	3	9	records/p3/flag-certificates/332535479.json
-332562563	3	3	3	records/p3/flag-certificates/332562563.json
-332570648	3	3	3	records/p3/flag-certificates/332570648.json
-332604623	3	3	3	records/p3/flag-certificates/332604623.json
-332765236	3	3	3	records/p3/flag-certificates/332765236.json
-332816404	3	3	3	records/p3/flag-certificates/332816404.json
-332904683	3	3	3	records/p3/flag-certificates/332904683.json
-333100959	3	3	3	records/p3/flag-certificates/333100959.json
-333493519	3	3	3	records/p3/flag-certificates/333493519.json
-333516847	3	3	3	records/p3/flag-certificates/333516847.json
-333519011	3	3	3	records/p3/flag-certificates/333519011.json
-333683403	3	3	3	records/p3/flag-certificates/333683403.json
-333741560	3	3	3	records/p3/flag-certificates/333741560.json
-333781963	3	3	3	records/p3/flag-certificates/333781963.json
-333833495	3	3	3	records/p3/flag-certificates/333833495.json
-333833627	3	3	3	records/p3/flag-certificates/333833627.json
-334116872	3	3	3	records/p3/flag-certificates/334116872.json
-334197784	3	3	27	records/p3/flag-certificates/334197784.json
-334242520	3	3	3	records/p3/flag-certificates/334242520.json
-334334199	3	3	3	records/p3/flag-certificates/334334199.json
-334394627	3	3	3	records/p3/flag-certificates/334394627.json
-334470407	3	3	3	records/p3/flag-certificates/334470407.json
-334492836	3	3	3	records/p3/flag-certificates/334492836.json
-334520984	3	3	3	records/p3/flag-certificates/334520984.json
-334820947	3	3	9	records/p3/flag-certificates/334820947.json
-334844899	3	3	3	records/p3/flag-certificates/334844899.json
-334879915	3	3	3	records/p3/flag-certificates/334879915.json
-334897316	3	3	3	records/p3/flag-certificates/334897316.json
-334967467	3	3	3	records/p3/flag-certificates/334967467.json
-335123843	3	3	3	records/p3/flag-certificates/335123843.json
-335180667	3	3	3	records/p3/flag-certificates/335180667.json
-335231048	3	3	3	records/p3/flag-certificates/335231048.json
-335337432	3	3	3	records/p3/flag-certificates/335337432.json
-335426107	3	3	3	records/p3/flag-certificates/335426107.json
-335557016	3	3	3	records/p3/flag-certificates/335557016.json
-335581871	3	3	3	records/p3/flag-certificates/335581871.json
-335626231	3	3	3	records/p3/flag-certificates/335626231.json
-335707463	3	3	3	records/p3/flag-certificates/335707463.json
-335826211	3	3	3	records/p3/flag-certificates/335826211.json
-336018651	3	3	3	records/p3/flag-certificates/336018651.json
-336198527	3	3	3	records/p3/flag-certificates/336198527.json
-336304436	3	3	3	records/p3/flag-certificates/336304436.json
-336309683	3	3	3	records/p3/flag-certificates/336309683.json
-336374619	3	3	3	records/p3/flag-certificates/336374619.json
-336445435	3	3	3	records/p3/flag-certificates/336445435.json
-336470423	3	3	3	records/p3/flag-certificates/336470423.json
-336508628	3	3	27	records/p3/flag-certificates/336508628.json
-336570203	3	3	3	records/p3/flag-certificates/336570203.json
-336772859	3	3	3	records/p3/flag-certificates/336772859.json
-336782599	3	3	9	records/p3/flag-certificates/336782599.json
-336845076	3	3	3	records/p3/flag-certificates/336845076.json
-336877995	3	3	3	records/p3/flag-certificates/336877995.json
-336881179	3	3	3	records/p3/flag-certificates/336881179.json
-336980632	3	3	3	records/p3/flag-certificates/336980632.json
-337262727	3	3	729	records/p3/flag-certificates/337262727.json
-337387668	3	3	3	records/p3/flag-certificates/337387668.json
-337450899	3	3	81	records/p3/flag-certificates/337450899.json
-337455987	3	3	3	records/p3/flag-certificates/337455987.json
-337539535	3	3	3	records/p3/flag-certificates/337539535.json
-337550803	3	3	3	records/p3/flag-certificates/337550803.json
-337680555	3	3	27	records/p3/flag-certificates/337680555.json
-337722483	3	3	3	records/p3/flag-certificates/337722483.json
-337890667	3	3	3	records/p3/flag-certificates/337890667.json
-338012520	3	3	3	records/p3/flag-certificates/338012520.json
-338121411	3	3	3	records/p3/flag-certificates/338121411.json
-338134568	3	3	3	records/p3/flag-certificates/338134568.json
-338147987	3	3	3	records/p3/flag-certificates/338147987.json
-338151079	3	3	3	records/p3/flag-certificates/338151079.json
-338231307	3	3	9	records/p3/flag-certificates/338231307.json
-338859044	3	3	3	records/p3/flag-certificates/338859044.json
-338918916	3	3	3	records/p3/flag-certificates/338918916.json
-338976627	3	3	9	records/p3/flag-certificates/338976627.json
-338980143	3	3	243	records/p3/flag-certificates/338980143.json
-339058520	3	3	3	records/p3/flag-certificates/339058520.json
-339065491	3	3	3	records/p3/flag-certificates/339065491.json
-339207895	3	3	3	records/p3/flag-certificates/339207895.json
-339209139	3	3	6561	records/p3/flag-certificates/339209139.json
-339417672	3	3	3	records/p3/flag-certificates/339417672.json
-339444619	3	3	3	records/p3/flag-certificates/339444619.json
-339508931	3	3	3	records/p3/flag-certificates/339508931.json
-339528824	3	3	3	records/p3/flag-certificates/339528824.json
-339563199	3	3	3	records/p3/flag-certificates/339563199.json
-339579347	3	3	3	records/p3/flag-certificates/339579347.json
-339610628	3	3	3	records/p3/flag-certificates/339610628.json
-339639791	3	3	3	records/p3/flag-certificates/339639791.json
-339964008	3	3	3	records/p3/flag-certificates/339964008.json
-339970164	3	3	3	records/p3/flag-certificates/339970164.json
-340004888	3	3	3	records/p3/flag-certificates/340004888.json
-340355368	3	3	3	records/p3/flag-certificates/340355368.json
-340366799	3	3	3	records/p3/flag-certificates/340366799.json
-340430379	3	3	3	records/p3/flag-certificates/340430379.json
-340445256	3	3	3	records/p3/flag-certificates/340445256.json
-340471464	3	3	9	records/p3/flag-certificates/340471464.json
-340547035	3	3	2187	records/p3/flag-certificates/340547035.json
-340596443	3	3	3	records/p3/flag-certificates/340596443.json
-340611703	3	3	3	records/p3/flag-certificates/340611703.json
-340688039	3	3	3	records/p3/flag-certificates/340688039.json
-340700996	3	3	3	records/p3/flag-certificates/340700996.json
-340712355	3	3	3	records/p3/flag-certificates/340712355.json
-340741483	3	3	3	records/p3/flag-certificates/340741483.json
-340789796	3	3	3	records/p3/flag-certificates/340789796.json
-341031631	3	3	3	records/p3/flag-certificates/341031631.json
-341205243	3	3	3	records/p3/flag-certificates/341205243.json
-341234743	3	3	3	records/p3/flag-certificates/341234743.json
-341247055	3	3	3	records/p3/flag-certificates/341247055.json
-341247535	3	3	3	records/p3/flag-certificates/341247535.json
-341655736	3	3	3	records/p3/flag-certificates/341655736.json
-341668308	3	3	9	records/p3/flag-certificates/341668308.json
-341748227	3	3	3	records/p3/flag-certificates/341748227.json
-341754911	3	3	3	records/p3/flag-certificates/341754911.json
-341768983	3	3	9	records/p3/flag-certificates/341768983.json
-341770420	3	3	3	records/p3/flag-certificates/341770420.json
-341808387	3	3	3	records/p3/flag-certificates/341808387.json
-341827940	3	3	3	records/p3/flag-certificates/341827940.json
-341950132	3	3	3	records/p3/flag-certificates/341950132.json
-341992955	3	3	3	records/p3/flag-certificates/341992955.json
-342070655	3	3	3	records/p3/flag-certificates/342070655.json
-342145307	3	3	3	records/p3/flag-certificates/342145307.json
-342208052	3	3	3	records/p3/flag-certificates/342208052.json
-342247639	3	3	9	records/p3/flag-certificates/342247639.json
-342264163	3	3	3	records/p3/flag-certificates/342264163.json
-342291659	3	3	3	records/p3/flag-certificates/342291659.json
-342464943	3	3	3	records/p3/flag-certificates/342464943.json
-342795347	3	3	9	records/p3/flag-certificates/342795347.json
-342856351	3	3	3	records/p3/flag-certificates/342856351.json
-342866312	3	3	3	records/p3/flag-certificates/342866312.json
-342996884	3	3	3	records/p3/flag-certificates/342996884.json
-343178515	3	3	3	records/p3/flag-certificates/343178515.json
-343344244	3	3	3	records/p3/flag-certificates/343344244.json
-343427531	3	3	3	records/p3/flag-certificates/343427531.json
-343443172	3	3	3	records/p3/flag-certificates/343443172.json
-343496856	3	3	3	records/p3/flag-certificates/343496856.json
-343541519	3	3	3	records/p3/flag-certificates/343541519.json
-343555791	3	3	3	records/p3/flag-certificates/343555791.json
-343589527	3	3	3	records/p3/flag-certificates/343589527.json
-343593595	3	3	3	records/p3/flag-certificates/343593595.json
-343678139	3	3	9	records/p3/flag-certificates/343678139.json
-343798212	3	3	3	records/p3/flag-certificates/343798212.json
-343818779	3	3	3	records/p3/flag-certificates/343818779.json
-343902488	3	3	3	records/p3/flag-certificates/343902488.json
-343910395	3	3	3	records/p3/flag-certificates/343910395.json
-343936427	3	3	3	records/p3/flag-certificates/343936427.json
-343977668	3	3	3	records/p3/flag-certificates/343977668.json
-343987043	3	3	9	records/p3/flag-certificates/343987043.json
-344027091	3	3	3	records/p3/flag-certificates/344027091.json
-344184339	3	3	3	records/p3/flag-certificates/344184339.json
-344202243	3	3	3	records/p3/flag-certificates/344202243.json
-344297387	3	3	3	records/p3/flag-certificates/344297387.json
-344301819	3	3	3	records/p3/flag-certificates/344301819.json
-344398603	3	3	3	records/p3/flag-certificates/344398603.json
-344670791	3	3	3	records/p3/flag-certificates/344670791.json
-344675443	3	3	3	records/p3/flag-certificates/344675443.json
-344695528	3	3	3	records/p3/flag-certificates/344695528.json
-344738107	3	3	3	records/p3/flag-certificates/344738107.json
-345010855	3	3	3	records/p3/flag-certificates/345010855.json
-345037919	3	3	3	records/p3/flag-certificates/345037919.json
-345344639	3	3	3	records/p3/flag-certificates/345344639.json
-345449939	3	3	3	records/p3/flag-certificates/345449939.json
-345598964	3	3	3	records/p3/flag-certificates/345598964.json
-345685859	3	3	3	records/p3/flag-certificates/345685859.json
-345721539	3	3	3	records/p3/flag-certificates/345721539.json
-345794835	3	3	3	records/p3/flag-certificates/345794835.json
-345798859	3	3	3	records/p3/flag-certificates/345798859.json
-345818371	3	3	27	records/p3/flag-certificates/345818371.json
-345830372	3	3	3	records/p3/flag-certificates/345830372.json
-346087207	3	3	3	records/p3/flag-certificates/346087207.json
-346143435	3	3	3	records/p3/flag-certificates/346143435.json
-346301583	3	3	3	records/p3/flag-certificates/346301583.json
-346376091	3	3	3	records/p3/flag-certificates/346376091.json
-346426068	3	3	3	records/p3/flag-certificates/346426068.json
-346447643	3	3	3	records/p3/flag-certificates/346447643.json
-346623259	3	3	3	records/p3/flag-certificates/346623259.json
-346734391	3	3	3	records/p3/flag-certificates/346734391.json
-346796195	3	3	3	records/p3/flag-certificates/346796195.json
-346967764	3	3	3	records/p3/flag-certificates/346967764.json
-347048071	3	3	3	records/p3/flag-certificates/347048071.json
-347060755	3	3	3	records/p3/flag-certificates/347060755.json
-347133611	3	3	9	records/p3/flag-certificates/347133611.json
-347180984	3	3	3	records/p3/flag-certificates/347180984.json
-347227539	3	3	3	records/p3/flag-certificates/347227539.json
-347250039	3	3	3	records/p3/flag-certificates/347250039.json
-347781268	3	3	3	records/p3/flag-certificates/347781268.json
-347782619	3	3	3	records/p3/flag-certificates/347782619.json
-347813287	3	3	3	records/p3/flag-certificates/347813287.json
-347849659	3	3	3	records/p3/flag-certificates/347849659.json
-347851759	3	3	3	records/p3/flag-certificates/347851759.json
-348172712	3	3	3	records/p3/flag-certificates/348172712.json
-348323727	3	3	3	records/p3/flag-certificates/348323727.json
-348481835	3	3	3	records/p3/flag-certificates/348481835.json
-348486459	3	3	3	records/p3/flag-certificates/348486459.json
-348591119	3	3	3	records/p3/flag-certificates/348591119.json
-348685899	3	3	3	records/p3/flag-certificates/348685899.json
-348697183	3	3	3	records/p3/flag-certificates/348697183.json
-348710179	3	3	3	records/p3/flag-certificates/348710179.json
-348784995	3	3	3	records/p3/flag-certificates/348784995.json
-348816891	3	3	3	records/p3/flag-certificates/348816891.json
-348894023	3	3	3	records/p3/flag-certificates/348894023.json
-348957336	3	3	3	records/p3/flag-certificates/348957336.json
-349269307	3	3	3	records/p3/flag-certificates/349269307.json
-349329844	3	3	3	records/p3/flag-certificates/349329844.json
-349340971	3	3	9	records/p3/flag-certificates/349340971.json
-349367716	3	3	243	records/p3/flag-certificates/349367716.json
-349437192	3	3	9	records/p3/flag-certificates/349437192.json
-349481539	3	3	3	records/p3/flag-certificates/349481539.json
-349539259	3	3	3	records/p3/flag-certificates/349539259.json
-349639016	3	3	3	records/p3/flag-certificates/349639016.json
-349644487	3	3	3	records/p3/flag-certificates/349644487.json
-349729627	3	3	3	records/p3/flag-certificates/349729627.json
-349800216	3	3	3	records/p3/flag-certificates/349800216.json
-349971403	3	3	3	records/p3/flag-certificates/349971403.json
-350040035	3	3	3	records/p3/flag-certificates/350040035.json
-350463923	3	3	3	records/p3/flag-certificates/350463923.json
-350627791	3	3	3	records/p3/flag-certificates/350627791.json
-350687284	3	3	3	records/p3/flag-certificates/350687284.json
-350769092	3	3	3	records/p3/flag-certificates/350769092.json
-350915671	3	3	3	records/p3/flag-certificates/350915671.json
-351073156	3	3	3	records/p3/flag-certificates/351073156.json
-351114292	3	3	3	records/p3/flag-certificates/351114292.json
-351134951	3	3	3	records/p3/flag-certificates/351134951.json
-351333979	3	3	3	records/p3/flag-certificates/351333979.json
-351386580	3	3	3	records/p3/flag-certificates/351386580.json
-351696703	3	3	3	records/p3/flag-certificates/351696703.json
-351839752	3	3	3	records/p3/flag-certificates/351839752.json
-352156627	3	3	3	records/p3/flag-certificates/352156627.json
-352264495	3	3	3	records/p3/flag-certificates/352264495.json
-352266483	3	3	3	records/p3/flag-certificates/352266483.json
-352366244	3	3	3	records/p3/flag-certificates/352366244.json
-352621540	3	3	3	records/p3/flag-certificates/352621540.json
-352663863	3	3	3	records/p3/flag-certificates/352663863.json
-352691544	3	3	3	records/p3/flag-certificates/352691544.json
-352728276	3	3	3	records/p3/flag-certificates/352728276.json
-352796183	3	3	3	records/p3/flag-certificates/352796183.json
-352832043	3	3	3	records/p3/flag-certificates/352832043.json
-352912312	3	3	729	records/p3/flag-certificates/352912312.json
-353083263	3	3	3	records/p3/flag-certificates/353083263.json
-353094583	3	3	3	records/p3/flag-certificates/353094583.json
-353193347	3	3	3	records/p3/flag-certificates/353193347.json
-353231639	3	3	3	records/p3/flag-certificates/353231639.json
-353427571	3	3	3	records/p3/flag-certificates/353427571.json
-353601127	3	3	3	records/p3/flag-certificates/353601127.json
-353617735	3	3	3	records/p3/flag-certificates/353617735.json
-353707636	3	3	3	records/p3/flag-certificates/353707636.json
-353912024	3	3	3	records/p3/flag-certificates/353912024.json
-353935787	3	3	729	records/p3/flag-certificates/353935787.json
-354042955	3	3	3	records/p3/flag-certificates/354042955.json
-354113183	3	3	3	records/p3/flag-certificates/354113183.json
-354213647	3	3	3	records/p3/flag-certificates/354213647.json
-354542776	3	3	3	records/p3/flag-certificates/354542776.json
-354656291	3	3	81	records/p3/flag-certificates/354656291.json
-354677963	3	3	81	records/p3/flag-certificates/354677963.json
-354733471	3	3	3	records/p3/flag-certificates/354733471.json
-354866819	3	3	9	records/p3/flag-certificates/354866819.json
-354889079	3	3	3	records/p3/flag-certificates/354889079.json
-354931924	3	3	3	records/p3/flag-certificates/354931924.json
-354989128	3	3	3	records/p3/flag-certificates/354989128.json
-355010971	3	3	3	records/p3/flag-certificates/355010971.json
-355204072	3	3	3	records/p3/flag-certificates/355204072.json
-355403827	3	3	3	records/p3/flag-certificates/355403827.json
-355517108	3	3	3	records/p3/flag-certificates/355517108.json
-355661367	3	3	3	records/p3/flag-certificates/355661367.json
-355671476	3	3	27	records/p3/flag-certificates/355671476.json
-355776836	3	3	27	records/p3/flag-certificates/355776836.json
-355973336	3	3	3	records/p3/flag-certificates/355973336.json
-356143751	3	3	3	records/p3/flag-certificates/356143751.json
-356201215	3	3	3	records/p3/flag-certificates/356201215.json
-356243163	3	3	3	records/p3/flag-certificates/356243163.json
-356277639	3	3	3	records/p3/flag-certificates/356277639.json
-356300488	3	3	3	records/p3/flag-certificates/356300488.json
-356479291	3	3	9	records/p3/flag-certificates/356479291.json
-356535640	3	3	3	records/p3/flag-certificates/356535640.json
-356646215	3	3	3	records/p3/flag-certificates/356646215.json
-357192708	3	3	3	records/p3/flag-certificates/357192708.json
-357306007	3	3	27	records/p3/flag-certificates/357306007.json
-357337711	3	3	3	records/p3/flag-certificates/357337711.json
-357475307	3	3	3	records/p3/flag-certificates/357475307.json
-357577691	3	3	243	records/p3/flag-certificates/357577691.json
-357664999	3	3	3	records/p3/flag-certificates/357664999.json
-357798579	3	3	3	records/p3/flag-certificates/357798579.json
-357946847	3	3	3	records/p3/flag-certificates/357946847.json
-358212523	3	3	3	records/p3/flag-certificates/358212523.json
-358245971	3	3	3	records/p3/flag-certificates/358245971.json
-358274363	3	3	3	records/p3/flag-certificates/358274363.json
-358299332	3	3	3	records/p3/flag-certificates/358299332.json
-358306699	3	3	3	records/p3/flag-certificates/358306699.json
-358328623	3	3	3	records/p3/flag-certificates/358328623.json
-358476679	3	3	3	records/p3/flag-certificates/358476679.json
-358566008	3	3	3	records/p3/flag-certificates/358566008.json
-358599271	3	3	3	records/p3/flag-certificates/358599271.json
-358620479	3	3	243	records/p3/flag-certificates/358620479.json
-358652499	3	3	9	records/p3/flag-certificates/358652499.json
-358698083	3	3	3	records/p3/flag-certificates/358698083.json
-358757303	3	3	27	records/p3/flag-certificates/358757303.json
-358844783	3	3	3	records/p3/flag-certificates/358844783.json
-358875256	3	3	3	records/p3/flag-certificates/358875256.json
-358940767	3	3	3	records/p3/flag-certificates/358940767.json
-359348851	3	3	3	records/p3/flag-certificates/359348851.json
-359411048	3	3	729	records/p3/flag-certificates/359411048.json
-359857668	3	3	243	records/p3/flag-certificates/359857668.json
-359928103	3	3	9	records/p3/flag-certificates/359928103.json
-360066820	3	3	3	records/p3/flag-certificates/360066820.json
-360297368	3	3	3	records/p3/flag-certificates/360297368.json
-360320683	3	3	243	records/p3/flag-certificates/360320683.json
-360480687	3	3	3	records/p3/flag-certificates/360480687.json
-360487015	3	3	81	records/p3/flag-certificates/360487015.json
-360575432	3	3	3	records/p3/flag-certificates/360575432.json
-360693515	3	3	3	records/p3/flag-certificates/360693515.json
-360707668	3	3	3	records/p3/flag-certificates/360707668.json
-360749559	3	3	3	records/p3/flag-certificates/360749559.json
-360944039	3	3	9	records/p3/flag-certificates/360944039.json
-361025299	3	3	3	records/p3/flag-certificates/361025299.json
-361177528	3	3	3	records/p3/flag-certificates/361177528.json
-361230607	3	3	3	records/p3/flag-certificates/361230607.json
-361352963	3	3	3	records/p3/flag-certificates/361352963.json
-361525539	3	3	3	records/p3/flag-certificates/361525539.json
-361535927	3	3	9	records/p3/flag-certificates/361535927.json
-361667044	3	3	3	records/p3/flag-certificates/361667044.json
-362097784	3	3	3	records/p3/flag-certificates/362097784.json
-362230843	3	3	3	records/p3/flag-certificates/362230843.json
-362268359	3	3	3	records/p3/flag-certificates/362268359.json
-362328616	3	3	3	records/p3/flag-certificates/362328616.json
-362366228	3	3	3	records/p3/flag-certificates/362366228.json
-362571256	3	3	3	records/p3/flag-certificates/362571256.json
-362614984	3	3	3	records/p3/flag-certificates/362614984.json
-362739560	3	3	3	records/p3/flag-certificates/362739560.json
-362804647	3	3	3	records/p3/flag-certificates/362804647.json
-363193007	3	3	3	records/p3/flag-certificates/363193007.json
-363282719	3	3	3	records/p3/flag-certificates/363282719.json
-363342596	3	3	3	records/p3/flag-certificates/363342596.json
-363358891	3	3	3	records/p3/flag-certificates/363358891.json
-363533512	3	3	3	records/p3/flag-certificates/363533512.json
-363619559	3	3	3	records/p3/flag-certificates/363619559.json
-363725659	3	3	3	records/p3/flag-certificates/363725659.json
-363792872	3	3	3	records/p3/flag-certificates/363792872.json
-363911243	3	3	3	records/p3/flag-certificates/363911243.json
-364033956	3	3	3	records/p3/flag-certificates/364033956.json
-364126591	3	3	3	records/p3/flag-certificates/364126591.json
-364173711	3	3	9	records/p3/flag-certificates/364173711.json
-364351544	3	3	3	records/p3/flag-certificates/364351544.json
-364584747	3	3	3	records/p3/flag-certificates/364584747.json
-364638955	3	3	3	records/p3/flag-certificates/364638955.json
-364698676	3	3	3	records/p3/flag-certificates/364698676.json
-364720351	3	3	3	records/p3/flag-certificates/364720351.json
-364770519	3	3	3	records/p3/flag-certificates/364770519.json
-364795207	3	3	3	records/p3/flag-certificates/364795207.json
-364888212	3	3	3	records/p3/flag-certificates/364888212.json
-365069627	3	3	243	records/p3/flag-certificates/365069627.json
-365143683	3	3	3	records/p3/flag-certificates/365143683.json
-365215951	3	3	3	records/p3/flag-certificates/365215951.json
-365413883	3	3	3	records/p3/flag-certificates/365413883.json
-365476127	3	3	3	records/p3/flag-certificates/365476127.json
-365582756	3	3	3	records/p3/flag-certificates/365582756.json
-365590427	3	3	3	records/p3/flag-certificates/365590427.json
-365601343	3	3	3	records/p3/flag-certificates/365601343.json
-365673187	3	3	3	records/p3/flag-certificates/365673187.json
-365855543	3	3	3	records/p3/flag-certificates/365855543.json
-366070323	3	3	3	records/p3/flag-certificates/366070323.json
-366180223	3	3	3	records/p3/flag-certificates/366180223.json
-366186571	3	3	3	records/p3/flag-certificates/366186571.json
-366397080	3	3	3	records/p3/flag-certificates/366397080.json
-366400760	3	3	3	records/p3/flag-certificates/366400760.json
-366484127	3	3	3	records/p3/flag-certificates/366484127.json
-366728587	3	3	3	records/p3/flag-certificates/366728587.json
-366780443	3	3	3	records/p3/flag-certificates/366780443.json
-366792611	3	3	3	records/p3/flag-certificates/366792611.json
-366841096	3	3	9	records/p3/flag-certificates/366841096.json
-366954059	3	3	3	records/p3/flag-certificates/366954059.json
-367038872	3	3	3	records/p3/flag-certificates/367038872.json
-367102136	3	3	3	records/p3/flag-certificates/367102136.json
-367125359	3	3	3	records/p3/flag-certificates/367125359.json
-367128115	3	3	3	records/p3/flag-certificates/367128115.json
-367153768	3	3	3	records/p3/flag-certificates/367153768.json
-367210696	3	3	3	records/p3/flag-certificates/367210696.json
-367294904	3	3	9	records/p3/flag-certificates/367294904.json
-367357279	3	3	3	records/p3/flag-certificates/367357279.json
-367474327	3	3	3	records/p3/flag-certificates/367474327.json
-367587059	3	3	3	records/p3/flag-certificates/367587059.json
-367745791	3	3	3	records/p3/flag-certificates/367745791.json
-367781239	3	3	3	records/p3/flag-certificates/367781239.json
-367982815	3	3	3	records/p3/flag-certificates/367982815.json
-368073892	3	3	3	records/p3/flag-certificates/368073892.json
-368218679	3	3	3	records/p3/flag-certificates/368218679.json
-368258356	3	3	3	records/p3/flag-certificates/368258356.json
-368351076	3	3	3	records/p3/flag-certificates/368351076.json
-368352455	3	3	3	records/p3/flag-certificates/368352455.json
-368487123	3	3	3	records/p3/flag-certificates/368487123.json
-368513444	3	3	3	records/p3/flag-certificates/368513444.json
-368536451	3	3	3	records/p3/flag-certificates/368536451.json
-368636527	3	3	3	records/p3/flag-certificates/368636527.json
-368718356	3	3	3	records/p3/flag-certificates/368718356.json
-368732723	3	3	3	records/p3/flag-certificates/368732723.json
-368743396	3	3	27	records/p3/flag-certificates/368743396.json
-368798155	3	3	9	records/p3/flag-certificates/368798155.json
-368812735	3	3	3	records/p3/flag-certificates/368812735.json
-368897919	3	3	3	records/p3/flag-certificates/368897919.json
-369091959	3	3	3	records/p3/flag-certificates/369091959.json
-369131667	3	3	3	records/p3/flag-certificates/369131667.json
-369142511	3	3	3	records/p3/flag-certificates/369142511.json
-369151331	3	3	3	records/p3/flag-certificates/369151331.json
-369154563	3	3	3	records/p3/flag-certificates/369154563.json
-369241007	3	3	9	records/p3/flag-certificates/369241007.json
-369290219	3	3	3	records/p3/flag-certificates/369290219.json
-369399736	3	3	9	records/p3/flag-certificates/369399736.json
-369404563	3	3	3	records/p3/flag-certificates/369404563.json
-369505572	3	3	3	records/p3/flag-certificates/369505572.json
-369519128	3	3	3	records/p3/flag-certificates/369519128.json
-369532219	3	3	3	records/p3/flag-certificates/369532219.json
-369849227	3	3	3	records/p3/flag-certificates/369849227.json
-369866923	3	3	3	records/p3/flag-certificates/369866923.json
-370094468	3	3	3	records/p3/flag-certificates/370094468.json
-370185643	3	3	3	records/p3/flag-certificates/370185643.json
-370312543	3	3	3	records/p3/flag-certificates/370312543.json
-370354231	3	3	3	records/p3/flag-certificates/370354231.json
-370410340	3	3	27	records/p3/flag-certificates/370410340.json
-370418683	3	3	3	records/p3/flag-certificates/370418683.json
-370439531	3	3	3	records/p3/flag-certificates/370439531.json
-370702943	3	3	3	records/p3/flag-certificates/370702943.json
-370776831	3	3	3	records/p3/flag-certificates/370776831.json
-370786747	3	3	3	records/p3/flag-certificates/370786747.json
-370926532	3	3	3	records/p3/flag-certificates/370926532.json
-370933847	3	3	3	records/p3/flag-certificates/370933847.json
-371007572	3	3	3	records/p3/flag-certificates/371007572.json
-371135455	3	3	3	records/p3/flag-certificates/371135455.json
-371202799	3	3	3	records/p3/flag-certificates/371202799.json
-371253899	3	3	3	records/p3/flag-certificates/371253899.json
-371254911	3	3	3	records/p3/flag-certificates/371254911.json
-371361547	3	3	3	records/p3/flag-certificates/371361547.json
-371445448	3	3	3	records/p3/flag-certificates/371445448.json
-371617931	3	3	3	records/p3/flag-certificates/371617931.json
-371821956	3	3	3	records/p3/flag-certificates/371821956.json
-371827823	3	3	3	records/p3/flag-certificates/371827823.json
-372032643	3	3	3	records/p3/flag-certificates/372032643.json
-372058367	3	3	3	records/p3/flag-certificates/372058367.json
-372141812	3	3	9	records/p3/flag-certificates/372141812.json
-372179336	3	3	3	records/p3/flag-certificates/372179336.json
-372330040	3	3	729	records/p3/flag-certificates/372330040.json
-372338472	3	3	3	records/p3/flag-certificates/372338472.json
-372389735	3	3	3	records/p3/flag-certificates/372389735.json
-372455763	3	3	9	records/p3/flag-certificates/372455763.json
-372573528	3	3	3	records/p3/flag-certificates/372573528.json
-372590551	3	3	3	records/p3/flag-certificates/372590551.json
-372821043	3	3	81	records/p3/flag-certificates/372821043.json
-372935892	3	3	3	records/p3/flag-certificates/372935892.json
-372946755	3	3	3	records/p3/flag-certificates/372946755.json
-373010123	3	3	3	records/p3/flag-certificates/373010123.json
-373020979	3	3	3	records/p3/flag-certificates/373020979.json
-373054943	3	3	3	records/p3/flag-certificates/373054943.json
-373071619	3	3	3	records/p3/flag-certificates/373071619.json
-373091267	3	3	3	records/p3/flag-certificates/373091267.json
-373191748	3	3	3	records/p3/flag-certificates/373191748.json
-373239451	3	3	3	records/p3/flag-certificates/373239451.json
-373262711	3	3	3	records/p3/flag-certificates/373262711.json
-373481912	3	3	3	records/p3/flag-certificates/373481912.json
-373581799	3	3	3	records/p3/flag-certificates/373581799.json
-373626580	3	3	3	records/p3/flag-certificates/373626580.json
-373704263	3	3	3	records/p3/flag-certificates/373704263.json
-373852667	3	3	3	records/p3/flag-certificates/373852667.json
-373969316	3	3	3	records/p3/flag-certificates/373969316.json
-374131463	3	3	3	records/p3/flag-certificates/374131463.json
-374358847	3	3	3	records/p3/flag-certificates/374358847.json
-374455247	3	3	9	records/p3/flag-certificates/374455247.json
-374586891	3	3	3	records/p3/flag-certificates/374586891.json
-374598804	3	3	3	records/p3/flag-certificates/374598804.json
-374629831	3	3	3	records/p3/flag-certificates/374629831.json
-374894967	3	3	27	records/p3/flag-certificates/374894967.json
-375210728	3	3	3	records/p3/flag-certificates/375210728.json
-375277112	3	3	3	records/p3/flag-certificates/375277112.json
-375475835	3	3	3	records/p3/flag-certificates/375475835.json
-375510931	3	3	9	records/p3/flag-certificates/375510931.json
-375607499	3	3	3	records/p3/flag-certificates/375607499.json
-375635787	3	3	3	records/p3/flag-certificates/375635787.json
-375744623	3	3	3	records/p3/flag-certificates/375744623.json
-375767083	3	3	9	records/p3/flag-certificates/375767083.json
-376035204	3	3	3	records/p3/flag-certificates/376035204.json
-376251891	3	3	3	records/p3/flag-certificates/376251891.json
-376375367	3	3	9	records/p3/flag-certificates/376375367.json
-376424303	3	3	9	records/p3/flag-certificates/376424303.json
-376500007	3	3	3	records/p3/flag-certificates/376500007.json
-376576568	3	3	3	records/p3/flag-certificates/376576568.json
-376627623	3	3	3	records/p3/flag-certificates/376627623.json
-376675939	3	3	3	records/p3/flag-certificates/376675939.json
-376800344	3	3	3	records/p3/flag-certificates/376800344.json
-376907359	3	3	3	records/p3/flag-certificates/376907359.json
-376982792	3	3	3	records/p3/flag-certificates/376982792.json
-377152787	3	3	3	records/p3/flag-certificates/377152787.json
-377254091	3	3	3	records/p3/flag-certificates/377254091.json
-377490703	3	3	3	records/p3/flag-certificates/377490703.json
-377585959	3	3	3	records/p3/flag-certificates/377585959.json
-377721183	3	3	3	records/p3/flag-certificates/377721183.json
-377890051	3	3	3	records/p3/flag-certificates/377890051.json
-377962891	3	3	3	records/p3/flag-certificates/377962891.json
-378035843	3	3	3	records/p3/flag-certificates/378035843.json
-378192523	3	3	3	records/p3/flag-certificates/378192523.json
-378277172	3	3	3	records/p3/flag-certificates/378277172.json
-378324595	3	3	3	records/p3/flag-certificates/378324595.json
-378379083	3	3	3	records/p3/flag-certificates/378379083.json
-378538391	3	3	3	records/p3/flag-certificates/378538391.json
-378539023	3	3	3	records/p3/flag-certificates/378539023.json
-378649055	3	3	27	records/p3/flag-certificates/378649055.json
-378761747	3	3	3	records/p3/flag-certificates/378761747.json
-378815939	3	3	3	records/p3/flag-certificates/378815939.json
-378932351	3	3	3	records/p3/flag-certificates/378932351.json
-378945656	3	3	3	records/p3/flag-certificates/378945656.json
-379075559	3	3	3	records/p3/flag-certificates/379075559.json
-379701499	3	3	3	records/p3/flag-certificates/379701499.json
-379756463	3	3	27	records/p3/flag-certificates/379756463.json
-379780760	3	3	9	records/p3/flag-certificates/379780760.json
-379830436	3	3	3	records/p3/flag-certificates/379830436.json
-379992116	3	3	3	records/p3/flag-certificates/379992116.json
-380080504	3	3	3	records/p3/flag-certificates/380080504.json
-380225635	3	3	27	records/p3/flag-certificates/380225635.json
-380272067	3	3	3	records/p3/flag-certificates/380272067.json
-380351019	3	3	3	records/p3/flag-certificates/380351019.json
-380429547	3	3	3	records/p3/flag-certificates/380429547.json
-380447255	3	3	3	records/p3/flag-certificates/380447255.json
-381054351	3	3	3	records/p3/flag-certificates/381054351.json
-381391239	3	3	3	records/p3/flag-certificates/381391239.json
-381504056	3	3	3	records/p3/flag-certificates/381504056.json
-381575019	3	3	3	records/p3/flag-certificates/381575019.json
-381644939	3	3	3	records/p3/flag-certificates/381644939.json
-381694564	3	3	3	records/p3/flag-certificates/381694564.json
-381752776	3	3	3	records/p3/flag-certificates/381752776.json
-381886696	3	3	3	records/p3/flag-certificates/381886696.json
-382213127	3	3	729	records/p3/flag-certificates/382213127.json
-382227672	3	3	3	records/p3/flag-certificates/382227672.json
-382247827	3	3	3	records/p3/flag-certificates/382247827.json
-382250152	3	3	3	records/p3/flag-certificates/382250152.json
-382259832	3	3	3	records/p3/flag-certificates/382259832.json
-382386703	3	3	3	records/p3/flag-certificates/382386703.json
-382391812	3	3	3	records/p3/flag-certificates/382391812.json
-382416439	3	3	3	records/p3/flag-certificates/382416439.json
-382483992	3	3	3	records/p3/flag-certificates/382483992.json
-382496039	3	3	3	records/p3/flag-certificates/382496039.json
-382597059	3	3	3	records/p3/flag-certificates/382597059.json
-382643439	3	3	3	records/p3/flag-certificates/382643439.json
-382727123	3	3	3	records/p3/flag-certificates/382727123.json
-382737992	3	3	3	records/p3/flag-certificates/382737992.json
-382752303	3	3	3	records/p3/flag-certificates/382752303.json
-382859732	3	3	3	records/p3/flag-certificates/382859732.json
-382945979	3	3	3	records/p3/flag-certificates/382945979.json
-383053603	3	3	3	records/p3/flag-certificates/383053603.json
-383077608	3	3	3	records/p3/flag-certificates/383077608.json
-383381124	3	3	3	records/p3/flag-certificates/383381124.json
-383449207	3	3	3	records/p3/flag-certificates/383449207.json
-383520068	3	3	9	records/p3/flag-certificates/383520068.json
-383573363	3	3	3	records/p3/flag-certificates/383573363.json
-383773251	3	3	3	records/p3/flag-certificates/383773251.json
-383787003	3	3	3	records/p3/flag-certificates/383787003.json
-383820431	3	3	3	records/p3/flag-certificates/383820431.json
-383887128	3	3	3	records/p3/flag-certificates/383887128.json
-384330547	3	3	3	records/p3/flag-certificates/384330547.json
-384364603	3	3	3	records/p3/flag-certificates/384364603.json
-384409139	3	3	3	records/p3/flag-certificates/384409139.json
-384613816	3	3	3	records/p3/flag-certificates/384613816.json
-384636056	3	3	3	records/p3/flag-certificates/384636056.json
-384727928	3	3	3	records/p3/flag-certificates/384727928.json
-384763611	3	3	3	records/p3/flag-certificates/384763611.json
-384782979	3	3	3	records/p3/flag-certificates/384782979.json
-384806863	3	3	9	records/p3/flag-certificates/384806863.json
-385006919	3	3	9	records/p3/flag-certificates/385006919.json
-385057823	3	3	9	records/p3/flag-certificates/385057823.json
-385060180	3	3	3	records/p3/flag-certificates/385060180.json
-385079608	3	3	3	records/p3/flag-certificates/385079608.json
-385116815	3	3	3	records/p3/flag-certificates/385116815.json
-385144712	3	3	3	records/p3/flag-certificates/385144712.json
-385225591	3	3	3	records/p3/flag-certificates/385225591.json
-385230527	3	3	3	records/p3/flag-certificates/385230527.json
-385303384	3	3	3	records/p3/flag-certificates/385303384.json
-385335931	3	3	3	records/p3/flag-certificates/385335931.json
-385346811	3	3	3	records/p3/flag-certificates/385346811.json
-385924827	3	3	3	records/p3/flag-certificates/385924827.json
-385988899	3	3	3	records/p3/flag-certificates/385988899.json
-386130547	3	3	3	records/p3/flag-certificates/386130547.json
-386145163	3	3	3	records/p3/flag-certificates/386145163.json
-386202171	3	3	3	records/p3/flag-certificates/386202171.json
-386348279	3	3	3	records/p3/flag-certificates/386348279.json
-386637492	3	3	3	records/p3/flag-certificates/386637492.json
-386686264	3	3	3	records/p3/flag-certificates/386686264.json
-386753523	3	3	3	records/p3/flag-certificates/386753523.json
-386901431	3	3	3	records/p3/flag-certificates/386901431.json
-386908388	3	3	3	records/p3/flag-certificates/386908388.json
-387266811	3	3	3	records/p3/flag-certificates/387266811.json
-387313652	3	3	3	records/p3/flag-certificates/387313652.json
-387439528	3	3	3	records/p3/flag-certificates/387439528.json
-387484644	3	3	9	records/p3/flag-certificates/387484644.json
-387628979	3	3	3	records/p3/flag-certificates/387628979.json
-387788836	3	3	3	records/p3/flag-certificates/387788836.json
-387813415	3	3	3	records/p3/flag-certificates/387813415.json
-387859031	3	3	3	records/p3/flag-certificates/387859031.json
-387961383	3	3	3	records/p3/flag-certificates/387961383.json
-388019263	3	3	3	records/p3/flag-certificates/388019263.json
-388048152	3	3	3	records/p3/flag-certificates/388048152.json
-388183099	3	3	3	records/p3/flag-certificates/388183099.json
-388323755	3	3	9	records/p3/flag-certificates/388323755.json
-388349252	3	3	3	records/p3/flag-certificates/388349252.json
-388358411	3	3	9	records/p3/flag-certificates/388358411.json
-388417487	3	3	3	records/p3/flag-certificates/388417487.json
-388418631	3	3	3	records/p3/flag-certificates/388418631.json
-388477940	3	3	3	records/p3/flag-certificates/388477940.json
-388552535	3	3	3	records/p3/flag-certificates/388552535.json
-388575923	3	3	3	records/p3/flag-certificates/388575923.json
-388586515	3	3	27	records/p3/flag-certificates/388586515.json
-388588155	3	3	3	records/p3/flag-certificates/388588155.json
-388743971	3	3	3	records/p3/flag-certificates/388743971.json
-388762823	3	3	3	records/p3/flag-certificates/388762823.json
-388838291	3	3	3	records/p3/flag-certificates/388838291.json
-388841567	3	3	3	records/p3/flag-certificates/388841567.json
-388855528	3	3	3	records/p3/flag-certificates/388855528.json
-389052627	3	3	3	records/p3/flag-certificates/389052627.json
-389077347	3	3	3	records/p3/flag-certificates/389077347.json
-389078815	3	3	3	records/p3/flag-certificates/389078815.json
-389108863	3	3	3	records/p3/flag-certificates/389108863.json
-389201899	3	3	3	records/p3/flag-certificates/389201899.json
-389418056	3	3	3	records/p3/flag-certificates/389418056.json
-389480356	3	3	3	records/p3/flag-certificates/389480356.json
-389520308	3	3	9	records/p3/flag-certificates/389520308.json
-389713711	3	3	3	records/p3/flag-certificates/389713711.json
-389902324	3	3	3	records/p3/flag-certificates/389902324.json
-389917379	3	3	3	records/p3/flag-certificates/389917379.json
-389923572	3	3	3	records/p3/flag-certificates/389923572.json
-390057892	3	3	3	records/p3/flag-certificates/390057892.json
-390129187	3	3	81	records/p3/flag-certificates/390129187.json
-390149931	3	3	3	records/p3/flag-certificates/390149931.json
-390156883	3	3	81	records/p3/flag-certificates/390156883.json
-390240895	3	3	3	records/p3/flag-certificates/390240895.json
-390298287	3	3	3	records/p3/flag-certificates/390298287.json
-390619351	3	3	3	records/p3/flag-certificates/390619351.json
-390648504	3	3	3	records/p3/flag-certificates/390648504.json
-390676808	3	3	3	records/p3/flag-certificates/390676808.json
-390739476	3	3	3	records/p3/flag-certificates/390739476.json
-390751384	3	3	3	records/p3/flag-certificates/390751384.json
-390762823	3	3	3	records/p3/flag-certificates/390762823.json
-390887807	3	3	3	records/p3/flag-certificates/390887807.json
-390990583	3	3	3	records/p3/flag-certificates/390990583.json
-390996427	3	3	3	records/p3/flag-certificates/390996427.json
-391041995	3	3	3	records/p3/flag-certificates/391041995.json
-391170824	3	3	3	records/p3/flag-certificates/391170824.json
-391513656	3	3	3	records/p3/flag-certificates/391513656.json
-391575903	3	3	3	records/p3/flag-certificates/391575903.json
-391697003	3	3	3	records/p3/flag-certificates/391697003.json
-391946907	3	3	3	records/p3/flag-certificates/391946907.json
-391971252	3	3	3	records/p3/flag-certificates/391971252.json
-392016371	3	3	3	records/p3/flag-certificates/392016371.json
-392128967	3	3	3	records/p3/flag-certificates/392128967.json
-392136467	3	3	3	records/p3/flag-certificates/392136467.json
-392153107	3	3	3	records/p3/flag-certificates/392153107.json
-392241656	3	3	3	records/p3/flag-certificates/392241656.json
-392449924	3	3	3	records/p3/flag-certificates/392449924.json
-392465432	3	3	3	records/p3/flag-certificates/392465432.json
-392540068	3	3	3	records/p3/flag-certificates/392540068.json
-392736484	3	3	3	records/p3/flag-certificates/392736484.json
-392887555	3	3	3	records/p3/flag-certificates/392887555.json
-393347767	3	3	3	records/p3/flag-certificates/393347767.json
-393360868	3	3	3	records/p3/flag-certificates/393360868.json
-393685540	3	3	3	records/p3/flag-certificates/393685540.json
-393994376	3	3	3	records/p3/flag-certificates/393994376.json
-394118468	3	3	3	records/p3/flag-certificates/394118468.json
-394174447	3	3	3	records/p3/flag-certificates/394174447.json
-394573199	3	3	3	records/p3/flag-certificates/394573199.json
-394592759	3	3	3	records/p3/flag-certificates/394592759.json
-394614008	3	3	3	records/p3/flag-certificates/394614008.json
-394977455	3	3	3	records/p3/flag-certificates/394977455.json
-395151807	3	3	3	records/p3/flag-certificates/395151807.json
-395483524	3	3	3	records/p3/flag-certificates/395483524.json
-395577283	3	3	3	records/p3/flag-certificates/395577283.json
-395580459	3	3	3	records/p3/flag-certificates/395580459.json
-395644024	3	3	3	records/p3/flag-certificates/395644024.json
-395718196	3	3	3	records/p3/flag-certificates/395718196.json
-395966660	3	3	3	records/p3/flag-certificates/395966660.json
-395995476	3	3	27	records/p3/flag-certificates/395995476.json
-396146823	3	3	3	records/p3/flag-certificates/396146823.json
-396400047	3	3	3	records/p3/flag-certificates/396400047.json
-396730488	3	3	3	records/p3/flag-certificates/396730488.json
-396754339	3	3	9	records/p3/flag-certificates/396754339.json
-396802239	3	3	3	records/p3/flag-certificates/396802239.json
-396831255	3	3	3	records/p3/flag-certificates/396831255.json
-396846131	3	3	3	records/p3/flag-certificates/396846131.json
-396848891	3	3	3	records/p3/flag-certificates/396848891.json
-396894491	3	3	3	records/p3/flag-certificates/396894491.json
-396920584	3	3	3	records/p3/flag-certificates/396920584.json
-396953435	3	3	3	records/p3/flag-certificates/396953435.json
-397006095	3	3	3	records/p3/flag-certificates/397006095.json
-397023032	3	3	3	records/p3/flag-certificates/397023032.json
-397030468	3	3	9	records/p3/flag-certificates/397030468.json
-397178171	3	3	3	records/p3/flag-certificates/397178171.json
-397220383	3	3	3	records/p3/flag-certificates/397220383.json
-397382827	3	3	27	records/p3/flag-certificates/397382827.json
-397452979	3	3	9	records/p3/flag-certificates/397452979.json
-397539939	3	3	3	records/p3/flag-certificates/397539939.json
-397602587	3	3	3	records/p3/flag-certificates/397602587.json
-397812536	3	3	3	records/p3/flag-certificates/397812536.json
-397817815	3	3	3	records/p3/flag-certificates/397817815.json
-397843231	3	3	3	records/p3/flag-certificates/397843231.json
-397984692	3	3	3	records/p3/flag-certificates/397984692.json
-397993211	3	3	9	records/p3/flag-certificates/397993211.json
-398008983	3	3	3	records/p3/flag-certificates/398008983.json
-398018407	3	3	9	records/p3/flag-certificates/398018407.json
-398039335	3	3	3	records/p3/flag-certificates/398039335.json
-398088952	3	3	3	records/p3/flag-certificates/398088952.json
-398246260	3	3	3	records/p3/flag-certificates/398246260.json
-398296187	3	3	3	records/p3/flag-certificates/398296187.json
-398330771	3	3	3	records/p3/flag-certificates/398330771.json
-398428968	3	3	3	records/p3/flag-certificates/398428968.json
-398429447	3	3	3	records/p3/flag-certificates/398429447.json
-398457391	3	3	3	records/p3/flag-certificates/398457391.json
-398471719	3	3	3	records/p3/flag-certificates/398471719.json
-398492455	3	3	3	records/p3/flag-certificates/398492455.json
-398520536	3	3	3	records/p3/flag-certificates/398520536.json
-398575291	3	3	3	records/p3/flag-certificates/398575291.json
-398680095	3	3	3	records/p3/flag-certificates/398680095.json
-398692187	3	3	3	records/p3/flag-certificates/398692187.json
-398702559	3	3	3	records/p3/flag-certificates/398702559.json
-398758436	3	3	3	records/p3/flag-certificates/398758436.json
-398820567	3	3	3	records/p3/flag-certificates/398820567.json
-399006691	3	3	3	records/p3/flag-certificates/399006691.json
-399124451	3	3	3	records/p3/flag-certificates/399124451.json
-399157699	3	3	3	records/p3/flag-certificates/399157699.json
-399198811	3	3	27	records/p3/flag-certificates/399198811.json
-399405191	3	3	3	records/p3/flag-certificates/399405191.json
-399419896	3	3	9	records/p3/flag-certificates/399419896.json
-399589624	3	3	3	records/p3/flag-certificates/399589624.json
-399678007	3	3	3	records/p3/flag-certificates/399678007.json
-399815403	3	3	3	records/p3/flag-certificates/399815403.json
-400079035	3	3	3	records/p3/flag-certificates/400079035.json
-400124740	3	3	3	records/p3/flag-certificates/400124740.json
-400127367	3	3	3	records/p3/flag-certificates/400127367.json
-400165784	3	3	3	records/p3/flag-certificates/400165784.json
-400172159	3	3	3	records/p3/flag-certificates/400172159.json
-400266356	3	3	3	records/p3/flag-certificates/400266356.json
-400639595	3	3	3	records/p3/flag-certificates/400639595.json
-400868867	3	3	3	records/p3/flag-certificates/400868867.json
-400899803	3	3	3	records/p3/flag-certificates/400899803.json
-400900627	3	3	3	records/p3/flag-certificates/400900627.json
-400937555	3	3	3	records/p3/flag-certificates/400937555.json
-401040743	3	3	27	records/p3/flag-certificates/401040743.json
-401044856	3	3	3	records/p3/flag-certificates/401044856.json
-401270007	3	3	3	records/p3/flag-certificates/401270007.json
-401288359	3	3	3	records/p3/flag-certificates/401288359.json
-401310319	3	3	3	records/p3/flag-certificates/401310319.json
-401321487	3	3	3	records/p3/flag-certificates/401321487.json
-401477043	3	3	3	records/p3/flag-certificates/401477043.json
-401574340	3	3	3	records/p3/flag-certificates/401574340.json
-402208804	3	3	3	records/p3/flag-certificates/402208804.json
-402256595	3	3	9	records/p3/flag-certificates/402256595.json
-402394639	3	3	3	records/p3/flag-certificates/402394639.json
-402685912	3	3	3	records/p3/flag-certificates/402685912.json
-402926203	3	3	3	records/p3/flag-certificates/402926203.json
-402930259	3	3	3	records/p3/flag-certificates/402930259.json
-403054815	3	3	3	records/p3/flag-certificates/403054815.json
-403113460	3	3	3	records/p3/flag-certificates/403113460.json
-403203991	3	3	3	records/p3/flag-certificates/403203991.json
-403208227	3	3	3	records/p3/flag-certificates/403208227.json
-403393559	3	3	3	records/p3/flag-certificates/403393559.json
-403422168	3	3	3	records/p3/flag-certificates/403422168.json
-403591447	3	3	3	records/p3/flag-certificates/403591447.json
-403706536	3	3	3	records/p3/flag-certificates/403706536.json
-403732311	3	3	3	records/p3/flag-certificates/403732311.json
-403760703	3	3	3	records/p3/flag-certificates/403760703.json
-403919547	3	3	27	records/p3/flag-certificates/403919547.json
-403921743	3	3	3	records/p3/flag-certificates/403921743.json
-404061176	3	3	3	records/p3/flag-certificates/404061176.json
-404073959	3	3	3	records/p3/flag-certificates/404073959.json
-404130887	3	3	3	records/p3/flag-certificates/404130887.json
-404217012	3	3	3	records/p3/flag-certificates/404217012.json
-404286511	3	3	3	records/p3/flag-certificates/404286511.json
-404366344	3	3	3	records/p3/flag-certificates/404366344.json
-404437172	3	3	3	records/p3/flag-certificates/404437172.json
-404609108	3	3	3	records/p3/flag-certificates/404609108.json
-404678479	3	3	3	records/p3/flag-certificates/404678479.json
-404702952	3	3	3	records/p3/flag-certificates/404702952.json
-404751587	3	3	3	records/p3/flag-certificates/404751587.json
-404753451	3	3	3	records/p3/flag-certificates/404753451.json
-404766903	3	3	3	records/p3/flag-certificates/404766903.json
-404889683	3	3	3	records/p3/flag-certificates/404889683.json
-404929955	3	3	3	records/p3/flag-certificates/404929955.json
-405200659	3	3	3	records/p3/flag-certificates/405200659.json
-405435035	3	3	3	records/p3/flag-certificates/405435035.json
-405599311	3	3	3	records/p3/flag-certificates/405599311.json
-405712459	3	3	3	records/p3/flag-certificates/405712459.json
-406258004	3	3	3	records/p3/flag-certificates/406258004.json
-406318411	3	3	3	records/p3/flag-certificates/406318411.json
-406382664	3	3	3	records/p3/flag-certificates/406382664.json
-406429496	3	3	9	records/p3/flag-certificates/406429496.json
-406535208	3	3	3	records/p3/flag-certificates/406535208.json
-406557427	3	3	3	records/p3/flag-certificates/406557427.json
-406948027	3	3	3	records/p3/flag-certificates/406948027.json
-407047763	3	3	3	records/p3/flag-certificates/407047763.json
-407084827	3	3	3	records/p3/flag-certificates/407084827.json
-407140639	3	3	3	records/p3/flag-certificates/407140639.json
-407147496	3	3	3	records/p3/flag-certificates/407147496.json
-407226355	3	3	3	records/p3/flag-certificates/407226355.json
-407420395	3	3	3	records/p3/flag-certificates/407420395.json
-407442143	3	3	3	records/p3/flag-certificates/407442143.json
-407446399	3	3	3	records/p3/flag-certificates/407446399.json
-407583780	3	3	3	records/p3/flag-certificates/407583780.json
-407811556	3	3	3	records/p3/flag-certificates/407811556.json
-407858695	3	3	3	records/p3/flag-certificates/407858695.json
-408045831	3	3	3	records/p3/flag-certificates/408045831.json
-408072031	3	3	3	records/p3/flag-certificates/408072031.json
-408076347	3	3	3	records/p3/flag-certificates/408076347.json
-408104447	3	3	3	records/p3/flag-certificates/408104447.json
-408146691	3	3	3	records/p3/flag-certificates/408146691.json
-408229935	3	3	9	records/p3/flag-certificates/408229935.json
-408320619	3	3	3	records/p3/flag-certificates/408320619.json
-408354904	3	3	3	records/p3/flag-certificates/408354904.json
-408526799	3	3	3	records/p3/flag-certificates/408526799.json
-408542631	3	3	3	records/p3/flag-certificates/408542631.json
-408815988	3	3	3	records/p3/flag-certificates/408815988.json
-408920647	3	3	3	records/p3/flag-certificates/408920647.json
-409011359	3	3	3	records/p3/flag-certificates/409011359.json
-409057892	3	3	3	records/p3/flag-certificates/409057892.json
-409072231	3	3	3	records/p3/flag-certificates/409072231.json
-409113571	3	3	9	records/p3/flag-certificates/409113571.json
-409146971	3	3	9	records/p3/flag-certificates/409146971.json
-409155159	3	3	3	records/p3/flag-certificates/409155159.json
-409164887	3	3	3	records/p3/flag-certificates/409164887.json
-409225567	3	3	9	records/p3/flag-certificates/409225567.json
-409266235	3	3	3	records/p3/flag-certificates/409266235.json
-409297723	3	3	3	records/p3/flag-certificates/409297723.json
-409632243	3	3	3	records/p3/flag-certificates/409632243.json
-409680367	3	3	3	records/p3/flag-certificates/409680367.json
-409872427	3	3	3	records/p3/flag-certificates/409872427.json
-410105352	3	3	3	records/p3/flag-certificates/410105352.json
-410123908	3	3	3	records/p3/flag-certificates/410123908.json
-410137795	3	3	3	records/p3/flag-certificates/410137795.json
-410229415	3	3	3	records/p3/flag-certificates/410229415.json
-410276964	3	3	3	records/p3/flag-certificates/410276964.json
-410407951	3	3	3	records/p3/flag-certificates/410407951.json
-410649647	3	3	3	records/p3/flag-certificates/410649647.json
-410667539	3	3	3	records/p3/flag-certificates/410667539.json
-410742436	3	3	3	records/p3/flag-certificates/410742436.json
-410907983	3	3	3	records/p3/flag-certificates/410907983.json
-410939479	3	3	27	records/p3/flag-certificates/410939479.json
-410956651	3	3	3	records/p3/flag-certificates/410956651.json
-411167039	3	3	3	records/p3/flag-certificates/411167039.json
-411207416	3	3	9	records/p3/flag-certificates/411207416.json
-411343955	3	3	3	records/p3/flag-certificates/411343955.json
-411473171	3	3	3	records/p3/flag-certificates/411473171.json
-411487451	3	3	3	records/p3/flag-certificates/411487451.json
-411494696	3	3	9	records/p3/flag-certificates/411494696.json
-411675007	3	3	3	records/p3/flag-certificates/411675007.json
-411903572	3	3	3	records/p3/flag-certificates/411903572.json
-411969268	3	3	3	records/p3/flag-certificates/411969268.json
-412052659	3	3	3	records/p3/flag-certificates/412052659.json
-412200840	3	3	3	records/p3/flag-certificates/412200840.json
-412222855	3	3	3	records/p3/flag-certificates/412222855.json
-412253931	3	3	3	records/p3/flag-certificates/412253931.json
-412259891	3	3	3	records/p3/flag-certificates/412259891.json
-412499955	3	3	3	records/p3/flag-certificates/412499955.json
-412546664	3	3	3	records/p3/flag-certificates/412546664.json
-412579211	3	3	9	records/p3/flag-certificates/412579211.json
-412664711	3	3	3	records/p3/flag-certificates/412664711.json
-412739267	3	3	3	records/p3/flag-certificates/412739267.json
-413037220	3	3	3	records/p3/flag-certificates/413037220.json
-413114035	3	3	3	records/p3/flag-certificates/413114035.json
-413320247	3	3	3	records/p3/flag-certificates/413320247.json
-413334611	3	3	3	records/p3/flag-certificates/413334611.json
-413635183	3	3	3	records/p3/flag-certificates/413635183.json
-413657131	3	3	3	records/p3/flag-certificates/413657131.json
-413673236	3	3	3	records/p3/flag-certificates/413673236.json
-413706571	3	3	3	records/p3/flag-certificates/413706571.json
-413714695	3	3	3	records/p3/flag-certificates/413714695.json
-413715895	3	3	3	records/p3/flag-certificates/413715895.json
-413737887	3	3	3	records/p3/flag-certificates/413737887.json
-413828155	3	3	3	records/p3/flag-certificates/413828155.json
-413918923	3	3	3	records/p3/flag-certificates/413918923.json
-414117491	3	3	3	records/p3/flag-certificates/414117491.json
-414127003	3	3	3	records/p3/flag-certificates/414127003.json
-414144068	3	3	3	records/p3/flag-certificates/414144068.json
-414298852	3	3	3	records/p3/flag-certificates/414298852.json
-414342712	3	3	3	records/p3/flag-certificates/414342712.json
-414370468	3	3	3	records/p3/flag-certificates/414370468.json
-414551204	3	3	3	records/p3/flag-certificates/414551204.json
-414580631	3	3	3	records/p3/flag-certificates/414580631.json
-414684312	3	3	3	records/p3/flag-certificates/414684312.json
-414694563	3	3	27	records/p3/flag-certificates/414694563.json
-414700639	3	3	3	records/p3/flag-certificates/414700639.json
-414871411	3	3	27	records/p3/flag-certificates/414871411.json
-415131631	3	3	3	records/p3/flag-certificates/415131631.json
-415143563	3	3	9	records/p3/flag-certificates/415143563.json
-415160612	3	3	3	records/p3/flag-certificates/415160612.json
-415202491	3	3	3	records/p3/flag-certificates/415202491.json
-415228259	3	3	9	records/p3/flag-certificates/415228259.json
-415259239	3	3	3	records/p3/flag-certificates/415259239.json
-415290867	3	3	3	records/p3/flag-certificates/415290867.json
-415298051	3	3	3	records/p3/flag-certificates/415298051.json
-415595779	3	3	3	records/p3/flag-certificates/415595779.json
-415724487	3	3	3	records/p3/flag-certificates/415724487.json
-415855463	3	3	3	records/p3/flag-certificates/415855463.json
-415856887	3	3	3	records/p3/flag-certificates/415856887.json
-416101384	3	3	3	records/p3/flag-certificates/416101384.json
-416178311	3	3	3	records/p3/flag-certificates/416178311.json
-416223039	3	3	3	records/p3/flag-certificates/416223039.json
-416438580	3	3	3	records/p3/flag-certificates/416438580.json
-416716559	3	3	3	records/p3/flag-certificates/416716559.json
-416761715	3	3	3	records/p3/flag-certificates/416761715.json
-416848436	3	3	3	records/p3/flag-certificates/416848436.json
-416871735	3	3	3	records/p3/flag-certificates/416871735.json
-416983655	3	3	3	records/p3/flag-certificates/416983655.json
-416994559	3	3	81	records/p3/flag-certificates/416994559.json
-417027080	3	3	3	records/p3/flag-certificates/417027080.json
-417137691	3	3	3	records/p3/flag-certificates/417137691.json
-417140551	3	3	27	records/p3/flag-certificates/417140551.json
-417175051	3	3	3	records/p3/flag-certificates/417175051.json
-417353343	3	3	27	records/p3/flag-certificates/417353343.json
-417558891	3	3	3	records/p3/flag-certificates/417558891.json
-417565283	3	3	3	records/p3/flag-certificates/417565283.json
-417701256	3	3	3	records/p3/flag-certificates/417701256.json
-417721307	3	3	3	records/p3/flag-certificates/417721307.json
-417902259	3	3	3	records/p3/flag-certificates/417902259.json
-417971203	3	3	3	records/p3/flag-certificates/417971203.json
-418030388	3	3	3	records/p3/flag-certificates/418030388.json
-418153935	3	3	9	records/p3/flag-certificates/418153935.json
-418192615	3	3	3	records/p3/flag-certificates/418192615.json
-418320907	3	3	3	records/p3/flag-certificates/418320907.json
-418404299	3	3	27	records/p3/flag-certificates/418404299.json
-418476839	3	3	3	records/p3/flag-certificates/418476839.json
-418495163	3	3	3	records/p3/flag-certificates/418495163.json
-418500491	3	3	3	records/p3/flag-certificates/418500491.json
-418685588	3	3	3	records/p3/flag-certificates/418685588.json
-418755135	3	3	81	records/p3/flag-certificates/418755135.json
-418761923	3	3	3	records/p3/flag-certificates/418761923.json
-418852616	3	3	27	records/p3/flag-certificates/418852616.json
-418892287	3	3	3	records/p3/flag-certificates/418892287.json
-418908563	3	3	3	records/p3/flag-certificates/418908563.json
-418932719	3	3	3	records/p3/flag-certificates/418932719.json
-419040143	3	3	3	records/p3/flag-certificates/419040143.json
-419459695	3	3	3	records/p3/flag-certificates/419459695.json
-419499211	3	3	3	records/p3/flag-certificates/419499211.json
-419602328	3	3	3	records/p3/flag-certificates/419602328.json
-419652667	3	3	27	records/p3/flag-certificates/419652667.json
-419672495	3	3	9	records/p3/flag-certificates/419672495.json
-419676379	3	3	3	records/p3/flag-certificates/419676379.json
-419679359	3	3	3	records/p3/flag-certificates/419679359.json
-419734487	3	3	9	records/p3/flag-certificates/419734487.json
-419739523	3	3	3	records/p3/flag-certificates/419739523.json
-419867967	3	3	3	records/p3/flag-certificates/419867967.json
-419901583	3	3	3	records/p3/flag-certificates/419901583.json
-420012111	3	3	3	records/p3/flag-certificates/420012111.json
-420061603	3	3	3	records/p3/flag-certificates/420061603.json
-420183524	3	3	3	records/p3/flag-certificates/420183524.json
-420239903	3	3	3	records/p3/flag-certificates/420239903.json
-420499544	3	3	3	records/p3/flag-certificates/420499544.json
-420673719	3	3	3	records/p3/flag-certificates/420673719.json
-420755959	3	3	3	records/p3/flag-certificates/420755959.json
-420907416	3	3	3	records/p3/flag-certificates/420907416.json
-420936967	3	3	3	records/p3/flag-certificates/420936967.json
-420989528	3	3	3	records/p3/flag-certificates/420989528.json
-421013351	3	3	3	records/p3/flag-certificates/421013351.json
-421051843	3	3	3	records/p3/flag-certificates/421051843.json
-421053103	3	3	81	records/p3/flag-certificates/421053103.json
-421242436	3	3	9	records/p3/flag-certificates/421242436.json
-421289979	3	3	3	records/p3/flag-certificates/421289979.json
-421358219	3	3	3	records/p3/flag-certificates/421358219.json
-421478995	3	3	3	records/p3/flag-certificates/421478995.json
-421496707	3	3	3	records/p3/flag-certificates/421496707.json
-421601035	3	3	3	records/p3/flag-certificates/421601035.json
-421653108	3	3	3	records/p3/flag-certificates/421653108.json
-421962899	3	3	9	records/p3/flag-certificates/421962899.json
-422010051	3	3	9	records/p3/flag-certificates/422010051.json
-422022291	3	3	3	records/p3/flag-certificates/422022291.json
-422074371	3	3	3	records/p3/flag-certificates/422074371.json
-422145391	3	3	3	records/p3/flag-certificates/422145391.json
-422501271	3	3	3	records/p3/flag-certificates/422501271.json
-422573027	3	3	3	records/p3/flag-certificates/422573027.json
-422604744	3	3	3	records/p3/flag-certificates/422604744.json
-422671495	3	3	9	records/p3/flag-certificates/422671495.json
-422817896	3	3	3	records/p3/flag-certificates/422817896.json
-422848612	3	3	3	records/p3/flag-certificates/422848612.json
-423006868	3	3	3	records/p3/flag-certificates/423006868.json
-423057791	3	3	3	records/p3/flag-certificates/423057791.json
-423129832	3	3	3	records/p3/flag-certificates/423129832.json
-423157871	3	3	3	records/p3/flag-certificates/423157871.json
-423175927	3	3	3	records/p3/flag-certificates/423175927.json
-423179220	3	3	6561	records/p3/flag-certificates/423179220.json
-423223663	3	3	3	records/p3/flag-certificates/423223663.json
-423403195	3	3	3	records/p3/flag-certificates/423403195.json
-423513652	3	3	3	records/p3/flag-certificates/423513652.json
-423572367	3	3	3	records/p3/flag-certificates/423572367.json
-423628372	3	3	3	records/p3/flag-certificates/423628372.json
-423647444	3	3	3	records/p3/flag-certificates/423647444.json
-423727115	3	3	3	records/p3/flag-certificates/423727115.json
-423887019	3	3	3	records/p3/flag-certificates/423887019.json
-423937579	3	3	3	records/p3/flag-certificates/423937579.json
-424036727	3	3	3	records/p3/flag-certificates/424036727.json
-424250227	3	3	3	records/p3/flag-certificates/424250227.json
-424402996	3	3	3	records/p3/flag-certificates/424402996.json
-424570792	3	3	3	records/p3/flag-certificates/424570792.json
-424595443	3	3	3	records/p3/flag-certificates/424595443.json
-424738232	3	3	3	records/p3/flag-certificates/424738232.json
-424961387	3	3	3	records/p3/flag-certificates/424961387.json
-424998676	3	3	3	records/p3/flag-certificates/424998676.json
-425329967	3	3	27	records/p3/flag-certificates/425329967.json
-425374755	3	3	3	records/p3/flag-certificates/425374755.json
-425400251	3	3	3	records/p3/flag-certificates/425400251.json
-425503272	3	3	3	records/p3/flag-certificates/425503272.json
-425708951	3	3	3	records/p3/flag-certificates/425708951.json
-425752519	3	3	3	records/p3/flag-certificates/425752519.json
-425807087	3	3	3	records/p3/flag-certificates/425807087.json
-426120884	3	3	9	records/p3/flag-certificates/426120884.json
-426166696	3	3	3	records/p3/flag-certificates/426166696.json
-426235096	3	3	243	records/p3/flag-certificates/426235096.json
-426314171	3	3	3	records/p3/flag-certificates/426314171.json
-426342295	3	3	3	records/p3/flag-certificates/426342295.json
-426436324	3	3	3	records/p3/flag-certificates/426436324.json
-426479656	3	3	3	records/p3/flag-certificates/426479656.json
-426523303	3	3	81	records/p3/flag-certificates/426523303.json
-426533092	3	3	3	records/p3/flag-certificates/426533092.json
-426573547	3	3	3	records/p3/flag-certificates/426573547.json
-426640803	3	3	3	records/p3/flag-certificates/426640803.json
-426862299	3	3	3	records/p3/flag-certificates/426862299.json
-426903007	3	3	3	records/p3/flag-certificates/426903007.json
-426917652	3	3	3	records/p3/flag-certificates/426917652.json
-426924759	3	3	3	records/p3/flag-certificates/426924759.json
-427046047	3	3	3	records/p3/flag-certificates/427046047.json
-427129403	3	3	3	records/p3/flag-certificates/427129403.json
-427177796	3	3	3	records/p3/flag-certificates/427177796.json
-427261051	3	3	3	records/p3/flag-certificates/427261051.json
-427333912	3	3	3	records/p3/flag-certificates/427333912.json
-427420491	3	3	3	records/p3/flag-certificates/427420491.json
-427466723	3	3	3	records/p3/flag-certificates/427466723.json
-427737359	3	3	3	records/p3/flag-certificates/427737359.json
-427857252	3	3	3	records/p3/flag-certificates/427857252.json
-427915687	3	3	3	records/p3/flag-certificates/427915687.json
-427917039	3	3	3	records/p3/flag-certificates/427917039.json
-428228040	3	3	3	records/p3/flag-certificates/428228040.json
-428325940	3	3	3	records/p3/flag-certificates/428325940.json
-428389384	3	3	3	records/p3/flag-certificates/428389384.json
-428497267	3	3	3	records/p3/flag-certificates/428497267.json
-428702871	3	3	3	records/p3/flag-certificates/428702871.json
-428963231	3	3	3	records/p3/flag-certificates/428963231.json
-428991123	3	3	3	records/p3/flag-certificates/428991123.json
-429046687	3	3	3	records/p3/flag-certificates/429046687.json
-429060003	3	3	3	records/p3/flag-certificates/429060003.json
-429131832	3	3	81	records/p3/flag-certificates/429131832.json
-429133224	3	3	3	records/p3/flag-certificates/429133224.json
-429171992	3	3	3	records/p3/flag-certificates/429171992.json
-429264911	3	3	9	records/p3/flag-certificates/429264911.json
-429437316	3	3	3	records/p3/flag-certificates/429437316.json
-429499460	3	3	3	records/p3/flag-certificates/429499460.json
-429631640	3	3	9	records/p3/flag-certificates/429631640.json
-429824983	3	3	9	records/p3/flag-certificates/429824983.json
-429877439	3	3	3	records/p3/flag-certificates/429877439.json
-429936771	3	3	3	records/p3/flag-certificates/429936771.json
-430119583	3	3	3	records/p3/flag-certificates/430119583.json
-430131412	3	3	3	records/p3/flag-certificates/430131412.json
-430198136	3	3	3	records/p3/flag-certificates/430198136.json
-430230207	3	3	9	records/p3/flag-certificates/430230207.json
-430313107	3	3	9	records/p3/flag-certificates/430313107.json
-430459624	3	3	3	records/p3/flag-certificates/430459624.json
-430523643	3	3	27	records/p3/flag-certificates/430523643.json
-430563479	3	3	3	records/p3/flag-certificates/430563479.json
-430612628	3	3	3	records/p3/flag-certificates/430612628.json
-430667587	3	3	3	records/p3/flag-certificates/430667587.json
-430723156	3	3	3	records/p3/flag-certificates/430723156.json
-430814759	3	3	3	records/p3/flag-certificates/430814759.json
-430921743	3	3	27	records/p3/flag-certificates/430921743.json
-430949352	3	3	3	records/p3/flag-certificates/430949352.json
-430954372	3	3	9	records/p3/flag-certificates/430954372.json
-431048543	3	3	3	records/p3/flag-certificates/431048543.json
-431164211	3	3	3	records/p3/flag-certificates/431164211.json
-431251879	3	3	3	records/p3/flag-certificates/431251879.json
-431317859	3	3	3	records/p3/flag-certificates/431317859.json
-431327663	3	3	3	records/p3/flag-certificates/431327663.json
-431489015	3	3	27	records/p3/flag-certificates/431489015.json
-431579476	3	3	3	records/p3/flag-certificates/431579476.json
-431688504	3	3	3	records/p3/flag-certificates/431688504.json
-431783087	3	3	3	records/p3/flag-certificates/431783087.json
-431844311	3	3	3	records/p3/flag-certificates/431844311.json
-431911556	3	3	3	records/p3/flag-certificates/431911556.json
-432010648	3	3	3	records/p3/flag-certificates/432010648.json
-432064731	3	3	3	records/p3/flag-certificates/432064731.json
-432104804	3	3	3	records/p3/flag-certificates/432104804.json
-432140431	3	3	3	records/p3/flag-certificates/432140431.json
-432271523	3	3	81	records/p3/flag-certificates/432271523.json
-432326919	3	3	3	records/p3/flag-certificates/432326919.json
-432470515	3	3	9	records/p3/flag-certificates/432470515.json
-432526587	3	3	3	records/p3/flag-certificates/432526587.json
-432551707	3	3	3	records/p3/flag-certificates/432551707.json
-432592003	3	3	27	records/p3/flag-certificates/432592003.json
-432794883	3	3	9	records/p3/flag-certificates/432794883.json
-432822343	3	3	3	records/p3/flag-certificates/432822343.json
-432930927	3	3	3	records/p3/flag-certificates/432930927.json
-433071371	3	3	3	records/p3/flag-certificates/433071371.json
-433103459	3	3	3	records/p3/flag-certificates/433103459.json
-433197083	3	3	3	records/p3/flag-certificates/433197083.json
-433264724	3	3	9	records/p3/flag-certificates/433264724.json
-433295411	3	3	3	records/p3/flag-certificates/433295411.json
-433468472	3	3	3	records/p3/flag-certificates/433468472.json
-433480115	3	3	3	records/p3/flag-certificates/433480115.json
-433515371	3	3	3	records/p3/flag-certificates/433515371.json
-433712407	3	3	3	records/p3/flag-certificates/433712407.json
-433725940	3	3	3	records/p3/flag-certificates/433725940.json
-433738803	3	3	3	records/p3/flag-certificates/433738803.json
-433757695	3	3	27	records/p3/flag-certificates/433757695.json
-434007912	3	3	3	records/p3/flag-certificates/434007912.json
-434041768	3	3	3	records/p3/flag-certificates/434041768.json
-434072891	3	3	3	records/p3/flag-certificates/434072891.json
-434221167	3	3	3	records/p3/flag-certificates/434221167.json
-434235943	3	3	3	records/p3/flag-certificates/434235943.json
-434381907	3	3	3	records/p3/flag-certificates/434381907.json
-434464687	3	3	3	records/p3/flag-certificates/434464687.json
-434538131	3	3	3	records/p3/flag-certificates/434538131.json
-434570731	3	3	3	records/p3/flag-certificates/434570731.json
-434625364	3	3	3	records/p3/flag-certificates/434625364.json
-434672223	3	3	3	records/p3/flag-certificates/434672223.json
-434779384	3	3	3	records/p3/flag-certificates/434779384.json
-434887576	3	3	3	records/p3/flag-certificates/434887576.json
-435005735	3	3	3	records/p3/flag-certificates/435005735.json
-435015160	3	3	3	records/p3/flag-certificates/435015160.json
-435030292	3	3	3	records/p3/flag-certificates/435030292.json
-435322840	3	3	3	records/p3/flag-certificates/435322840.json
-435519335	3	3	3	records/p3/flag-certificates/435519335.json
-435519944	3	3	3	records/p3/flag-certificates/435519944.json
-435550303	3	3	3	records/p3/flag-certificates/435550303.json
-435556787	3	3	3	records/p3/flag-certificates/435556787.json
-435596388	3	3	3	records/p3/flag-certificates/435596388.json
-435606943	3	3	3	records/p3/flag-certificates/435606943.json
-435668603	3	3	9	records/p3/flag-certificates/435668603.json
-435757524	3	3	3	records/p3/flag-certificates/435757524.json
-435832499	3	3	3	records/p3/flag-certificates/435832499.json
-435854939	3	3	3	records/p3/flag-certificates/435854939.json
-435860399	3	3	3	records/p3/flag-certificates/435860399.json
-435899291	3	3	3	records/p3/flag-certificates/435899291.json
-435940571	3	3	3	records/p3/flag-certificates/435940571.json
-435970803	3	3	3	records/p3/flag-certificates/435970803.json
-436069027	3	3	3	records/p3/flag-certificates/436069027.json
-436107703	3	3	3	records/p3/flag-certificates/436107703.json
-436218359	3	3	3	records/p3/flag-certificates/436218359.json
-436226644	3	3	3	records/p3/flag-certificates/436226644.json
-436265223	3	3	3	records/p3/flag-certificates/436265223.json
-436267191	3	3	3	records/p3/flag-certificates/436267191.json
-436460099	3	3	3	records/p3/flag-certificates/436460099.json
-436603547	3	3	3	records/p3/flag-certificates/436603547.json
-436607816	3	3	3	records/p3/flag-certificates/436607816.json
-436631171	3	3	3	records/p3/flag-certificates/436631171.json
-436858996	3	3	3	records/p3/flag-certificates/436858996.json
-436861407	3	3	3	records/p3/flag-certificates/436861407.json
-436917407	3	3	3	records/p3/flag-certificates/436917407.json
-436932943	3	3	3	records/p3/flag-certificates/436932943.json
-436966243	3	3	3	records/p3/flag-certificates/436966243.json
-437230507	3	3	3	records/p3/flag-certificates/437230507.json
-437359931	3	3	3	records/p3/flag-certificates/437359931.json
-437385019	3	3	3	records/p3/flag-certificates/437385019.json
-437398564	3	3	3	records/p3/flag-certificates/437398564.json
-437399763	3	3	3	records/p3/flag-certificates/437399763.json
-437421032	3	3	3	records/p3/flag-certificates/437421032.json
-437494019	3	3	3	records/p3/flag-certificates/437494019.json
-437840895	3	3	3	records/p3/flag-certificates/437840895.json
-437890307	3	3	3	records/p3/flag-certificates/437890307.json
-437952932	3	3	3	records/p3/flag-certificates/437952932.json
-438092519	3	3	9	records/p3/flag-certificates/438092519.json
-438459611	3	3	3	records/p3/flag-certificates/438459611.json
-438479331	3	3	3	records/p3/flag-certificates/438479331.json
-438698319	3	3	3	records/p3/flag-certificates/438698319.json
-438767003	3	3	3	records/p3/flag-certificates/438767003.json
-438842047	3	3	3	records/p3/flag-certificates/438842047.json
-438865343	3	3	3	records/p3/flag-certificates/438865343.json
-438901891	3	3	3	records/p3/flag-certificates/438901891.json
-438953828	3	3	3	records/p3/flag-certificates/438953828.json
-439339336	3	3	81	records/p3/flag-certificates/439339336.json
-439496263	3	3	3	records/p3/flag-certificates/439496263.json
-439574360	3	3	3	records/p3/flag-certificates/439574360.json
-439656215	3	3	3	records/p3/flag-certificates/439656215.json
-439727167	3	3	3	records/p3/flag-certificates/439727167.json
-440261603	3	3	3	records/p3/flag-certificates/440261603.json
-440282471	3	3	3	records/p3/flag-certificates/440282471.json
-440333995	3	3	3	records/p3/flag-certificates/440333995.json
-440385647	3	3	3	records/p3/flag-certificates/440385647.json
-440504371	3	3	3	records/p3/flag-certificates/440504371.json
-440607944	3	3	9	records/p3/flag-certificates/440607944.json
-440779279	3	3	3	records/p3/flag-certificates/440779279.json
-440861015	3	3	3	records/p3/flag-certificates/440861015.json
-440888644	3	3	3	records/p3/flag-certificates/440888644.json
-440952040	3	3	3	records/p3/flag-certificates/440952040.json
-441055627	3	3	3	records/p3/flag-certificates/441055627.json
-441085739	3	3	9	records/p3/flag-certificates/441085739.json
-441125807	3	3	3	records/p3/flag-certificates/441125807.json
-441186243	3	3	9	records/p3/flag-certificates/441186243.json
-441262072	3	3	3	records/p3/flag-certificates/441262072.json
-441282715	3	3	3	records/p3/flag-certificates/441282715.json
-441375179	3	3	9	records/p3/flag-certificates/441375179.json
-441397624	3	3	3	records/p3/flag-certificates/441397624.json
-441538079	3	3	3	records/p3/flag-certificates/441538079.json
-441694264	3	3	3	records/p3/flag-certificates/441694264.json
-441705811	3	3	3	records/p3/flag-certificates/441705811.json
-441766680	3	3	3	records/p3/flag-certificates/441766680.json
-441781604	3	3	3	records/p3/flag-certificates/441781604.json
-441863347	3	3	3	records/p3/flag-certificates/441863347.json
-441908731	3	3	3	records/p3/flag-certificates/441908731.json
-442022271	3	3	3	records/p3/flag-certificates/442022271.json
-442040827	3	3	3	records/p3/flag-certificates/442040827.json
-442078440	3	3	3	records/p3/flag-certificates/442078440.json
-442228883	3	3	3	records/p3/flag-certificates/442228883.json
-442262399	3	3	27	records/p3/flag-certificates/442262399.json
-442269512	3	3	3	records/p3/flag-certificates/442269512.json
-442444888	3	3	3	records/p3/flag-certificates/442444888.json
-442485496	3	3	3	records/p3/flag-certificates/442485496.json
-442591367	3	3	3	records/p3/flag-certificates/442591367.json
-442655924	3	3	3	records/p3/flag-certificates/442655924.json
-442661223	3	3	6561	records/p3/flag-certificates/442661223.json
-442916612	3	3	3	records/p3/flag-certificates/442916612.json
-442928335	3	3	3	records/p3/flag-certificates/442928335.json
-443242731	3	3	27	records/p3/flag-certificates/443242731.json
-443266223	3	3	3	records/p3/flag-certificates/443266223.json
-443293023	3	3	3	records/p3/flag-certificates/443293023.json
-443331795	3	3	3	records/p3/flag-certificates/443331795.json
-443359156	3	3	3	records/p3/flag-certificates/443359156.json
-443724324	3	3	3	records/p3/flag-certificates/443724324.json
-443871471	3	3	3	records/p3/flag-certificates/443871471.json
-443982351	3	3	3	records/p3/flag-certificates/443982351.json
-444081091	3	3	3	records/p3/flag-certificates/444081091.json
-444127711	3	3	3	records/p3/flag-certificates/444127711.json
-444147007	3	3	3	records/p3/flag-certificates/444147007.json
-444178308	3	3	3	records/p3/flag-certificates/444178308.json
-444188971	3	3	3	records/p3/flag-certificates/444188971.json
-444326676	3	3	3	records/p3/flag-certificates/444326676.json
-444430911	3	3	3	records/p3/flag-certificates/444430911.json
-444459347	3	3	3	records/p3/flag-certificates/444459347.json
-444564983	3	3	3	records/p3/flag-certificates/444564983.json
-444578676	3	3	3	records/p3/flag-certificates/444578676.json
-444863679	3	3	3	records/p3/flag-certificates/444863679.json
-444917563	3	3	3	records/p3/flag-certificates/444917563.json
-444920051	3	3	3	records/p3/flag-certificates/444920051.json
-444980383	3	3	9	records/p3/flag-certificates/444980383.json
-445221247	3	3	9	records/p3/flag-certificates/445221247.json
-445224859	3	3	3	records/p3/flag-certificates/445224859.json
-445315940	3	3	3	records/p3/flag-certificates/445315940.json
-445417807	3	3	3	records/p3/flag-certificates/445417807.json
-445429560	3	3	3	records/p3/flag-certificates/445429560.json
-445460639	3	3	3	records/p3/flag-certificates/445460639.json
-445466740	3	3	3	records/p3/flag-certificates/445466740.json
-445626520	3	3	27	records/p3/flag-certificates/445626520.json
-445660231	3	3	3	records/p3/flag-certificates/445660231.json
-445704043	3	3	3	records/p3/flag-certificates/445704043.json
-445749611	3	3	9	records/p3/flag-certificates/445749611.json
-445768424	3	3	3	records/p3/flag-certificates/445768424.json
-445802419	3	3	3	records/p3/flag-certificates/445802419.json
-445988072	3	3	81	records/p3/flag-certificates/445988072.json
-446051940	3	3	3	records/p3/flag-certificates/446051940.json
-446154135	3	3	3	records/p3/flag-certificates/446154135.json
-446212223	3	3	3	records/p3/flag-certificates/446212223.json
-446243647	3	3	3	records/p3/flag-certificates/446243647.json
-446322440	3	3	9	records/p3/flag-certificates/446322440.json
-446692287	3	3	3	records/p3/flag-certificates/446692287.json
-446808404	3	3	3	records/p3/flag-certificates/446808404.json
-446886695	3	3	3	records/p3/flag-certificates/446886695.json
-447111544	3	3	3	records/p3/flag-certificates/447111544.json
-447111687	3	3	3	records/p3/flag-certificates/447111687.json
-447131435	3	3	6561	records/p3/flag-certificates/447131435.json
-447240715	3	3	3	records/p3/flag-certificates/447240715.json
-447242612	3	3	3	records/p3/flag-certificates/447242612.json
-447278980	3	3	3	records/p3/flag-certificates/447278980.json
-447380383	3	3	3	records/p3/flag-certificates/447380383.json
-447406611	3	3	3	records/p3/flag-certificates/447406611.json
-447488792	3	3	3	records/p3/flag-certificates/447488792.json
-447623236	3	3	3	records/p3/flag-certificates/447623236.json
-447736711	3	3	3	records/p3/flag-certificates/447736711.json
-447770296	3	3	3	records/p3/flag-certificates/447770296.json
-447841463	3	3	3	records/p3/flag-certificates/447841463.json
-447917416	3	3	3	records/p3/flag-certificates/447917416.json
-448104891	3	3	3	records/p3/flag-certificates/448104891.json
-448108487	3	3	3	records/p3/flag-certificates/448108487.json
-448597807	3	3	3	records/p3/flag-certificates/448597807.json
-448626523	3	3	3	records/p3/flag-certificates/448626523.json
-448678523	3	3	3	records/p3/flag-certificates/448678523.json
-448808467	3	3	3	records/p3/flag-certificates/448808467.json
-448945591	3	3	3	records/p3/flag-certificates/448945591.json
-448986248	3	3	3	records/p3/flag-certificates/448986248.json
-449070547	3	3	3	records/p3/flag-certificates/449070547.json
-449296583	3	3	3	records/p3/flag-certificates/449296583.json
-449302667	3	3	3	records/p3/flag-certificates/449302667.json
-449358627	3	3	3	records/p3/flag-certificates/449358627.json
-449451780	3	3	3	records/p3/flag-certificates/449451780.json
-449512919	3	3	3	records/p3/flag-certificates/449512919.json
-449557544	3	3	3	records/p3/flag-certificates/449557544.json
-449674259	3	3	3	records/p3/flag-certificates/449674259.json
-449706299	3	3	3	records/p3/flag-certificates/449706299.json
-449763359	3	3	3	records/p3/flag-certificates/449763359.json
-449804552	3	3	3	records/p3/flag-certificates/449804552.json
-449810711	3	3	3	records/p3/flag-certificates/449810711.json
-449815335	3	3	3	records/p3/flag-certificates/449815335.json
-449869643	3	3	3	records/p3/flag-certificates/449869643.json
-449883967	3	3	3	records/p3/flag-certificates/449883967.json
-449936167	3	3	3	records/p3/flag-certificates/449936167.json
-450026167	3	3	3	records/p3/flag-certificates/450026167.json
-450109227	3	3	3	records/p3/flag-certificates/450109227.json
-450209512	3	3	3	records/p3/flag-certificates/450209512.json
-450216687	3	3	3	records/p3/flag-certificates/450216687.json
-450494603	3	3	3	records/p3/flag-certificates/450494603.json
-450708935	3	3	3	records/p3/flag-certificates/450708935.json
-450937867	3	3	3	records/p3/flag-certificates/450937867.json
-450955767	3	3	9	records/p3/flag-certificates/450955767.json
-451400459	3	3	3	records/p3/flag-certificates/451400459.json
-451435911	3	3	3	records/p3/flag-certificates/451435911.json
-451453011	3	3	9	records/p3/flag-certificates/451453011.json
-451513864	3	3	3	records/p3/flag-certificates/451513864.json
-451567048	3	3	729	records/p3/flag-certificates/451567048.json
-451603903	3	3	3	records/p3/flag-certificates/451603903.json
-451638271	3	3	27	records/p3/flag-certificates/451638271.json
-451910071	3	3	27	records/p3/flag-certificates/451910071.json
-452082311	3	3	3	records/p3/flag-certificates/452082311.json
-452138223	3	3	9	records/p3/flag-certificates/452138223.json
-452155343	3	3	3	records/p3/flag-certificates/452155343.json
-452218343	3	3	3	records/p3/flag-certificates/452218343.json
-452365683	3	3	3	records/p3/flag-certificates/452365683.json
-452463567	3	3	3	records/p3/flag-certificates/452463567.json
-452475220	3	3	3	records/p3/flag-certificates/452475220.json
-452738823	3	3	3	records/p3/flag-certificates/452738823.json
-452766551	3	3	3	records/p3/flag-certificates/452766551.json
-452768939	3	3	3	records/p3/flag-certificates/452768939.json
-452803643	3	3	3	records/p3/flag-certificates/452803643.json
-453108376	3	3	3	records/p3/flag-certificates/453108376.json
-453171659	3	3	81	records/p3/flag-certificates/453171659.json
-453420292	3	3	3	records/p3/flag-certificates/453420292.json
-453545351	3	3	3	records/p3/flag-certificates/453545351.json
-453659191	3	3	3	records/p3/flag-certificates/453659191.json
-453669583	3	3	3	records/p3/flag-certificates/453669583.json
-453694559	3	3	3	records/p3/flag-certificates/453694559.json
-453922895	3	3	243	records/p3/flag-certificates/453922895.json
-454110376	3	3	3	records/p3/flag-certificates/454110376.json
-454222499	3	3	3	records/p3/flag-certificates/454222499.json
-454343035	3	3	3	records/p3/flag-certificates/454343035.json
-454462339	3	3	3	records/p3/flag-certificates/454462339.json
-454464628	3	3	81	records/p3/flag-certificates/454464628.json
-454535935	3	3	3	records/p3/flag-certificates/454535935.json
-454545595	3	3	3	records/p3/flag-certificates/454545595.json
-454558360	3	3	3	records/p3/flag-certificates/454558360.json
-454586952	3	3	3	records/p3/flag-certificates/454586952.json
-454646692	3	3	3	records/p3/flag-certificates/454646692.json
-454676303	3	3	3	records/p3/flag-certificates/454676303.json
-454810327	3	3	3	records/p3/flag-certificates/454810327.json
-454859399	3	3	3	records/p3/flag-certificates/454859399.json
-454953403	3	3	3	records/p3/flag-certificates/454953403.json
-454981579	3	3	9	records/p3/flag-certificates/454981579.json
-455145256	3	3	3	records/p3/flag-certificates/455145256.json
-455146388	3	3	3	records/p3/flag-certificates/455146388.json
-455252360	3	3	3	records/p3/flag-certificates/455252360.json
-455342151	3	3	3	records/p3/flag-certificates/455342151.json
-455345579	3	3	9	records/p3/flag-certificates/455345579.json
-455420879	3	3	3	records/p3/flag-certificates/455420879.json
-455427304	3	3	243	records/p3/flag-certificates/455427304.json
-455548984	3	3	3	records/p3/flag-certificates/455548984.json
-455612135	3	3	9	records/p3/flag-certificates/455612135.json
-455641667	3	3	3	records/p3/flag-certificates/455641667.json
-455712191	3	3	3	records/p3/flag-certificates/455712191.json
-455725371	3	3	3	records/p3/flag-certificates/455725371.json
-455737847	3	3	3	records/p3/flag-certificates/455737847.json
-455891284	3	3	3	records/p3/flag-certificates/455891284.json
-455900824	3	3	3	records/p3/flag-certificates/455900824.json
-455974148	3	3	3	records/p3/flag-certificates/455974148.json
-456131156	3	3	3	records/p3/flag-certificates/456131156.json
-456326104	3	3	3	records/p3/flag-certificates/456326104.json
-456363707	3	3	81	records/p3/flag-certificates/456363707.json
-456485111	3	3	3	records/p3/flag-certificates/456485111.json
-456500191	3	3	9	records/p3/flag-certificates/456500191.json
-456506599	3	3	3	records/p3/flag-certificates/456506599.json
-456687899	3	3	81	records/p3/flag-certificates/456687899.json
-456752767	3	3	3	records/p3/flag-certificates/456752767.json
-456760231	3	3	3	records/p3/flag-certificates/456760231.json
-456900415	3	3	3	records/p3/flag-certificates/456900415.json
-456919355	3	3	3	records/p3/flag-certificates/456919355.json
-456965448	3	3	3	records/p3/flag-certificates/456965448.json
-457028447	3	3	3	records/p3/flag-certificates/457028447.json
-457060883	3	3	3	records/p3/flag-certificates/457060883.json
-457304207	3	3	3	records/p3/flag-certificates/457304207.json
-457428324	3	3	3	records/p3/flag-certificates/457428324.json
-457463460	3	3	3	records/p3/flag-certificates/457463460.json
-457528711	3	3	3	records/p3/flag-certificates/457528711.json
-457564148	3	3	3	records/p3/flag-certificates/457564148.json
-457567503	3	3	3	records/p3/flag-certificates/457567503.json
-457680163	3	3	9	records/p3/flag-certificates/457680163.json
-457711688	3	3	3	records/p3/flag-certificates/457711688.json
-457856591	3	3	9	records/p3/flag-certificates/457856591.json
-458028820	3	3	3	records/p3/flag-certificates/458028820.json
-458082763	3	3	3	records/p3/flag-certificates/458082763.json
-458134143	3	3	3	records/p3/flag-certificates/458134143.json
-458305123	3	3	81	records/p3/flag-certificates/458305123.json
-458330791	3	3	3	records/p3/flag-certificates/458330791.json
-458681764	3	3	3	records/p3/flag-certificates/458681764.json
-458732355	3	3	3	records/p3/flag-certificates/458732355.json
-458790719	3	3	3	records/p3/flag-certificates/458790719.json
-458793623	3	3	3	records/p3/flag-certificates/458793623.json
-458988535	3	3	3	records/p3/flag-certificates/458988535.json
-459027860	3	3	3	records/p3/flag-certificates/459027860.json
-459124827	3	3	3	records/p3/flag-certificates/459124827.json
-459145703	3	3	3	records/p3/flag-certificates/459145703.json
-459443240	3	3	3	records/p3/flag-certificates/459443240.json
-459475055	3	3	3	records/p3/flag-certificates/459475055.json
-459577160	3	3	3	records/p3/flag-certificates/459577160.json
-459724724	3	3	3	records/p3/flag-certificates/459724724.json
-459969288	3	3	3	records/p3/flag-certificates/459969288.json
-460210376	3	3	3	records/p3/flag-certificates/460210376.json
-460248607	3	3	9	records/p3/flag-certificates/460248607.json
-460350415	3	3	9	records/p3/flag-certificates/460350415.json
-460418799	3	3	3	records/p3/flag-certificates/460418799.json
-460425524	3	3	3	records/p3/flag-certificates/460425524.json
-460461779	3	3	3	records/p3/flag-certificates/460461779.json
-460530152	3	3	3	records/p3/flag-certificates/460530152.json
-460609027	3	3	9	records/p3/flag-certificates/460609027.json
-460707823	3	3	3	records/p3/flag-certificates/460707823.json
-460853087	3	3	3	records/p3/flag-certificates/460853087.json
-460853407	3	3	3	records/p3/flag-certificates/460853407.json
-460926455	3	3	3	records/p3/flag-certificates/460926455.json
-461001695	3	3	3	records/p3/flag-certificates/461001695.json
-461088835	3	3	3	records/p3/flag-certificates/461088835.json
-461224392	3	3	3	records/p3/flag-certificates/461224392.json
-461309711	3	3	3	records/p3/flag-certificates/461309711.json
-461342279	3	3	3	records/p3/flag-certificates/461342279.json
-461350056	3	3	3	records/p3/flag-certificates/461350056.json
-461440747	3	3	3	records/p3/flag-certificates/461440747.json
-461684211	3	3	3	records/p3/flag-certificates/461684211.json
-461772447	3	3	3	records/p3/flag-certificates/461772447.json
-461780191	3	3	3	records/p3/flag-certificates/461780191.json
-461803128	3	3	3	records/p3/flag-certificates/461803128.json
-461981315	3	3	3	records/p3/flag-certificates/461981315.json
-461983835	3	3	3	records/p3/flag-certificates/461983835.json
-462054376	3	3	3	records/p3/flag-certificates/462054376.json
-462092459	3	3	3	records/p3/flag-certificates/462092459.json
-462121503	3	3	3	records/p3/flag-certificates/462121503.json
-462219163	3	3	3	records/p3/flag-certificates/462219163.json
-462388403	3	3	3	records/p3/flag-certificates/462388403.json
-462466867	3	3	3	records/p3/flag-certificates/462466867.json
-462496763	3	3	3	records/p3/flag-certificates/462496763.json
-462643816	3	3	3	records/p3/flag-certificates/462643816.json
-462708491	3	3	3	records/p3/flag-certificates/462708491.json
-462709976	3	3	3	records/p3/flag-certificates/462709976.json
-462794392	3	3	3	records/p3/flag-certificates/462794392.json
-462813992	3	3	3	records/p3/flag-certificates/462813992.json
-462877748	3	3	9	records/p3/flag-certificates/462877748.json
-463033139	3	3	3	records/p3/flag-certificates/463033139.json
-463269003	3	3	27	records/p3/flag-certificates/463269003.json
-463316599	3	3	9	records/p3/flag-certificates/463316599.json
-463420052	3	3	3	records/p3/flag-certificates/463420052.json
-463481927	3	3	3	records/p3/flag-certificates/463481927.json
-463583739	3	3	3	records/p3/flag-certificates/463583739.json
-463702135	3	3	3	records/p3/flag-certificates/463702135.json
-463718987	3	3	3	records/p3/flag-certificates/463718987.json
-463732615	3	3	3	records/p3/flag-certificates/463732615.json
-463761347	3	3	9	records/p3/flag-certificates/463761347.json
-463860223	3	3	3	records/p3/flag-certificates/463860223.json
-464018747	3	3	3	records/p3/flag-certificates/464018747.json
-464133127	3	3	3	records/p3/flag-certificates/464133127.json
-464538295	3	3	3	records/p3/flag-certificates/464538295.json
-464549927	3	3	3	records/p3/flag-certificates/464549927.json
-464692111	3	3	3	records/p3/flag-certificates/464692111.json
-464783927	3	3	3	records/p3/flag-certificates/464783927.json
-465138456	3	3	3	records/p3/flag-certificates/465138456.json
-465278963	3	3	3	records/p3/flag-certificates/465278963.json
-465577583	3	3	3	records/p3/flag-certificates/465577583.json
-465687176	3	3	9	records/p3/flag-certificates/465687176.json
-465821659	3	3	27	records/p3/flag-certificates/465821659.json
-465836303	3	3	3	records/p3/flag-certificates/465836303.json
-466009156	3	3	3	records/p3/flag-certificates/466009156.json
-466173779	3	3	3	records/p3/flag-certificates/466173779.json
-466236415	3	3	3	records/p3/flag-certificates/466236415.json
-466259055	3	3	3	records/p3/flag-certificates/466259055.json
-466320404	3	3	3	records/p3/flag-certificates/466320404.json
-466324939	3	3	9	records/p3/flag-certificates/466324939.json
-466348163	3	3	3	records/p3/flag-certificates/466348163.json
-466514232	3	3	3	records/p3/flag-certificates/466514232.json
-466842847	3	3	3	records/p3/flag-certificates/466842847.json
-466873931	3	3	3	records/p3/flag-certificates/466873931.json
-467327551	3	3	3	records/p3/flag-certificates/467327551.json
-467344299	3	3	81	records/p3/flag-certificates/467344299.json
-467370872	3	3	3	records/p3/flag-certificates/467370872.json
-467378531	3	3	3	records/p3/flag-certificates/467378531.json
-467538367	3	3	3	records/p3/flag-certificates/467538367.json
-467691092	3	3	3	records/p3/flag-certificates/467691092.json
-467791867	3	3	3	records/p3/flag-certificates/467791867.json
-467841448	3	3	3	records/p3/flag-certificates/467841448.json
-467859032	3	3	3	records/p3/flag-certificates/467859032.json
-467969448	3	3	3	records/p3/flag-certificates/467969448.json
-468131091	3	3	3	records/p3/flag-certificates/468131091.json
-468235235	3	3	3	records/p3/flag-certificates/468235235.json
-468366739	3	3	3	records/p3/flag-certificates/468366739.json
-468420692	3	3	3	records/p3/flag-certificates/468420692.json
-468461471	3	3	3	records/p3/flag-certificates/468461471.json
-468569496	3	3	3	records/p3/flag-certificates/468569496.json
-468611131	3	3	3	records/p3/flag-certificates/468611131.json
-468687255	3	3	243	records/p3/flag-certificates/468687255.json
-468815251	3	3	3	records/p3/flag-certificates/468815251.json
-469006179	3	3	3	records/p3/flag-certificates/469006179.json
-469070807	3	3	3	records/p3/flag-certificates/469070807.json
-469137639	3	3	3	records/p3/flag-certificates/469137639.json
-469319444	3	3	3	records/p3/flag-certificates/469319444.json
-469336163	3	3	3	records/p3/flag-certificates/469336163.json
-469457140	3	3	3	records/p3/flag-certificates/469457140.json
-469552327	3	3	9	records/p3/flag-certificates/469552327.json
-469931699	3	3	3	records/p3/flag-certificates/469931699.json
-470030363	3	3	3	records/p3/flag-certificates/470030363.json
-470050312	3	3	3	records/p3/flag-certificates/470050312.json
-470079059	3	3	3	records/p3/flag-certificates/470079059.json
-470250343	3	3	3	records/p3/flag-certificates/470250343.json
-470268627	3	3	3	records/p3/flag-certificates/470268627.json
-470335043	3	3	3	records/p3/flag-certificates/470335043.json
-470339979	3	3	3	records/p3/flag-certificates/470339979.json
-470455044	3	3	3	records/p3/flag-certificates/470455044.json
-470531195	3	3	3	records/p3/flag-certificates/470531195.json
-470542628	3	3	3	records/p3/flag-certificates/470542628.json
-470549963	3	3	3	records/p3/flag-certificates/470549963.json
-470636427	3	3	3	records/p3/flag-certificates/470636427.json
-470665471	3	3	3	records/p3/flag-certificates/470665471.json
-470685407	3	3	3	records/p3/flag-certificates/470685407.json
-470745704	3	3	3	records/p3/flag-certificates/470745704.json
-470824511	3	3	3	records/p3/flag-certificates/470824511.json
-470889332	3	3	3	records/p3/flag-certificates/470889332.json
-471172683	3	3	3	records/p3/flag-certificates/471172683.json
-471191459	3	3	3	records/p3/flag-certificates/471191459.json
-471251887	3	3	3	records/p3/flag-certificates/471251887.json
-471253423	3	3	3	records/p3/flag-certificates/471253423.json
-471276516	3	3	3	records/p3/flag-certificates/471276516.json
-471277227	3	3	3	records/p3/flag-certificates/471277227.json
-471350891	3	3	3	records/p3/flag-certificates/471350891.json
-471371555	3	3	3	records/p3/flag-certificates/471371555.json
-471486955	3	3	3	records/p3/flag-certificates/471486955.json
-471649919	3	3	3	records/p3/flag-certificates/471649919.json
-471702611	3	3	3	records/p3/flag-certificates/471702611.json
-471773467	3	3	3	records/p3/flag-certificates/471773467.json
-471791515	3	3	3	records/p3/flag-certificates/471791515.json
-471845780	3	3	3	records/p3/flag-certificates/471845780.json
-472092679	3	3	3	records/p3/flag-certificates/472092679.json
-472280231	3	3	3	records/p3/flag-certificates/472280231.json
-472300203	3	3	3	records/p3/flag-certificates/472300203.json
-472315295	3	3	3	records/p3/flag-certificates/472315295.json
-472382851	3	3	3	records/p3/flag-certificates/472382851.json
-472390607	3	3	3	records/p3/flag-certificates/472390607.json
-472393191	3	3	3	records/p3/flag-certificates/472393191.json
-472468495	3	3	3	records/p3/flag-certificates/472468495.json
-472520191	3	3	9	records/p3/flag-certificates/472520191.json
-472536699	3	3	3	records/p3/flag-certificates/472536699.json
-472741187	3	3	3	records/p3/flag-certificates/472741187.json
-472747207	3	3	3	records/p3/flag-certificates/472747207.json
-472844395	3	3	9	records/p3/flag-certificates/472844395.json
-472880011	3	3	3	records/p3/flag-certificates/472880011.json
-472935739	3	3	9	records/p3/flag-certificates/472935739.json
-473164799	3	3	3	records/p3/flag-certificates/473164799.json
-473183943	3	3	3	records/p3/flag-certificates/473183943.json
-473192360	3	3	3	records/p3/flag-certificates/473192360.json
-473260776	3	3	3	records/p3/flag-certificates/473260776.json
-473267015	3	3	3	records/p3/flag-certificates/473267015.json
-473324735	3	3	3	records/p3/flag-certificates/473324735.json
-473377379	3	3	3	records/p3/flag-certificates/473377379.json
-473398663	3	3	3	records/p3/flag-certificates/473398663.json
-473422083	3	3	3	records/p3/flag-certificates/473422083.json
-473435995	3	3	3	records/p3/flag-certificates/473435995.json
-473594579	3	3	3	records/p3/flag-certificates/473594579.json
-473707659	3	3	3	records/p3/flag-certificates/473707659.json
-473725507	3	3	3	records/p3/flag-certificates/473725507.json
-473793279	3	3	3	records/p3/flag-certificates/473793279.json
-473846456	3	3	3	records/p3/flag-certificates/473846456.json
-473898183	3	3	3	records/p3/flag-certificates/473898183.json
-473977267	3	3	9	records/p3/flag-certificates/473977267.json
-474123647	3	3	3	records/p3/flag-certificates/474123647.json
-474133287	3	3	3	records/p3/flag-certificates/474133287.json
-474335860	3	3	243	records/p3/flag-certificates/474335860.json
-474641319	3	3	3	records/p3/flag-certificates/474641319.json
-474694079	3	3	3	records/p3/flag-certificates/474694079.json
-474852799	3	3	3	records/p3/flag-certificates/474852799.json
-474937924	3	3	3	records/p3/flag-certificates/474937924.json
-475079339	3	3	3	records/p3/flag-certificates/475079339.json
-475146779	3	3	3	records/p3/flag-certificates/475146779.json
-475398692	3	3	3	records/p3/flag-certificates/475398692.json
-475485879	3	3	3	records/p3/flag-certificates/475485879.json
-475520711	3	3	3	records/p3/flag-certificates/475520711.json
-475595727	3	3	3	records/p3/flag-certificates/475595727.json
-475692727	3	3	3	records/p3/flag-certificates/475692727.json
-475792663	3	3	3	records/p3/flag-certificates/475792663.json
-475836344	3	3	3	records/p3/flag-certificates/475836344.json
-475939959	3	3	27	records/p3/flag-certificates/475939959.json
-476051215	3	3	3	records/p3/flag-certificates/476051215.json
-476251864	3	3	3	records/p3/flag-certificates/476251864.json
-476256371	3	3	3	records/p3/flag-certificates/476256371.json
-476282168	3	3	3	records/p3/flag-certificates/476282168.json
-476375635	3	3	3	records/p3/flag-certificates/476375635.json
-476584699	3	3	3	records/p3/flag-certificates/476584699.json
-476633311	3	3	3	records/p3/flag-certificates/476633311.json
-476758164	3	3	3	records/p3/flag-certificates/476758164.json
-476782007	3	3	3	records/p3/flag-certificates/476782007.json
-476826215	3	3	3	records/p3/flag-certificates/476826215.json
-476837092	3	3	3	records/p3/flag-certificates/476837092.json
-477132024	3	3	3	records/p3/flag-certificates/477132024.json
-477179635	3	3	3	records/p3/flag-certificates/477179635.json
-477271931	3	3	9	records/p3/flag-certificates/477271931.json
-477297463	3	3	3	records/p3/flag-certificates/477297463.json
-477548311	3	3	3	records/p3/flag-certificates/477548311.json
-477823688	3	3	3	records/p3/flag-certificates/477823688.json
-477992531	3	3	3	records/p3/flag-certificates/477992531.json
-478324759	3	3	3	records/p3/flag-certificates/478324759.json
-478353563	3	3	9	records/p3/flag-certificates/478353563.json
-478420483	3	3	3	records/p3/flag-certificates/478420483.json
-478487471	3	3	3	records/p3/flag-certificates/478487471.json
-478522292	3	3	3	records/p3/flag-certificates/478522292.json
-478564267	3	3	3	records/p3/flag-certificates/478564267.json
-478582196	3	3	3	records/p3/flag-certificates/478582196.json
-478599071	3	3	9	records/p3/flag-certificates/478599071.json
-478638147	3	3	3	records/p3/flag-certificates/478638147.json
-478671880	3	3	3	records/p3/flag-certificates/478671880.json
-478740968	3	3	3	records/p3/flag-certificates/478740968.json
-478771355	3	3	3	records/p3/flag-certificates/478771355.json
-478928939	3	3	3	records/p3/flag-certificates/478928939.json
-479006324	3	3	3	records/p3/flag-certificates/479006324.json
-479014696	3	3	3	records/p3/flag-certificates/479014696.json
-479043627	3	3	3	records/p3/flag-certificates/479043627.json
-479053507	3	3	3	records/p3/flag-certificates/479053507.json
-479080787	3	3	6561	records/p3/flag-certificates/479080787.json
-479172027	3	3	3	records/p3/flag-certificates/479172027.json
-479278495	3	3	3	records/p3/flag-certificates/479278495.json
-479497483	3	3	3	records/p3/flag-certificates/479497483.json
-479866024	3	3	3	records/p3/flag-certificates/479866024.json
-479890283	3	3	3	records/p3/flag-certificates/479890283.json
-480115284	3	3	3	records/p3/flag-certificates/480115284.json
-480160843	3	3	3	records/p3/flag-certificates/480160843.json
-480213879	3	3	3	records/p3/flag-certificates/480213879.json
-480324596	3	3	3	records/p3/flag-certificates/480324596.json
-480351460	3	3	3	records/p3/flag-certificates/480351460.json
-480370148	3	3	3	records/p3/flag-certificates/480370148.json
-480388931	3	3	3	records/p3/flag-certificates/480388931.json
-480516871	3	3	9	records/p3/flag-certificates/480516871.json
-480561284	3	3	9	records/p3/flag-certificates/480561284.json
-480677735	3	3	3	records/p3/flag-certificates/480677735.json
-480692228	3	3	9	records/p3/flag-certificates/480692228.json
-480880987	3	3	3	records/p3/flag-certificates/480880987.json
-480974180	3	3	3	records/p3/flag-certificates/480974180.json
-481002947	3	3	3	records/p3/flag-certificates/481002947.json
-481083899	3	3	3	records/p3/flag-certificates/481083899.json
-481384456	3	3	3	records/p3/flag-certificates/481384456.json
-481408699	3	3	3	records/p3/flag-certificates/481408699.json
-481505991	3	3	3	records/p3/flag-certificates/481505991.json
-481508907	3	3	3	records/p3/flag-certificates/481508907.json
-481535699	3	3	9	records/p3/flag-certificates/481535699.json
-481750807	3	3	3	records/p3/flag-certificates/481750807.json
-481815435	3	3	3	records/p3/flag-certificates/481815435.json
-481867483	3	3	3	records/p3/flag-certificates/481867483.json
-481906520	3	3	3	records/p3/flag-certificates/481906520.json
-482230759	3	3	3	records/p3/flag-certificates/482230759.json
-482275627	3	3	3	records/p3/flag-certificates/482275627.json
-482402103	3	3	3	records/p3/flag-certificates/482402103.json
-482439667	3	3	3	records/p3/flag-certificates/482439667.json
-482444503	3	3	3	records/p3/flag-certificates/482444503.json
-482486971	3	3	3	records/p3/flag-certificates/482486971.json
-482837543	3	3	9	records/p3/flag-certificates/482837543.json
-482848847	3	3	3	records/p3/flag-certificates/482848847.json
-482852471	3	3	3	records/p3/flag-certificates/482852471.json
-482858043	3	3	3	records/p3/flag-certificates/482858043.json
-482866264	3	3	6561	records/p3/flag-certificates/482866264.json
-482895059	3	3	3	records/p3/flag-certificates/482895059.json
-483033347	3	3	3	records/p3/flag-certificates/483033347.json
-483406059	3	3	9	records/p3/flag-certificates/483406059.json
-483576423	3	3	3	records/p3/flag-certificates/483576423.json
-483666276	3	3	3	records/p3/flag-certificates/483666276.json
-483679412	3	3	3	records/p3/flag-certificates/483679412.json
-483780644	3	3	3	records/p3/flag-certificates/483780644.json
-483909748	3	3	9	records/p3/flag-certificates/483909748.json
-484058159	3	3	3	records/p3/flag-certificates/484058159.json
-484079847	3	3	3	records/p3/flag-certificates/484079847.json
-484150099	3	3	3	records/p3/flag-certificates/484150099.json
-484187019	3	3	3	records/p3/flag-certificates/484187019.json
-484192171	3	3	3	records/p3/flag-certificates/484192171.json
-484270763	3	3	3	records/p3/flag-certificates/484270763.json
-484303431	3	3	3	records/p3/flag-certificates/484303431.json
-484413079	3	3	3	records/p3/flag-certificates/484413079.json
-484413716	3	3	3	records/p3/flag-certificates/484413716.json
-484655403	3	3	3	records/p3/flag-certificates/484655403.json
-484714707	3	3	3	records/p3/flag-certificates/484714707.json
-484721652	3	3	3	records/p3/flag-certificates/484721652.json
-484758883	3	3	3	records/p3/flag-certificates/484758883.json
-484824623	3	3	3	records/p3/flag-certificates/484824623.json
-484855991	3	3	3	records/p3/flag-certificates/484855991.json
-485037160	3	3	3	records/p3/flag-certificates/485037160.json
-485063704	3	3	3	records/p3/flag-certificates/485063704.json
-485230971	3	3	3	records/p3/flag-certificates/485230971.json
-485257783	3	3	3	records/p3/flag-certificates/485257783.json
-485335032	3	3	81	records/p3/flag-certificates/485335032.json
-485348307	3	3	3	records/p3/flag-certificates/485348307.json
-485391747	3	3	3	records/p3/flag-certificates/485391747.json
-485414467	3	3	3	records/p3/flag-certificates/485414467.json
-485837607	3	3	3	records/p3/flag-certificates/485837607.json
-485934143	3	3	3	records/p3/flag-certificates/485934143.json
-485985907	3	3	3	records/p3/flag-certificates/485985907.json
-486006611	3	3	3	records/p3/flag-certificates/486006611.json
-486044339	3	3	3	records/p3/flag-certificates/486044339.json
-486073144	3	3	3	records/p3/flag-certificates/486073144.json
-486107255	3	3	3	records/p3/flag-certificates/486107255.json
-486134483	3	3	3	records/p3/flag-certificates/486134483.json
-486169763	3	3	3	records/p3/flag-certificates/486169763.json
-486178599	3	3	3	records/p3/flag-certificates/486178599.json
-486182516	3	3	3	records/p3/flag-certificates/486182516.json
-486240340	3	3	3	records/p3/flag-certificates/486240340.json
-486472451	3	3	9	records/p3/flag-certificates/486472451.json
-486555455	3	3	3	records/p3/flag-certificates/486555455.json
-486651752	3	3	9	records/p3/flag-certificates/486651752.json
-486706731	3	3	3	records/p3/flag-certificates/486706731.json
-486785819	3	3	3	records/p3/flag-certificates/486785819.json
-486871871	3	3	3	records/p3/flag-certificates/486871871.json
-486881411	3	3	3	records/p3/flag-certificates/486881411.json
-487024067	3	3	3	records/p3/flag-certificates/487024067.json
-487169335	3	3	243	records/p3/flag-certificates/487169335.json
-487323103	3	3	3	records/p3/flag-certificates/487323103.json
-487356647	3	3	3	records/p3/flag-certificates/487356647.json
-487358087	3	3	3	records/p3/flag-certificates/487358087.json
-487389703	3	3	3	records/p3/flag-certificates/487389703.json
-487429795	3	3	3	records/p3/flag-certificates/487429795.json
-487454527	3	3	3	records/p3/flag-certificates/487454527.json
-487466815	3	3	3	records/p3/flag-certificates/487466815.json
-487685863	3	3	3	records/p3/flag-certificates/487685863.json
-487829659	3	3	3	records/p3/flag-certificates/487829659.json
-487850863	3	3	3	records/p3/flag-certificates/487850863.json
-488502436	3	3	3	records/p3/flag-certificates/488502436.json
-488577907	3	3	3	records/p3/flag-certificates/488577907.json
-488607396	3	3	3	records/p3/flag-certificates/488607396.json
-488666859	3	3	3	records/p3/flag-certificates/488666859.json
-488727924	3	3	3	records/p3/flag-certificates/488727924.json
-488754424	3	3	3	records/p3/flag-certificates/488754424.json
-488828708	3	3	3	records/p3/flag-certificates/488828708.json
-488905979	3	3	3	records/p3/flag-certificates/488905979.json
-489060148	3	3	3	records/p3/flag-certificates/489060148.json
-489135336	3	3	3	records/p3/flag-certificates/489135336.json
-489163267	3	3	3	records/p3/flag-certificates/489163267.json
-489191279	3	3	3	records/p3/flag-certificates/489191279.json
-489199908	3	3	3	records/p3/flag-certificates/489199908.json
-489290308	3	3	3	records/p3/flag-certificates/489290308.json
-489425012	3	3	27	records/p3/flag-certificates/489425012.json
-489431495	3	3	3	records/p3/flag-certificates/489431495.json
-489476280	3	3	3	records/p3/flag-certificates/489476280.json
-489843940	3	3	3	records/p3/flag-certificates/489843940.json
-490170215	3	3	3	records/p3/flag-certificates/490170215.json
-490531807	3	3	3	records/p3/flag-certificates/490531807.json
-490560040	3	3	3	records/p3/flag-certificates/490560040.json
-490675787	3	3	3	records/p3/flag-certificates/490675787.json
-490691224	3	3	3	records/p3/flag-certificates/490691224.json
-490768680	3	3	27	records/p3/flag-certificates/490768680.json
-490794811	3	3	3	records/p3/flag-certificates/490794811.json
-490880427	3	3	3	records/p3/flag-certificates/490880427.json
-491028611	3	3	3	records/p3/flag-certificates/491028611.json
-491150427	3	3	3	records/p3/flag-certificates/491150427.json
-491220159	3	3	3	records/p3/flag-certificates/491220159.json
-491294911	3	3	3	records/p3/flag-certificates/491294911.json
-491308811	3	3	3	records/p3/flag-certificates/491308811.json
-491499047	3	3	3	records/p3/flag-certificates/491499047.json
-491596303	3	3	3	records/p3/flag-certificates/491596303.json
-491633544	3	3	3	records/p3/flag-certificates/491633544.json
-491670071	3	3	3	records/p3/flag-certificates/491670071.json
-491751599	3	3	3	records/p3/flag-certificates/491751599.json
-492028104	3	3	3	records/p3/flag-certificates/492028104.json
-492055535	3	3	3	records/p3/flag-certificates/492055535.json
-492207604	3	3	3	records/p3/flag-certificates/492207604.json
-492220271	3	3	3	records/p3/flag-certificates/492220271.json
-492414099	3	3	3	records/p3/flag-certificates/492414099.json
-492418319	3	3	3	records/p3/flag-certificates/492418319.json
-492712303	3	3	9	records/p3/flag-certificates/492712303.json
-492723359	3	3	3	records/p3/flag-certificates/492723359.json
-492843547	3	3	3	records/p3/flag-certificates/492843547.json
-492933399	3	3	27	records/p3/flag-certificates/492933399.json
-493077839	3	3	3	records/p3/flag-certificates/493077839.json
-493658571	3	3	3	records/p3/flag-certificates/493658571.json
-493814107	3	3	3	records/p3/flag-certificates/493814107.json
-493952788	3	3	3	records/p3/flag-certificates/493952788.json
-494029867	3	3	9	records/p3/flag-certificates/494029867.json
-494130664	3	3	3	records/p3/flag-certificates/494130664.json
-494239307	3	3	81	records/p3/flag-certificates/494239307.json
-494477592	3	3	3	records/p3/flag-certificates/494477592.json
-494552263	3	3	3	records/p3/flag-certificates/494552263.json
-494576619	3	3	3	records/p3/flag-certificates/494576619.json
-494603895	3	3	3	records/p3/flag-certificates/494603895.json
-494621643	3	3	3	records/p3/flag-certificates/494621643.json
-494680715	3	3	3	records/p3/flag-certificates/494680715.json
-494728152	3	3	9	records/p3/flag-certificates/494728152.json
-494783187	3	3	3	records/p3/flag-certificates/494783187.json
-494825524	3	3	3	records/p3/flag-certificates/494825524.json
-495031319	3	3	3	records/p3/flag-certificates/495031319.json
-495085492	3	3	3	records/p3/flag-certificates/495085492.json
-495116488	3	3	3	records/p3/flag-certificates/495116488.json
-495168599	3	3	9	records/p3/flag-certificates/495168599.json
-495220099	3	3	3	records/p3/flag-certificates/495220099.json
-495351768	3	3	3	records/p3/flag-certificates/495351768.json
-495550463	3	3	3	records/p3/flag-certificates/495550463.json
-495555303	3	3	3	records/p3/flag-certificates/495555303.json
-495627967	3	3	3	records/p3/flag-certificates/495627967.json
-495671919	3	3	3	records/p3/flag-certificates/495671919.json
-495793399	3	3	3	records/p3/flag-certificates/495793399.json
-495819748	3	3	81	records/p3/flag-certificates/495819748.json
-495942855	3	3	3	records/p3/flag-certificates/495942855.json
-496120120	3	3	3	records/p3/flag-certificates/496120120.json
-496206635	3	3	3	records/p3/flag-certificates/496206635.json
-496301880	3	3	9	records/p3/flag-certificates/496301880.json
-496400260	3	3	3	records/p3/flag-certificates/496400260.json
-496414635	3	3	3	records/p3/flag-certificates/496414635.json
-496507204	3	3	3	records/p3/flag-certificates/496507204.json
-496620548	3	3	3	records/p3/flag-certificates/496620548.json
-496712935	3	3	3	records/p3/flag-certificates/496712935.json
-496714180	3	3	27	records/p3/flag-certificates/496714180.json
-496729583	3	3	3	records/p3/flag-certificates/496729583.json
-496978948	3	3	3	records/p3/flag-certificates/496978948.json
-496987655	3	3	3	records/p3/flag-certificates/496987655.json
-497043599	3	3	3	records/p3/flag-certificates/497043599.json
-497061967	3	3	3	records/p3/flag-certificates/497061967.json
-497289471	3	3	3	records/p3/flag-certificates/497289471.json
-497305976	3	3	3	records/p3/flag-certificates/497305976.json
-497398919	3	3	9	records/p3/flag-certificates/497398919.json
-497433316	3	3	9	records/p3/flag-certificates/497433316.json
-497463796	3	3	3	records/p3/flag-certificates/497463796.json
-497551883	3	3	3	records/p3/flag-certificates/497551883.json
-497682980	3	3	3	records/p3/flag-certificates/497682980.json
-497845631	3	3	9	records/p3/flag-certificates/497845631.json
-498007903	3	3	3	records/p3/flag-certificates/498007903.json
-498143795	3	3	9	records/p3/flag-certificates/498143795.json
-498224840	3	3	2187	records/p3/flag-certificates/498224840.json
-498237599	3	3	3	records/p3/flag-certificates/498237599.json
-498334183	3	3	3	records/p3/flag-certificates/498334183.json
-498342788	3	3	3	records/p3/flag-certificates/498342788.json
-498430231	3	3	3	records/p3/flag-certificates/498430231.json
-498435076	3	3	9	records/p3/flag-certificates/498435076.json
-498704099	3	3	3	records/p3/flag-certificates/498704099.json
-498757508	3	3	3	records/p3/flag-certificates/498757508.json
-499028788	3	3	3	records/p3/flag-certificates/499028788.json
-499108715	3	3	3	records/p3/flag-certificates/499108715.json
-499135144	3	3	3	records/p3/flag-certificates/499135144.json
-499166771	3	3	3	records/p3/flag-certificates/499166771.json
-499298408	3	3	3	records/p3/flag-certificates/499298408.json
-499310247	3	3	3	records/p3/flag-certificates/499310247.json
-499369412	3	3	3	records/p3/flag-certificates/499369412.json
-499756760	3	3	3	records/p3/flag-certificates/499756760.json
-499759919	3	3	3	records/p3/flag-certificates/499759919.json
-499987016	3	3	9	records/p3/flag-certificates/499987016.json
-500057735	3	3	3	records/p3/flag-certificates/500057735.json
-500064708	3	3	3	records/p3/flag-certificates/500064708.json
-500092923	3	3	3	records/p3/flag-certificates/500092923.json
-500101531	3	3	3	records/p3/flag-certificates/500101531.json
-500146547	3	3	9	records/p3/flag-certificates/500146547.json
-500316184	3	3	3	records/p3/flag-certificates/500316184.json
-500319631	3	3	9	records/p3/flag-certificates/500319631.json
-500348631	3	3	3	records/p3/flag-certificates/500348631.json
-500455735	3	3	3	records/p3/flag-certificates/500455735.json
-500498707	3	3	9	records/p3/flag-certificates/500498707.json
-500551187	3	3	9	records/p3/flag-certificates/500551187.json
-500559684	3	3	9	records/p3/flag-certificates/500559684.json
-500576415	3	3	3	records/p3/flag-certificates/500576415.json
-500577667	3	3	3	records/p3/flag-certificates/500577667.json
-500762831	3	3	3	records/p3/flag-certificates/500762831.json
-500786239	3	3	3	records/p3/flag-certificates/500786239.json
-500794712	3	3	3	records/p3/flag-certificates/500794712.json
-500898583	3	3	3	records/p3/flag-certificates/500898583.json
-500954344	3	3	3	records/p3/flag-certificates/500954344.json
-500962223	3	3	9	records/p3/flag-certificates/500962223.json
-501039944	3	3	3	records/p3/flag-certificates/501039944.json
-501050111	3	3	3	records/p3/flag-certificates/501050111.json
-501107483	3	3	3	records/p3/flag-certificates/501107483.json
-501160835	3	3	3	records/p3/flag-certificates/501160835.json
-501190760	3	3	3	records/p3/flag-certificates/501190760.json
-501387071	3	3	3	records/p3/flag-certificates/501387071.json
-501655767	3	3	3	records/p3/flag-certificates/501655767.json
-501686744	3	3	3	records/p3/flag-certificates/501686744.json
-501701527	3	3	3	records/p3/flag-certificates/501701527.json
-501732367	3	3	3	records/p3/flag-certificates/501732367.json
-501898147	3	3	3	records/p3/flag-certificates/501898147.json
-501900719	3	3	243	records/p3/flag-certificates/501900719.json
-502207763	3	3	3	records/p3/flag-certificates/502207763.json
-502420612	3	3	3	records/p3/flag-certificates/502420612.json
-502455135	3	3	3	records/p3/flag-certificates/502455135.json
-502563707	3	3	3	records/p3/flag-certificates/502563707.json
-502804627	3	3	3	records/p3/flag-certificates/502804627.json
-502810043	3	3	3	records/p3/flag-certificates/502810043.json
-502946023	3	3	3	records/p3/flag-certificates/502946023.json
-503166919	3	3	3	records/p3/flag-certificates/503166919.json
-503174392	3	3	3	records/p3/flag-certificates/503174392.json
-503417812	3	3	3	records/p3/flag-certificates/503417812.json
-503450951	3	3	9	records/p3/flag-certificates/503450951.json
-503467759	3	3	3	records/p3/flag-certificates/503467759.json
-503482127	3	3	3	records/p3/flag-certificates/503482127.json
-503510651	3	3	3	records/p3/flag-certificates/503510651.json
-503608088	3	3	3	records/p3/flag-certificates/503608088.json
-503668423	3	3	3	records/p3/flag-certificates/503668423.json
-503718415	3	3	3	records/p3/flag-certificates/503718415.json
-504152771	3	3	3	records/p3/flag-certificates/504152771.json
-504168647	3	3	3	records/p3/flag-certificates/504168647.json
-504190851	3	3	3	records/p3/flag-certificates/504190851.json
-504362147	3	3	3	records/p3/flag-certificates/504362147.json
-504436411	3	3	3	records/p3/flag-certificates/504436411.json
-504496687	3	3	3	records/p3/flag-certificates/504496687.json
-504531023	3	3	27	records/p3/flag-certificates/504531023.json
-504554395	3	3	3	records/p3/flag-certificates/504554395.json
-505013028	3	3	3	records/p3/flag-certificates/505013028.json
-505016488	3	3	3	records/p3/flag-certificates/505016488.json
-505017743	3	3	3	records/p3/flag-certificates/505017743.json
-505099895	3	3	3	records/p3/flag-certificates/505099895.json
-505289023	3	3	3	records/p3/flag-certificates/505289023.json
-505300911	3	3	3	records/p3/flag-certificates/505300911.json
-505338679	3	3	3	records/p3/flag-certificates/505338679.json
-505489128	3	3	3	records/p3/flag-certificates/505489128.json
-505633503	3	3	3	records/p3/flag-certificates/505633503.json
-505662595	3	3	3	records/p3/flag-certificates/505662595.json
-505770315	3	3	3	records/p3/flag-certificates/505770315.json
-505790743	3	3	3	records/p3/flag-certificates/505790743.json
-505806647	3	3	9	records/p3/flag-certificates/505806647.json
-506019019	3	3	3	records/p3/flag-certificates/506019019.json
-506037331	3	3	3	records/p3/flag-certificates/506037331.json
-506138747	3	3	3	records/p3/flag-certificates/506138747.json
-506212927	3	3	3	records/p3/flag-certificates/506212927.json
-506219528	3	3	3	records/p3/flag-certificates/506219528.json
-506258711	3	3	3	records/p3/flag-certificates/506258711.json
-506330515	3	3	3	records/p3/flag-certificates/506330515.json
-506365588	3	3	3	records/p3/flag-certificates/506365588.json
-506367652	3	3	3	records/p3/flag-certificates/506367652.json
-506422648	3	3	3	records/p3/flag-certificates/506422648.json
-506573311	3	3	9	records/p3/flag-certificates/506573311.json
-506708311	3	3	81	records/p3/flag-certificates/506708311.json
-506787524	3	3	9	records/p3/flag-certificates/506787524.json
-506790904	3	3	3	records/p3/flag-certificates/506790904.json
-506802760	3	3	3	records/p3/flag-certificates/506802760.json
-506832068	3	3	3	records/p3/flag-certificates/506832068.json
-507077848	3	3	3	records/p3/flag-certificates/507077848.json
-507092423	3	3	3	records/p3/flag-certificates/507092423.json
-507099860	3	3	3	records/p3/flag-certificates/507099860.json
-507102820	3	3	3	records/p3/flag-certificates/507102820.json
-507111467	3	3	3	records/p3/flag-certificates/507111467.json
-507113483	3	3	3	records/p3/flag-certificates/507113483.json
-507219043	3	3	729	records/p3/flag-certificates/507219043.json
-507274235	3	3	3	records/p3/flag-certificates/507274235.json
-507385999	3	3	9	records/p3/flag-certificates/507385999.json
-507562391	3	3	3	records/p3/flag-certificates/507562391.json
-507640520	3	3	3	records/p3/flag-certificates/507640520.json
-507699476	3	3	3	records/p3/flag-certificates/507699476.json
-507729243	3	3	3	records/p3/flag-certificates/507729243.json
-507778103	3	3	3	records/p3/flag-certificates/507778103.json
-507808031	3	3	3	records/p3/flag-certificates/507808031.json
-508030744	3	3	3	records/p3/flag-certificates/508030744.json
-508151316	3	3	3	records/p3/flag-certificates/508151316.json
-508171080	3	3	3	records/p3/flag-certificates/508171080.json
-508171155	3	3	3	records/p3/flag-certificates/508171155.json
-508196411	3	3	3	records/p3/flag-certificates/508196411.json
-508248967	3	3	81	records/p3/flag-certificates/508248967.json
-508307252	3	3	3	records/p3/flag-certificates/508307252.json
-508330167	3	3	3	records/p3/flag-certificates/508330167.json
-508428884	3	3	3	records/p3/flag-certificates/508428884.json
-508476536	3	3	3	records/p3/flag-certificates/508476536.json
-508485972	3	3	3	records/p3/flag-certificates/508485972.json
-508649011	3	3	27	records/p3/flag-certificates/508649011.json
-508874424	3	3	3	records/p3/flag-certificates/508874424.json
-508957428	3	3	3	records/p3/flag-certificates/508957428.json
-509049176	3	3	81	records/p3/flag-certificates/509049176.json
-509167907	3	3	3	records/p3/flag-certificates/509167907.json
-509269207	3	3	3	records/p3/flag-certificates/509269207.json
-509295587	3	3	3	records/p3/flag-certificates/509295587.json
-509829215	3	3	3	records/p3/flag-certificates/509829215.json
-510007636	3	3	3	records/p3/flag-certificates/510007636.json
-510050959	3	3	9	records/p3/flag-certificates/510050959.json
-510073131	3	3	3	records/p3/flag-certificates/510073131.json
-510123299	3	3	3	records/p3/flag-certificates/510123299.json
-510162799	3	3	3	records/p3/flag-certificates/510162799.json
-510214548	3	3	3	records/p3/flag-certificates/510214548.json
-510444867	3	3	9	records/p3/flag-certificates/510444867.json
-510499327	3	3	3	records/p3/flag-certificates/510499327.json
-510506715	3	3	3	records/p3/flag-certificates/510506715.json
-510566468	3	3	9	records/p3/flag-certificates/510566468.json
-510794167	3	3	3	records/p3/flag-certificates/510794167.json
-510878519	3	3	3	records/p3/flag-certificates/510878519.json
-511201799	3	3	3	records/p3/flag-certificates/511201799.json
-511217371	3	3	3	records/p3/flag-certificates/511217371.json
-511290671	3	3	3	records/p3/flag-certificates/511290671.json
-511302343	3	3	3	records/p3/flag-certificates/511302343.json
-511356695	3	3	9	records/p3/flag-certificates/511356695.json
-511462403	3	3	3	records/p3/flag-certificates/511462403.json
-511548820	3	3	3	records/p3/flag-certificates/511548820.json
-511556287	3	3	3	records/p3/flag-certificates/511556287.json
-511594535	3	3	3	records/p3/flag-certificates/511594535.json
-511625791	3	3	3	records/p3/flag-certificates/511625791.json
-511652132	3	3	3	records/p3/flag-certificates/511652132.json
-511700595	3	3	3	records/p3/flag-certificates/511700595.json
-511910563	3	3	3	records/p3/flag-certificates/511910563.json
-511927079	3	3	3	records/p3/flag-certificates/511927079.json
-511963331	3	3	3	records/p3/flag-certificates/511963331.json
-512095684	3	3	3	records/p3/flag-certificates/512095684.json
-512104859	3	3	3	records/p3/flag-certificates/512104859.json
-512237544	3	3	3	records/p3/flag-certificates/512237544.json
-512321043	3	3	3	records/p3/flag-certificates/512321043.json
-512445428	3	3	3	records/p3/flag-certificates/512445428.json
-512460088	3	3	243	records/p3/flag-certificates/512460088.json
-512522696	3	3	3	records/p3/flag-certificates/512522696.json
-512569507	3	3	3	records/p3/flag-certificates/512569507.json
-512621255	3	3	3	records/p3/flag-certificates/512621255.json
-512665480	3	3	3	records/p3/flag-certificates/512665480.json
-512866036	3	3	3	records/p3/flag-certificates/512866036.json
-512882327	3	3	3	records/p3/flag-certificates/512882327.json
-513006104	3	3	3	records/p3/flag-certificates/513006104.json
-513007303	3	3	3	records/p3/flag-certificates/513007303.json
-513013592	3	3	9	records/p3/flag-certificates/513013592.json
-513104851	3	3	3	records/p3/flag-certificates/513104851.json
-513145931	3	3	3	records/p3/flag-certificates/513145931.json
-513290852	3	3	3	records/p3/flag-certificates/513290852.json
-513460276	3	3	3	records/p3/flag-certificates/513460276.json
-513471819	3	3	3	records/p3/flag-certificates/513471819.json
-513569463	3	3	3	records/p3/flag-certificates/513569463.json
-513739803	3	3	3	records/p3/flag-certificates/513739803.json
-513746283	3	3	3	records/p3/flag-certificates/513746283.json
-514025247	3	3	3	records/p3/flag-certificates/514025247.json
-514075687	3	3	3	records/p3/flag-certificates/514075687.json
-514161391	3	3	3	records/p3/flag-certificates/514161391.json
-514354123	3	3	3	records/p3/flag-certificates/514354123.json
-514381695	3	3	3	records/p3/flag-certificates/514381695.json
-514412087	3	3	3	records/p3/flag-certificates/514412087.json
-514682135	3	3	3	records/p3/flag-certificates/514682135.json
-514706948	3	3	3	records/p3/flag-certificates/514706948.json
-514749092	3	3	3	records/p3/flag-certificates/514749092.json
-514904196	3	3	3	records/p3/flag-certificates/514904196.json
-514967559	3	3	3	records/p3/flag-certificates/514967559.json
-515160931	3	3	3	records/p3/flag-certificates/515160931.json
-515279731	3	3	3	records/p3/flag-certificates/515279731.json
-515373031	3	3	3	records/p3/flag-certificates/515373031.json
-515388292	3	3	3	records/p3/flag-certificates/515388292.json
-515396548	3	3	3	records/p3/flag-certificates/515396548.json
-515430308	3	3	3	records/p3/flag-certificates/515430308.json
-515506996	3	3	3	records/p3/flag-certificates/515506996.json
-515596148	3	3	3	records/p3/flag-certificates/515596148.json
-515622984	3	3	3	records/p3/flag-certificates/515622984.json
-515659319	3	3	3	records/p3/flag-certificates/515659319.json
-515700383	3	3	3	records/p3/flag-certificates/515700383.json
-515898931	3	3	3	records/p3/flag-certificates/515898931.json
-515955755	3	3	3	records/p3/flag-certificates/515955755.json
-516041731	3	3	3	records/p3/flag-certificates/516041731.json
-516099016	3	3	27	records/p3/flag-certificates/516099016.json
-516199144	3	3	3	records/p3/flag-certificates/516199144.json
-516345699	3	3	3	records/p3/flag-certificates/516345699.json
-516373811	3	3	3	records/p3/flag-certificates/516373811.json
-516456199	3	3	3	records/p3/flag-certificates/516456199.json
-516482247	3	3	3	records/p3/flag-certificates/516482247.json
-516781428	3	3	3	records/p3/flag-certificates/516781428.json
-516986696	3	3	9	records/p3/flag-certificates/516986696.json
-517031711	3	3	9	records/p3/flag-certificates/517031711.json
-517257751	3	3	3	records/p3/flag-certificates/517257751.json
-517283912	3	3	3	records/p3/flag-certificates/517283912.json
-517339063	3	3	3	records/p3/flag-certificates/517339063.json
-517434063	3	3	3	records/p3/flag-certificates/517434063.json
-517582488	3	3	3	records/p3/flag-certificates/517582488.json
-517601127	3	3	3	records/p3/flag-certificates/517601127.json
-517603748	3	3	3	records/p3/flag-certificates/517603748.json
-517767703	3	3	3	records/p3/flag-certificates/517767703.json
-517921192	3	3	3	records/p3/flag-certificates/517921192.json
-517940147	3	3	3	records/p3/flag-certificates/517940147.json
-518028260	3	3	9	records/p3/flag-certificates/518028260.json
-518054699	3	3	81	records/p3/flag-certificates/518054699.json
-518183220	3	3	3	records/p3/flag-certificates/518183220.json
-518288963	3	3	3	records/p3/flag-certificates/518288963.json
-518300491	3	3	3	records/p3/flag-certificates/518300491.json
-518430724	3	3	3	records/p3/flag-certificates/518430724.json
-518592243	3	3	3	records/p3/flag-certificates/518592243.json
-518731352	3	3	3	records/p3/flag-certificates/518731352.json
-518916523	3	3	3	records/p3/flag-certificates/518916523.json
-518998456	3	3	3	records/p3/flag-certificates/518998456.json
-519063815	3	3	3	records/p3/flag-certificates/519063815.json
-519148159	3	3	3	records/p3/flag-certificates/519148159.json
-519165183	3	3	3	records/p3/flag-certificates/519165183.json
-519178459	3	3	3	records/p3/flag-certificates/519178459.json
-519182219	3	3	3	records/p3/flag-certificates/519182219.json
-519264223	3	3	3	records/p3/flag-certificates/519264223.json
-519406879	3	3	3	records/p3/flag-certificates/519406879.json
-519419759	3	3	3	records/p3/flag-certificates/519419759.json
-519505060	3	3	3	records/p3/flag-certificates/519505060.json
-519560519	3	3	9	records/p3/flag-certificates/519560519.json
-519688915	3	3	3	records/p3/flag-certificates/519688915.json
-519702199	3	3	3	records/p3/flag-certificates/519702199.json
-519711784	3	3	3	records/p3/flag-certificates/519711784.json
-519789895	3	3	81	records/p3/flag-certificates/519789895.json
-519962711	3	3	3	records/p3/flag-certificates/519962711.json
-520028196	3	3	9	records/p3/flag-certificates/520028196.json
-520057124	3	3	3	records/p3/flag-certificates/520057124.json
-520119224	3	3	3	records/p3/flag-certificates/520119224.json
-520182951	3	3	3	records/p3/flag-certificates/520182951.json
-520212916	3	3	3	records/p3/flag-certificates/520212916.json
-520220731	3	3	3	records/p3/flag-certificates/520220731.json
-520253603	3	3	9	records/p3/flag-certificates/520253603.json
-520279843	3	3	3	records/p3/flag-certificates/520279843.json
-520333624	3	3	9	records/p3/flag-certificates/520333624.json
-520415688	3	3	3	records/p3/flag-certificates/520415688.json
-520419892	3	3	3	records/p3/flag-certificates/520419892.json
-520432696	3	3	3	records/p3/flag-certificates/520432696.json
-520474287	3	3	3	records/p3/flag-certificates/520474287.json
-520495019	3	3	9	records/p3/flag-certificates/520495019.json
-520711423	3	3	3	records/p3/flag-certificates/520711423.json
-521237208	3	3	3	records/p3/flag-certificates/521237208.json
-521473556	3	3	3	records/p3/flag-certificates/521473556.json
-521727636	3	3	3	records/p3/flag-certificates/521727636.json
-521909887	3	3	3	records/p3/flag-certificates/521909887.json
-521985988	3	3	3	records/p3/flag-certificates/521985988.json
-522004163	3	3	3	records/p3/flag-certificates/522004163.json
-522032915	3	3	9	records/p3/flag-certificates/522032915.json
-522069099	3	3	3	records/p3/flag-certificates/522069099.json
-522080164	3	3	3	records/p3/flag-certificates/522080164.json
-522240907	3	3	9	records/p3/flag-certificates/522240907.json
-522298088	3	3	3	records/p3/flag-certificates/522298088.json
-522312671	3	3	3	records/p3/flag-certificates/522312671.json
-522861043	3	3	3	records/p3/flag-certificates/522861043.json
-522956255	3	3	3	records/p3/flag-certificates/522956255.json
-523029083	3	3	3	records/p3/flag-certificates/523029083.json
-523049467	3	3	9	records/p3/flag-certificates/523049467.json
-523073224	3	3	3	records/p3/flag-certificates/523073224.json
-523102135	3	3	3	records/p3/flag-certificates/523102135.json
-523174367	3	3	3	records/p3/flag-certificates/523174367.json
-523291963	3	3	3	records/p3/flag-certificates/523291963.json
-523308299	3	3	3	records/p3/flag-certificates/523308299.json
-523330759	3	3	3	records/p3/flag-certificates/523330759.json
-523408803	3	3	3	records/p3/flag-certificates/523408803.json
-523507467	3	3	3	records/p3/flag-certificates/523507467.json
-523525603	3	3	3	records/p3/flag-certificates/523525603.json
-523537972	3	3	3	records/p3/flag-certificates/523537972.json
-523733851	3	3	3	records/p3/flag-certificates/523733851.json
-523804031	3	3	3	records/p3/flag-certificates/523804031.json
-523892047	3	3	3	records/p3/flag-certificates/523892047.json
-523893659	3	3	3	records/p3/flag-certificates/523893659.json
-523929347	3	3	3	records/p3/flag-certificates/523929347.json
-523975343	3	3	3	records/p3/flag-certificates/523975343.json
-524017108	3	3	3	records/p3/flag-certificates/524017108.json
-524039783	3	3	3	records/p3/flag-certificates/524039783.json
-524059059	3	3	3	records/p3/flag-certificates/524059059.json
-524094707	3	3	3	records/p3/flag-certificates/524094707.json
-524328023	3	3	27	records/p3/flag-certificates/524328023.json
-524481799	3	3	3	records/p3/flag-certificates/524481799.json
-524586531	3	3	3	records/p3/flag-certificates/524586531.json
-524597047	3	3	3	records/p3/flag-certificates/524597047.json
-524608639	3	3	3	records/p3/flag-certificates/524608639.json
-524670015	3	3	3	records/p3/flag-certificates/524670015.json
-524783480	3	3	27	records/p3/flag-certificates/524783480.json
-524837044	3	3	3	records/p3/flag-certificates/524837044.json
-524918803	3	3	3	records/p3/flag-certificates/524918803.json
-525042499	3	3	3	records/p3/flag-certificates/525042499.json
-525434915	3	3	3	records/p3/flag-certificates/525434915.json
-525608824	3	3	3	records/p3/flag-certificates/525608824.json
-525709704	3	3	3	records/p3/flag-certificates/525709704.json
-525788671	3	3	3	records/p3/flag-certificates/525788671.json
-526042499	3	3	3	records/p3/flag-certificates/526042499.json
-526084415	3	3	3	records/p3/flag-certificates/526084415.json
-526129608	3	3	3	records/p3/flag-certificates/526129608.json
-526254195	3	3	3	records/p3/flag-certificates/526254195.json
-526260824	3	3	3	records/p3/flag-certificates/526260824.json
-526410996	3	3	3	records/p3/flag-certificates/526410996.json
-526505531	3	3	3	records/p3/flag-certificates/526505531.json
-526767512	3	3	3	records/p3/flag-certificates/526767512.json
-526866344	3	3	3	records/p3/flag-certificates/526866344.json
-526890955	3	3	3	records/p3/flag-certificates/526890955.json
-526920071	3	3	3	records/p3/flag-certificates/526920071.json
-526999108	3	3	3	records/p3/flag-certificates/526999108.json
-527037384	3	3	3	records/p3/flag-certificates/527037384.json
-527387515	3	3	3	records/p3/flag-certificates/527387515.json
-527390671	3	3	3	records/p3/flag-certificates/527390671.json
-527432147	3	3	3	records/p3/flag-certificates/527432147.json
-527761183	3	3	3	records/p3/flag-certificates/527761183.json
-527867864	3	3	3	records/p3/flag-certificates/527867864.json
-527877787	3	3	3	records/p3/flag-certificates/527877787.json
-527891083	3	3	3	records/p3/flag-certificates/527891083.json
-528166459	3	3	3	records/p3/flag-certificates/528166459.json
-528223083	3	3	3	records/p3/flag-certificates/528223083.json
-528261583	3	3	9	records/p3/flag-certificates/528261583.json
-528364484	3	3	3	records/p3/flag-certificates/528364484.json
-528392983	3	3	9	records/p3/flag-certificates/528392983.json
-528436695	3	3	3	records/p3/flag-certificates/528436695.json
-528513131	3	3	3	records/p3/flag-certificates/528513131.json
-528609343	3	3	3	records/p3/flag-certificates/528609343.json
-528661844	3	3	3	records/p3/flag-certificates/528661844.json
-528755071	3	3	9	records/p3/flag-certificates/528755071.json
-528805967	3	3	3	records/p3/flag-certificates/528805967.json
-529001679	3	3	3	records/p3/flag-certificates/529001679.json
-529005192	3	3	3	records/p3/flag-certificates/529005192.json
-529009231	3	3	3	records/p3/flag-certificates/529009231.json
-529036123	3	3	3	records/p3/flag-certificates/529036123.json
-529087243	3	3	3	records/p3/flag-certificates/529087243.json
-529150639	3	3	3	records/p3/flag-certificates/529150639.json
-529202751	3	3	3	records/p3/flag-certificates/529202751.json
-529237479	3	3	3	records/p3/flag-certificates/529237479.json
-529380856	3	3	3	records/p3/flag-certificates/529380856.json
-529413719	3	3	3	records/p3/flag-certificates/529413719.json
-529636403	3	3	3	records/p3/flag-certificates/529636403.json
-529654531	3	3	3	records/p3/flag-certificates/529654531.json
-529715287	3	3	3	records/p3/flag-certificates/529715287.json
-529770431	3	3	3	records/p3/flag-certificates/529770431.json
-529958827	3	3	3	records/p3/flag-certificates/529958827.json
-529995719	3	3	3	records/p3/flag-certificates/529995719.json
-530027507	3	3	3	records/p3/flag-certificates/530027507.json
-530099380	3	3	3	records/p3/flag-certificates/530099380.json
-530183647	3	3	3	records/p3/flag-certificates/530183647.json
-530384495	3	3	3	records/p3/flag-certificates/530384495.json
-530560916	3	3	3	records/p3/flag-certificates/530560916.json
-530618223	3	3	3	records/p3/flag-certificates/530618223.json
-530984163	3	3	3	records/p3/flag-certificates/530984163.json
-531010211	3	3	3	records/p3/flag-certificates/531010211.json
-531163963	3	3	3	records/p3/flag-certificates/531163963.json
-531226479	3	3	3	records/p3/flag-certificates/531226479.json
-531263219	3	3	3	records/p3/flag-certificates/531263219.json
-531319035	3	3	3	records/p3/flag-certificates/531319035.json
-531375207	3	3	3	records/p3/flag-certificates/531375207.json
-531375987	3	3	3	records/p3/flag-certificates/531375987.json
-531379956	3	3	3	records/p3/flag-certificates/531379956.json
-531513899	3	3	3	records/p3/flag-certificates/531513899.json
-531549176	3	3	3	records/p3/flag-certificates/531549176.json
-531700264	3	3	3	records/p3/flag-certificates/531700264.json
-531834835	3	3	3	records/p3/flag-certificates/531834835.json
-531845463	3	3	3	records/p3/flag-certificates/531845463.json
-531936148	3	3	3	records/p3/flag-certificates/531936148.json
-532047507	3	3	3	records/p3/flag-certificates/532047507.json
-532083191	3	3	3	records/p3/flag-certificates/532083191.json
-532145336	3	3	81	records/p3/flag-certificates/532145336.json
-532190563	3	3	3	records/p3/flag-certificates/532190563.json
-532202203	3	3	9	records/p3/flag-certificates/532202203.json
-532207844	3	3	3	records/p3/flag-certificates/532207844.json
-532274423	3	3	3	records/p3/flag-certificates/532274423.json
-532330535	3	3	81	records/p3/flag-certificates/532330535.json
-532511231	3	3	3	records/p3/flag-certificates/532511231.json
-532604424	3	3	3	records/p3/flag-certificates/532604424.json
-532648087	3	3	3	records/p3/flag-certificates/532648087.json
-532840040	3	3	3	records/p3/flag-certificates/532840040.json
-532844831	3	3	3	records/p3/flag-certificates/532844831.json
-533526692	3	3	3	records/p3/flag-certificates/533526692.json
-533559443	3	3	3	records/p3/flag-certificates/533559443.json
-533571539	3	3	27	records/p3/flag-certificates/533571539.json
-533763411	3	3	3	records/p3/flag-certificates/533763411.json
-533847563	3	3	3	records/p3/flag-certificates/533847563.json
-533918947	3	3	9	records/p3/flag-certificates/533918947.json
-533995219	3	3	27	records/p3/flag-certificates/533995219.json
-533999903	3	3	3	records/p3/flag-certificates/533999903.json
-534002587	3	3	81	records/p3/flag-certificates/534002587.json
-534113576	3	3	3	records/p3/flag-certificates/534113576.json
-534137267	3	3	27	records/p3/flag-certificates/534137267.json
-534444611	3	3	3	records/p3/flag-certificates/534444611.json
-534823064	3	3	3	records/p3/flag-certificates/534823064.json
-534823151	3	3	9	records/p3/flag-certificates/534823151.json
-534969128	3	3	9	records/p3/flag-certificates/534969128.json
-534976292	3	3	9	records/p3/flag-certificates/534976292.json
-534995635	3	3	243	records/p3/flag-certificates/534995635.json
-535159560	3	3	3	records/p3/flag-certificates/535159560.json
-535250344	3	3	3	records/p3/flag-certificates/535250344.json
-535295620	3	3	3	records/p3/flag-certificates/535295620.json
-535329815	3	3	3	records/p3/flag-certificates/535329815.json
-535335763	3	3	27	records/p3/flag-certificates/535335763.json
-535411256	3	3	3	records/p3/flag-certificates/535411256.json
-535516035	3	3	3	records/p3/flag-certificates/535516035.json
-535525912	3	3	3	records/p3/flag-certificates/535525912.json
-535695807	3	3	3	records/p3/flag-certificates/535695807.json
-535810271	3	3	3	records/p3/flag-certificates/535810271.json
-536104948	3	3	3	records/p3/flag-certificates/536104948.json
-536153716	3	3	243	records/p3/flag-certificates/536153716.json
-536159679	3	3	3	records/p3/flag-certificates/536159679.json
-536341768	3	3	3	records/p3/flag-certificates/536341768.json
-536435207	3	3	3	records/p3/flag-certificates/536435207.json
-536449684	3	3	3	records/p3/flag-certificates/536449684.json
-536450795	3	3	3	records/p3/flag-certificates/536450795.json
-536574103	3	3	3	records/p3/flag-certificates/536574103.json
-536622447	3	3	3	records/p3/flag-certificates/536622447.json
-536689220	3	3	3	records/p3/flag-certificates/536689220.json
-536850836	3	3	3	records/p3/flag-certificates/536850836.json
-536990583	3	3	3	records/p3/flag-certificates/536990583.json
-537115099	3	3	3	records/p3/flag-certificates/537115099.json
-537144292	3	3	3	records/p3/flag-certificates/537144292.json
-537152104	3	3	243	records/p3/flag-certificates/537152104.json
-537202819	3	3	3	records/p3/flag-certificates/537202819.json
-537271051	3	3	3	records/p3/flag-certificates/537271051.json
-537279652	3	3	27	records/p3/flag-certificates/537279652.json
-537475704	3	3	3	records/p3/flag-certificates/537475704.json
-537521816	3	3	3	records/p3/flag-certificates/537521816.json
-537530788	3	3	3	records/p3/flag-certificates/537530788.json
-537654959	3	3	3	records/p3/flag-certificates/537654959.json
-537735019	3	3	3	records/p3/flag-certificates/537735019.json
-537787903	3	3	3	records/p3/flag-certificates/537787903.json
-537885923	3	3	3	records/p3/flag-certificates/537885923.json
-537912888	3	3	3	records/p3/flag-certificates/537912888.json
-537948155	3	3	3	records/p3/flag-certificates/537948155.json
-538217959	3	3	3	records/p3/flag-certificates/538217959.json
-538271887	3	3	3	records/p3/flag-certificates/538271887.json
-538311524	3	3	3	records/p3/flag-certificates/538311524.json
-538331428	3	3	3	records/p3/flag-certificates/538331428.json
-538366388	3	3	3	records/p3/flag-certificates/538366388.json
-538414871	3	3	3	records/p3/flag-certificates/538414871.json
-538475784	3	3	3	records/p3/flag-certificates/538475784.json
-538496411	3	3	3	records/p3/flag-certificates/538496411.json
-538513583	3	3	3	records/p3/flag-certificates/538513583.json
-538538291	3	3	3	records/p3/flag-certificates/538538291.json
-538800415	3	3	3	records/p3/flag-certificates/538800415.json
-538855663	3	3	3	records/p3/flag-certificates/538855663.json
-538867163	3	3	3	records/p3/flag-certificates/538867163.json
-539223011	3	3	3	records/p3/flag-certificates/539223011.json
-539260403	3	3	3	records/p3/flag-certificates/539260403.json
-539289240	3	3	3	records/p3/flag-certificates/539289240.json
-539431843	3	3	3	records/p3/flag-certificates/539431843.json
-539552099	3	3	3	records/p3/flag-certificates/539552099.json
-539663252	3	3	3	records/p3/flag-certificates/539663252.json
-539811316	3	3	3	records/p3/flag-certificates/539811316.json
-539836963	3	3	3	records/p3/flag-certificates/539836963.json
-539853784	3	3	3	records/p3/flag-certificates/539853784.json
-540176591	3	3	3	records/p3/flag-certificates/540176591.json
-540208680	3	3	3	records/p3/flag-certificates/540208680.json
-540358323	3	3	3	records/p3/flag-certificates/540358323.json
-540379716	3	3	3	records/p3/flag-certificates/540379716.json
-540388047	3	3	3	records/p3/flag-certificates/540388047.json
-540532819	3	3	3	records/p3/flag-certificates/540532819.json
-540713667	3	3	3	records/p3/flag-certificates/540713667.json
-540756712	3	3	3	records/p3/flag-certificates/540756712.json
-540851911	3	3	3	records/p3/flag-certificates/540851911.json
-540877967	3	3	3	records/p3/flag-certificates/540877967.json
-540917987	3	3	3	records/p3/flag-certificates/540917987.json
-541002660	3	3	3	records/p3/flag-certificates/541002660.json
-541032719	3	3	9	records/p3/flag-certificates/541032719.json
-541146344	3	3	3	records/p3/flag-certificates/541146344.json
-541252779	3	3	3	records/p3/flag-certificates/541252779.json
-541363027	3	3	9	records/p3/flag-certificates/541363027.json
-541581799	3	3	3	records/p3/flag-certificates/541581799.json
-541658532	3	3	3	records/p3/flag-certificates/541658532.json
-541676692	3	3	3	records/p3/flag-certificates/541676692.json
-541698879	3	3	3	records/p3/flag-certificates/541698879.json
-541810904	3	3	3	records/p3/flag-certificates/541810904.json
-541831912	3	3	3	records/p3/flag-certificates/541831912.json
-541873572	3	3	3	records/p3/flag-certificates/541873572.json
-541874851	3	3	3	records/p3/flag-certificates/541874851.json
-541943048	3	3	3	records/p3/flag-certificates/541943048.json
-542064436	3	3	3	records/p3/flag-certificates/542064436.json
-542416872	3	3	3	records/p3/flag-certificates/542416872.json
-542437403	3	3	3	records/p3/flag-certificates/542437403.json
-542455359	3	3	3	records/p3/flag-certificates/542455359.json
-542596436	3	3	3	records/p3/flag-certificates/542596436.json
-542618255	3	3	3	records/p3/flag-certificates/542618255.json
-542620243	3	3	3	records/p3/flag-certificates/542620243.json
-542653988	3	3	3	records/p3/flag-certificates/542653988.json
-542705179	3	3	3	records/p3/flag-certificates/542705179.json
-542720363	3	3	3	records/p3/flag-certificates/542720363.json
-542834036	3	3	3	records/p3/flag-certificates/542834036.json
-542937192	3	3	3	records/p3/flag-certificates/542937192.json
-542978635	3	3	3	records/p3/flag-certificates/542978635.json
-543049511	3	3	3	records/p3/flag-certificates/543049511.json
-543085543	3	3	3	records/p3/flag-certificates/543085543.json
-543112447	3	3	3	records/p3/flag-certificates/543112447.json
-543313735	3	3	3	records/p3/flag-certificates/543313735.json
-543325863	3	3	3	records/p3/flag-certificates/543325863.json
-543380971	3	3	9	records/p3/flag-certificates/543380971.json
-543417832	3	3	3	records/p3/flag-certificates/543417832.json
-543442024	3	3	3	records/p3/flag-certificates/543442024.json
-543475743	3	3	3	records/p3/flag-certificates/543475743.json
-543500079	3	3	27	records/p3/flag-certificates/543500079.json
-543533063	3	3	3	records/p3/flag-certificates/543533063.json
-543702111	3	3	3	records/p3/flag-certificates/543702111.json
-543718571	3	3	3	records/p3/flag-certificates/543718571.json
-543743671	3	3	3	records/p3/flag-certificates/543743671.json
-543871715	3	3	3	records/p3/flag-certificates/543871715.json
-543915784	3	3	3	records/p3/flag-certificates/543915784.json
-543916103	3	3	3	records/p3/flag-certificates/543916103.json
-543958267	3	3	9	records/p3/flag-certificates/543958267.json
-544167032	3	3	3	records/p3/flag-certificates/544167032.json
-544241704	3	3	3	records/p3/flag-certificates/544241704.json
-544373220	3	3	3	records/p3/flag-certificates/544373220.json
-544400020	3	3	3	records/p3/flag-certificates/544400020.json
-544403123	3	3	3	records/p3/flag-certificates/544403123.json
-544457623	3	3	3	records/p3/flag-certificates/544457623.json
-544701623	3	3	3	records/p3/flag-certificates/544701623.json
-544858915	3	3	3	records/p3/flag-certificates/544858915.json
-544861364	3	3	3	records/p3/flag-certificates/544861364.json
-544883215	3	3	3	records/p3/flag-certificates/544883215.json
-545081560	3	3	3	records/p3/flag-certificates/545081560.json
-545218104	3	3	3	records/p3/flag-certificates/545218104.json
-545266447	3	3	3	records/p3/flag-certificates/545266447.json
-545267291	3	3	3	records/p3/flag-certificates/545267291.json
-545331631	3	3	3	records/p3/flag-certificates/545331631.json
-545353915	3	3	3	records/p3/flag-certificates/545353915.json
-545442043	3	3	3	records/p3/flag-certificates/545442043.json
-545568887	3	3	3	records/p3/flag-certificates/545568887.json
-545599479	3	3	3	records/p3/flag-certificates/545599479.json
-545600840	3	3	9	records/p3/flag-certificates/545600840.json
-545732447	3	3	3	records/p3/flag-certificates/545732447.json
-545859995	3	3	3	records/p3/flag-certificates/545859995.json
-546002516	3	3	27	records/p3/flag-certificates/546002516.json
-546041211	3	3	3	records/p3/flag-certificates/546041211.json
-546044360	3	3	3	records/p3/flag-certificates/546044360.json
-546096431	3	3	3	records/p3/flag-certificates/546096431.json
-546132551	3	3	3	records/p3/flag-certificates/546132551.json
-546218315	3	3	3	records/p3/flag-certificates/546218315.json
-546245619	3	3	3	records/p3/flag-certificates/546245619.json
-546252611	3	3	3	records/p3/flag-certificates/546252611.json
-546259183	3	3	27	records/p3/flag-certificates/546259183.json
-546320651	3	3	3	records/p3/flag-certificates/546320651.json
-546361979	3	3	3	records/p3/flag-certificates/546361979.json
-546479464	3	3	3	records/p3/flag-certificates/546479464.json
-546492047	3	3	3	records/p3/flag-certificates/546492047.json
-546642296	3	3	3	records/p3/flag-certificates/546642296.json
-546891096	3	3	3	records/p3/flag-certificates/546891096.json
-547046087	3	3	3	records/p3/flag-certificates/547046087.json
-547158072	3	3	3	records/p3/flag-certificates/547158072.json
-547211112	3	3	9	records/p3/flag-certificates/547211112.json
-547226468	3	3	3	records/p3/flag-certificates/547226468.json
-547259316	3	3	3	records/p3/flag-certificates/547259316.json
-547334968	3	3	9	records/p3/flag-certificates/547334968.json
-547348855	3	3	3	records/p3/flag-certificates/547348855.json
-547369855	3	3	3	records/p3/flag-certificates/547369855.json
-547463699	3	3	3	records/p3/flag-certificates/547463699.json
-547576084	3	3	3	records/p3/flag-certificates/547576084.json
-547592711	3	3	3	records/p3/flag-certificates/547592711.json
-547728143	3	3	9	records/p3/flag-certificates/547728143.json
-547784932	3	3	3	records/p3/flag-certificates/547784932.json
-547870199	3	3	3	records/p3/flag-certificates/547870199.json
-548007791	3	3	3	records/p3/flag-certificates/548007791.json
-548073940	3	3	3	records/p3/flag-certificates/548073940.json
-548497187	3	3	3	records/p3/flag-certificates/548497187.json
-548599487	3	3	27	records/p3/flag-certificates/548599487.json
-548650436	3	3	3	records/p3/flag-certificates/548650436.json
-548676248	3	3	3	records/p3/flag-certificates/548676248.json
-548790287	3	3	3	records/p3/flag-certificates/548790287.json
-548876852	3	3	3	records/p3/flag-certificates/548876852.json
-548999683	3	3	3	records/p3/flag-certificates/548999683.json
-549007255	3	3	3	records/p3/flag-certificates/549007255.json
-549048392	3	3	3	records/p3/flag-certificates/549048392.json
-549182419	3	3	3	records/p3/flag-certificates/549182419.json
-549288719	3	3	9	records/p3/flag-certificates/549288719.json
-549313035	3	3	9	records/p3/flag-certificates/549313035.json
-549347460	3	3	3	records/p3/flag-certificates/549347460.json
-549481055	3	3	3	records/p3/flag-certificates/549481055.json
-549525371	3	3	3	records/p3/flag-certificates/549525371.json
-549736483	3	3	3	records/p3/flag-certificates/549736483.json
-550083619	3	3	3	records/p3/flag-certificates/550083619.json
-550128783	3	3	3	records/p3/flag-certificates/550128783.json
-550216299	3	3	3	records/p3/flag-certificates/550216299.json
-550255128	3	3	3	records/p3/flag-certificates/550255128.json
-550465339	3	3	3	records/p3/flag-certificates/550465339.json
-550484887	3	3	27	records/p3/flag-certificates/550484887.json
-550575991	3	3	27	records/p3/flag-certificates/550575991.json
-550624971	3	3	3	records/p3/flag-certificates/550624971.json
-550749320	3	3	3	records/p3/flag-certificates/550749320.json
-550830239	3	3	3	records/p3/flag-certificates/550830239.json
-550916011	3	3	3	records/p3/flag-certificates/550916011.json
-551039739	3	3	3	records/p3/flag-certificates/551039739.json
-551076895	3	3	3	records/p3/flag-certificates/551076895.json
-551083871	3	3	3	records/p3/flag-certificates/551083871.json
-551235719	3	3	3	records/p3/flag-certificates/551235719.json
-551245892	3	3	9	records/p3/flag-certificates/551245892.json
-551284707	3	3	3	records/p3/flag-certificates/551284707.json
-551364104	3	3	3	records/p3/flag-certificates/551364104.json
-551387428	3	3	27	records/p3/flag-certificates/551387428.json
-551485736	3	3	3	records/p3/flag-certificates/551485736.json
-551556571	3	3	3	records/p3/flag-certificates/551556571.json
-551620808	3	3	3	records/p3/flag-certificates/551620808.json
-551708219	3	3	3	records/p3/flag-certificates/551708219.json
-551993647	3	3	3	records/p3/flag-certificates/551993647.json
-552266196	3	3	3	records/p3/flag-certificates/552266196.json
-552323039	3	3	3	records/p3/flag-certificates/552323039.json
-552358203	3	3	3	records/p3/flag-certificates/552358203.json
-552412504	3	3	3	records/p3/flag-certificates/552412504.json
-552524359	3	3	3	records/p3/flag-certificates/552524359.json
-552631803	3	3	3	records/p3/flag-certificates/552631803.json
-552706003	3	3	243	records/p3/flag-certificates/552706003.json
-552730243	3	3	3	records/p3/flag-certificates/552730243.json
-552841907	3	3	3	records/p3/flag-certificates/552841907.json
-552906643	3	3	3	records/p3/flag-certificates/552906643.json
-553001683	3	3	9	records/p3/flag-certificates/553001683.json
-553038455	3	3	3	records/p3/flag-certificates/553038455.json
-553080207	3	3	3	records/p3/flag-certificates/553080207.json
-553089623	3	3	3	records/p3/flag-certificates/553089623.json
-553192663	3	3	3	records/p3/flag-certificates/553192663.json
-553395887	3	3	3	records/p3/flag-certificates/553395887.json
-553514024	3	3	3	records/p3/flag-certificates/553514024.json
-553554628	3	3	9	records/p3/flag-certificates/553554628.json
-553856179	3	3	3	records/p3/flag-certificates/553856179.json
-553898324	3	3	3	records/p3/flag-certificates/553898324.json
-554110987	3	3	3	records/p3/flag-certificates/554110987.json
-554209323	3	3	3	records/p3/flag-certificates/554209323.json
-554242811	3	3	3	records/p3/flag-certificates/554242811.json
-554478271	3	3	3	records/p3/flag-certificates/554478271.json
-554499511	3	3	3	records/p3/flag-certificates/554499511.json
-554534504	3	3	9	records/p3/flag-certificates/554534504.json
-554544584	3	3	3	records/p3/flag-certificates/554544584.json
-554672467	3	3	3	records/p3/flag-certificates/554672467.json
-555116431	3	3	243	records/p3/flag-certificates/555116431.json
-555268484	3	3	3	records/p3/flag-certificates/555268484.json
-555517619	3	3	27	records/p3/flag-certificates/555517619.json
-555557271	3	3	3	records/p3/flag-certificates/555557271.json
-555572515	3	3	3	records/p3/flag-certificates/555572515.json
-555653892	3	3	3	records/p3/flag-certificates/555653892.json
-555760543	3	3	3	records/p3/flag-certificates/555760543.json
-555840536	3	3	3	records/p3/flag-certificates/555840536.json
-555958055	3	3	3	records/p3/flag-certificates/555958055.json
-555959407	3	3	3	records/p3/flag-certificates/555959407.json
-556025451	3	3	3	records/p3/flag-certificates/556025451.json
-556033652	3	3	3	records/p3/flag-certificates/556033652.json
-556064452	3	3	9	records/p3/flag-certificates/556064452.json
-556293567	3	3	3	records/p3/flag-certificates/556293567.json
-556389528	3	3	3	records/p3/flag-certificates/556389528.json
-556525711	3	3	3	records/p3/flag-certificates/556525711.json
-556541087	3	3	3	records/p3/flag-certificates/556541087.json
-556561027	3	3	3	records/p3/flag-certificates/556561027.json
-556623444	3	3	27	records/p3/flag-certificates/556623444.json
-556752955	3	3	3	records/p3/flag-certificates/556752955.json
-556829511	3	3	3	records/p3/flag-certificates/556829511.json
-556835879	3	3	9	records/p3/flag-certificates/556835879.json
-556951695	3	3	9	records/p3/flag-certificates/556951695.json
-557152724	3	3	9	records/p3/flag-certificates/557152724.json
-557316584	3	3	9	records/p3/flag-certificates/557316584.json
-557557880	3	3	3	records/p3/flag-certificates/557557880.json
-557637907	3	3	9	records/p3/flag-certificates/557637907.json
-557715615	3	3	27	records/p3/flag-certificates/557715615.json
-557736595	3	3	3	records/p3/flag-certificates/557736595.json
-557965716	3	3	3	records/p3/flag-certificates/557965716.json
-558064531	3	3	27	records/p3/flag-certificates/558064531.json
-558300035	3	3	3	records/p3/flag-certificates/558300035.json
-558377624	3	3	3	records/p3/flag-certificates/558377624.json
-558388267	3	3	3	records/p3/flag-certificates/558388267.json
-558423851	3	3	3	records/p3/flag-certificates/558423851.json
-558574799	3	3	3	records/p3/flag-certificates/558574799.json
-558578071	3	3	3	records/p3/flag-certificates/558578071.json
-558620639	3	3	3	records/p3/flag-certificates/558620639.json
-558823883	3	3	3	records/p3/flag-certificates/558823883.json
-558864015	3	3	3	records/p3/flag-certificates/558864015.json
-558943111	3	3	3	records/p3/flag-certificates/558943111.json
-559042115	3	3	3	records/p3/flag-certificates/559042115.json
-559115419	3	3	3	records/p3/flag-certificates/559115419.json
-559145499	3	3	3	records/p3/flag-certificates/559145499.json
-559241860	3	3	9	records/p3/flag-certificates/559241860.json
-559289899	3	3	3	records/p3/flag-certificates/559289899.json
-559316584	3	3	3	records/p3/flag-certificates/559316584.json
-559503928	3	3	9	records/p3/flag-certificates/559503928.json
-559584195	3	3	3	records/p3/flag-certificates/559584195.json
-559634191	3	3	3	records/p3/flag-certificates/559634191.json
-559807572	3	3	3	records/p3/flag-certificates/559807572.json
-559923619	3	3	3	records/p3/flag-certificates/559923619.json
-560254264	3	3	3	records/p3/flag-certificates/560254264.json
-560265131	3	3	3	records/p3/flag-certificates/560265131.json
-560271268	3	3	3	records/p3/flag-certificates/560271268.json
-560286712	3	3	3	records/p3/flag-certificates/560286712.json
-560475271	3	3	3	records/p3/flag-certificates/560475271.json
-560519839	3	3	3	records/p3/flag-certificates/560519839.json
-560536404	3	3	3	records/p3/flag-certificates/560536404.json
-560542583	3	3	3	records/p3/flag-certificates/560542583.json
-560585667	3	3	3	records/p3/flag-certificates/560585667.json
-560615320	3	3	9	records/p3/flag-certificates/560615320.json
-560623659	3	3	3	records/p3/flag-certificates/560623659.json
-560637787	3	3	3	records/p3/flag-certificates/560637787.json
-560919551	3	3	3	records/p3/flag-certificates/560919551.json
-560936020	3	3	3	records/p3/flag-certificates/560936020.json
-560953007	3	3	3	records/p3/flag-certificates/560953007.json
-561199096	3	3	3	records/p3/flag-certificates/561199096.json
-561551979	3	3	3	records/p3/flag-certificates/561551979.json
-561586495	3	3	3	records/p3/flag-certificates/561586495.json
-561682723	3	3	27	records/p3/flag-certificates/561682723.json
-561705491	3	3	3	records/p3/flag-certificates/561705491.json
-561758683	3	3	9	records/p3/flag-certificates/561758683.json
-561895355	3	3	3	records/p3/flag-certificates/561895355.json
-561963855	3	3	3	records/p3/flag-certificates/561963855.json
-562003160	3	3	9	records/p3/flag-certificates/562003160.json
-562013859	3	3	3	records/p3/flag-certificates/562013859.json
-562043347	3	3	9	records/p3/flag-certificates/562043347.json
-562078399	3	3	3	records/p3/flag-certificates/562078399.json
-562104408	3	3	3	records/p3/flag-certificates/562104408.json
-562158347	3	3	3	records/p3/flag-certificates/562158347.json
-562379155	3	3	3	records/p3/flag-certificates/562379155.json
-562500723	3	3	3	records/p3/flag-certificates/562500723.json
-562522831	3	3	3	records/p3/flag-certificates/562522831.json
-562525951	3	3	3	records/p3/flag-certificates/562525951.json
-562564024	3	3	3	records/p3/flag-certificates/562564024.json
-562581863	3	3	3	records/p3/flag-certificates/562581863.json
-562599599	3	3	3	records/p3/flag-certificates/562599599.json
-562664580	3	3	9	records/p3/flag-certificates/562664580.json
-562826004	3	3	3	records/p3/flag-certificates/562826004.json
-562887447	3	3	3	records/p3/flag-certificates/562887447.json
-563008539	3	3	3	records/p3/flag-certificates/563008539.json
-563051631	3	3	3	records/p3/flag-certificates/563051631.json
-563071588	3	3	3	records/p3/flag-certificates/563071588.json
-563213227	3	3	3	records/p3/flag-certificates/563213227.json
-563244888	3	3	3	records/p3/flag-certificates/563244888.json
-563285167	3	3	3	records/p3/flag-certificates/563285167.json
-563342964	3	3	3	records/p3/flag-certificates/563342964.json
-563451023	3	3	3	records/p3/flag-certificates/563451023.json
-563538163	3	3	3	records/p3/flag-certificates/563538163.json
-563572519	3	3	3	records/p3/flag-certificates/563572519.json
-563727044	3	3	3	records/p3/flag-certificates/563727044.json
-563989103	3	3	3	records/p3/flag-certificates/563989103.json
-564113815	3	3	3	records/p3/flag-certificates/564113815.json
-564135607	3	3	3	records/p3/flag-certificates/564135607.json
-564161459	3	3	3	records/p3/flag-certificates/564161459.json
-564190467	3	3	3	records/p3/flag-certificates/564190467.json
-564198419	3	3	243	records/p3/flag-certificates/564198419.json
-564198991	3	3	3	records/p3/flag-certificates/564198991.json
-564215183	3	3	3	records/p3/flag-certificates/564215183.json
-564480472	3	3	3	records/p3/flag-certificates/564480472.json
-564551911	3	3	3	records/p3/flag-certificates/564551911.json
-564552759	3	3	3	records/p3/flag-certificates/564552759.json
-564567832	3	3	3	records/p3/flag-certificates/564567832.json
-564744948	3	3	3	records/p3/flag-certificates/564744948.json
-564748280	3	3	3	records/p3/flag-certificates/564748280.json
-564759267	3	3	3	records/p3/flag-certificates/564759267.json
-564811855	3	3	3	records/p3/flag-certificates/564811855.json
-564834936	3	3	3	records/p3/flag-certificates/564834936.json
-564936387	3	3	81	records/p3/flag-certificates/564936387.json
-564985807	3	3	3	records/p3/flag-certificates/564985807.json
-565163167	3	3	3	records/p3/flag-certificates/565163167.json
-565207971	3	3	3	records/p3/flag-certificates/565207971.json
-565243087	3	3	9	records/p3/flag-certificates/565243087.json
-565289416	3	3	9	records/p3/flag-certificates/565289416.json
-565310947	3	3	9	records/p3/flag-certificates/565310947.json
-565459339	3	3	9	records/p3/flag-certificates/565459339.json
-565570407	3	3	3	records/p3/flag-certificates/565570407.json
-565574803	3	3	3	records/p3/flag-certificates/565574803.json
-565683279	3	3	3	records/p3/flag-certificates/565683279.json
-565765131	3	3	3	records/p3/flag-certificates/565765131.json
-565788936	3	3	9	records/p3/flag-certificates/565788936.json
-565827107	3	3	3	records/p3/flag-certificates/565827107.json
-565891511	3	3	3	records/p3/flag-certificates/565891511.json
-566052899	3	3	3	records/p3/flag-certificates/566052899.json
-566115431	3	3	3	records/p3/flag-certificates/566115431.json
-566375507	3	3	3	records/p3/flag-certificates/566375507.json
-566379235	3	3	3	records/p3/flag-certificates/566379235.json
-566578932	3	3	3	records/p3/flag-certificates/566578932.json
-566584455	3	3	3	records/p3/flag-certificates/566584455.json
-566695139	3	3	3	records/p3/flag-certificates/566695139.json
-566740339	3	3	3	records/p3/flag-certificates/566740339.json
-566760787	3	3	3	records/p3/flag-certificates/566760787.json
-566794312	3	3	3	records/p3/flag-certificates/566794312.json
-566904523	3	3	3	records/p3/flag-certificates/566904523.json
-566904787	3	3	3	records/p3/flag-certificates/566904787.json
-566959611	3	3	3	records/p3/flag-certificates/566959611.json
-567044191	3	3	3	records/p3/flag-certificates/567044191.json
-567094303	3	3	3	records/p3/flag-certificates/567094303.json
-567260455	3	3	9	records/p3/flag-certificates/567260455.json
-567264831	3	3	3	records/p3/flag-certificates/567264831.json
-567303719	3	3	3	records/p3/flag-certificates/567303719.json
-567376795	3	3	3	records/p3/flag-certificates/567376795.json
-567405620	3	3	3	records/p3/flag-certificates/567405620.json
-567408767	3	3	3	records/p3/flag-certificates/567408767.json
-567462788	3	3	729	records/p3/flag-certificates/567462788.json
-567472324	3	3	3	records/p3/flag-certificates/567472324.json
-567502503	3	3	3	records/p3/flag-certificates/567502503.json
-567936263	3	3	3	records/p3/flag-certificates/567936263.json
-567938564	3	3	3	records/p3/flag-certificates/567938564.json
-567971167	3	3	3	records/p3/flag-certificates/567971167.json
-568103252	3	3	3	records/p3/flag-certificates/568103252.json
-568177015	3	3	3	records/p3/flag-certificates/568177015.json
-568186395	3	3	3	records/p3/flag-certificates/568186395.json
-568266436	3	3	3	records/p3/flag-certificates/568266436.json
-568366367	3	3	3	records/p3/flag-certificates/568366367.json
-568405619	3	3	3	records/p3/flag-certificates/568405619.json
-568421291	3	3	9	records/p3/flag-certificates/568421291.json
-568664743	3	3	3	records/p3/flag-certificates/568664743.json
-568782008	3	3	3	records/p3/flag-certificates/568782008.json
-568787176	3	3	3	records/p3/flag-certificates/568787176.json
-568792132	3	3	3	records/p3/flag-certificates/568792132.json
-568859567	3	3	3	records/p3/flag-certificates/568859567.json
-568876564	3	3	3	records/p3/flag-certificates/568876564.json
-568883384	3	3	3	records/p3/flag-certificates/568883384.json
-569106984	3	3	3	records/p3/flag-certificates/569106984.json
-569143443	3	3	3	records/p3/flag-certificates/569143443.json
-569310776	3	3	3	records/p3/flag-certificates/569310776.json
-569402471	3	3	9	records/p3/flag-certificates/569402471.json
-569422407	3	3	3	records/p3/flag-certificates/569422407.json
-569435768	3	3	3	records/p3/flag-certificates/569435768.json
-569489224	3	3	3	records/p3/flag-certificates/569489224.json
-569528308	3	3	3	records/p3/flag-certificates/569528308.json
-569557959	3	3	3	records/p3/flag-certificates/569557959.json
-569578223	3	3	3	records/p3/flag-certificates/569578223.json
-569643883	3	3	3	records/p3/flag-certificates/569643883.json
-569785396	3	3	3	records/p3/flag-certificates/569785396.json
-570575039	3	3	3	records/p3/flag-certificates/570575039.json
-570577303	3	3	3	records/p3/flag-certificates/570577303.json
-570760808	3	3	3	records/p3/flag-certificates/570760808.json
-570934451	3	3	3	records/p3/flag-certificates/570934451.json
-571021363	3	3	3	records/p3/flag-certificates/571021363.json
-571326843	3	3	3	records/p3/flag-certificates/571326843.json
-571377323	3	3	3	records/p3/flag-certificates/571377323.json
-571484839	3	3	27	records/p3/flag-certificates/571484839.json
-571485523	3	3	3	records/p3/flag-certificates/571485523.json
-571502315	3	3	9	records/p3/flag-certificates/571502315.json
-571654751	3	3	3	records/p3/flag-certificates/571654751.json
-571770548	3	3	3	records/p3/flag-certificates/571770548.json
-571775755	3	3	3	records/p3/flag-certificates/571775755.json
-572084132	3	3	3	records/p3/flag-certificates/572084132.json
-572087291	3	3	3	records/p3/flag-certificates/572087291.json
-572114103	3	3	3	records/p3/flag-certificates/572114103.json
-572120548	3	3	3	records/p3/flag-certificates/572120548.json
-572221939	3	3	243	records/p3/flag-certificates/572221939.json
-572268055	3	3	27	records/p3/flag-certificates/572268055.json
-572275284	3	3	3	records/p3/flag-certificates/572275284.json
-572362836	3	3	3	records/p3/flag-certificates/572362836.json
-572560679	3	3	3	records/p3/flag-certificates/572560679.json
-572601415	3	3	3	records/p3/flag-certificates/572601415.json
-572737780	3	3	9	records/p3/flag-certificates/572737780.json
-572810984	3	3	3	records/p3/flag-certificates/572810984.json
-573056727	3	3	3	records/p3/flag-certificates/573056727.json
-573074376	3	3	3	records/p3/flag-certificates/573074376.json
-573101828	3	3	3	records/p3/flag-certificates/573101828.json
-573120803	3	3	3	records/p3/flag-certificates/573120803.json
-573156607	3	3	3	records/p3/flag-certificates/573156607.json
-573169827	3	3	3	records/p3/flag-certificates/573169827.json
-573313791	3	3	3	records/p3/flag-certificates/573313791.json
-573353683	3	3	3	records/p3/flag-certificates/573353683.json
-573435795	3	3	3	records/p3/flag-certificates/573435795.json
-573515987	3	3	3	records/p3/flag-certificates/573515987.json
-573546451	3	3	3	records/p3/flag-certificates/573546451.json
-573772055	3	3	81	records/p3/flag-certificates/573772055.json
-573864755	3	3	3	records/p3/flag-certificates/573864755.json
-573869579	3	3	9	records/p3/flag-certificates/573869579.json
-573946280	3	3	3	records/p3/flag-certificates/573946280.json
-573952516	3	3	3	records/p3/flag-certificates/573952516.json
-573983331	3	3	9	records/p3/flag-certificates/573983331.json
-574101208	3	3	3	records/p3/flag-certificates/574101208.json
-574154423	3	3	3	records/p3/flag-certificates/574154423.json
-574445791	3	3	3	records/p3/flag-certificates/574445791.json
-574529763	3	3	3	records/p3/flag-certificates/574529763.json
-574603087	3	3	27	records/p3/flag-certificates/574603087.json
-574627255	3	3	3	records/p3/flag-certificates/574627255.json
-574640980	3	3	3	records/p3/flag-certificates/574640980.json
-574794660	3	3	3	records/p3/flag-certificates/574794660.json
-574908539	3	3	3	records/p3/flag-certificates/574908539.json
-575040808	3	3	3	records/p3/flag-certificates/575040808.json
-575178179	3	3	3	records/p3/flag-certificates/575178179.json
-575248280	3	3	3	records/p3/flag-certificates/575248280.json
-575265755	3	3	3	records/p3/flag-certificates/575265755.json
-575340152	3	3	3	records/p3/flag-certificates/575340152.json
-575428955	3	3	3	records/p3/flag-certificates/575428955.json
-575437543	3	3	3	records/p3/flag-certificates/575437543.json
-575503279	3	3	3	records/p3/flag-certificates/575503279.json
-575525579	3	3	3	records/p3/flag-certificates/575525579.json
-575645547	3	3	9	records/p3/flag-certificates/575645547.json
-575689631	3	3	27	records/p3/flag-certificates/575689631.json
-575830671	3	3	3	records/p3/flag-certificates/575830671.json
-575902259	3	3	3	records/p3/flag-certificates/575902259.json
-575935336	3	3	27	records/p3/flag-certificates/575935336.json
-575991220	3	3	3	records/p3/flag-certificates/575991220.json
-576058135	3	3	3	records/p3/flag-certificates/576058135.json
-576162116	3	3	3	records/p3/flag-certificates/576162116.json
-576344995	3	3	3	records/p3/flag-certificates/576344995.json
-576477444	3	3	3	records/p3/flag-certificates/576477444.json
-576550427	3	3	3	records/p3/flag-certificates/576550427.json
-576643972	3	3	3	records/p3/flag-certificates/576643972.json
-576688116	3	3	3	records/p3/flag-certificates/576688116.json
-576713336	3	3	3	records/p3/flag-certificates/576713336.json
-576758920	3	3	3	records/p3/flag-certificates/576758920.json
-576863547	3	3	3	records/p3/flag-certificates/576863547.json
-577091588	3	3	3	records/p3/flag-certificates/577091588.json
-577203220	3	3	3	records/p3/flag-certificates/577203220.json
-577269487	3	3	3	records/p3/flag-certificates/577269487.json
-577480171	3	3	3	records/p3/flag-certificates/577480171.json
-577549403	3	3	3	records/p3/flag-certificates/577549403.json
-577750231	3	3	27	records/p3/flag-certificates/577750231.json
-577925215	3	3	3	records/p3/flag-certificates/577925215.json
-577983912	3	3	3	records/p3/flag-certificates/577983912.json
-578127736	3	3	3	records/p3/flag-certificates/578127736.json
-578174871	3	3	3	records/p3/flag-certificates/578174871.json
-578197451	3	3	9	records/p3/flag-certificates/578197451.json
-578341099	3	3	3	records/p3/flag-certificates/578341099.json
-578388516	3	3	3	records/p3/flag-certificates/578388516.json
-578392683	3	3	3	records/p3/flag-certificates/578392683.json
-578443407	3	3	3	records/p3/flag-certificates/578443407.json
-578451743	3	3	3	records/p3/flag-certificates/578451743.json
-578479231	3	3	3	records/p3/flag-certificates/578479231.json
-578591591	3	3	3	records/p3/flag-certificates/578591591.json
-578606963	3	3	3	records/p3/flag-certificates/578606963.json
-578717807	3	3	9	records/p3/flag-certificates/578717807.json
-578809019	3	3	3	records/p3/flag-certificates/578809019.json
-578899531	3	3	3	records/p3/flag-certificates/578899531.json
-579015991	3	3	3	records/p3/flag-certificates/579015991.json
-579150203	3	3	3	records/p3/flag-certificates/579150203.json
-579160756	3	3	9	records/p3/flag-certificates/579160756.json
-579369055	3	3	3	records/p3/flag-certificates/579369055.json
-579639811	3	3	3	records/p3/flag-certificates/579639811.json
-579808088	3	3	3	records/p3/flag-certificates/579808088.json
-579850143	3	3	3	records/p3/flag-certificates/579850143.json
-579853007	3	3	3	records/p3/flag-certificates/579853007.json
-579882035	3	3	3	records/p3/flag-certificates/579882035.json
-579928359	3	3	3	records/p3/flag-certificates/579928359.json
-579985331	3	3	27	records/p3/flag-certificates/579985331.json
-580025464	3	3	27	records/p3/flag-certificates/580025464.json
-580041967	3	3	3	records/p3/flag-certificates/580041967.json
-580132831	3	3	3	records/p3/flag-certificates/580132831.json
-580247555	3	3	3	records/p3/flag-certificates/580247555.json
-580270072	3	3	3	records/p3/flag-certificates/580270072.json
-580333343	3	3	9	records/p3/flag-certificates/580333343.json
-580449179	3	3	3	records/p3/flag-certificates/580449179.json
-580482696	3	3	3	records/p3/flag-certificates/580482696.json
-580505160	3	3	3	records/p3/flag-certificates/580505160.json
-580513208	3	3	3	records/p3/flag-certificates/580513208.json
-580635451	3	3	243	records/p3/flag-certificates/580635451.json
-580698079	3	3	3	records/p3/flag-certificates/580698079.json
-580705432	3	3	3	records/p3/flag-certificates/580705432.json
-580779555	3	3	27	records/p3/flag-certificates/580779555.json
-580864487	3	3	3	records/p3/flag-certificates/580864487.json
-580900947	3	3	3	records/p3/flag-certificates/580900947.json
-580971407	3	3	3	records/p3/flag-certificates/580971407.json
-581047763	3	3	3	records/p3/flag-certificates/581047763.json
-581060135	3	3	3	records/p3/flag-certificates/581060135.json
-581161215	3	3	3	records/p3/flag-certificates/581161215.json
-581217864	3	3	3	records/p3/flag-certificates/581217864.json
-581290116	3	3	3	records/p3/flag-certificates/581290116.json
-581406987	3	3	81	records/p3/flag-certificates/581406987.json
-581495179	3	3	3	records/p3/flag-certificates/581495179.json
-581550788	3	3	3	records/p3/flag-certificates/581550788.json
-581566820	3	3	3	records/p3/flag-certificates/581566820.json
-581603512	3	3	3	records/p3/flag-certificates/581603512.json
-581696159	3	3	3	records/p3/flag-certificates/581696159.json
-581792520	3	3	3	records/p3/flag-certificates/581792520.json
-581933672	3	3	3	records/p3/flag-certificates/581933672.json
-581971256	3	3	3	records/p3/flag-certificates/581971256.json
-582006691	3	3	3	records/p3/flag-certificates/582006691.json
-582023615	3	3	3	records/p3/flag-certificates/582023615.json
-582038419	3	3	3	records/p3/flag-certificates/582038419.json
-582090431	3	3	3	records/p3/flag-certificates/582090431.json
-582175907	3	3	3	records/p3/flag-certificates/582175907.json
-582262031	3	3	3	records/p3/flag-certificates/582262031.json
-582525211	3	3	3	records/p3/flag-certificates/582525211.json
-582590420	3	3	9	records/p3/flag-certificates/582590420.json
-582689512	3	3	3	records/p3/flag-certificates/582689512.json
-582727352	3	3	3	records/p3/flag-certificates/582727352.json
-582774979	3	3	9	records/p3/flag-certificates/582774979.json
-582786311	3	3	3	records/p3/flag-certificates/582786311.json
-582814003	3	3	3	records/p3/flag-certificates/582814003.json
-582945331	3	3	3	records/p3/flag-certificates/582945331.json
-583052743	3	3	3	records/p3/flag-certificates/583052743.json
-583110971	3	3	3	records/p3/flag-certificates/583110971.json
-583571283	3	3	3	records/p3/flag-certificates/583571283.json
-583580603	3	3	3	records/p3/flag-certificates/583580603.json
-583749523	3	3	3	records/p3/flag-certificates/583749523.json
-583795583	3	3	9	records/p3/flag-certificates/583795583.json
-583841704	3	3	3	records/p3/flag-certificates/583841704.json
-583971711	3	3	3	records/p3/flag-certificates/583971711.json
-584363339	3	3	3	records/p3/flag-certificates/584363339.json
-584379912	3	3	3	records/p3/flag-certificates/584379912.json
-584445143	3	3	3	records/p3/flag-certificates/584445143.json
-584470856	3	3	9	records/p3/flag-certificates/584470856.json
-584503832	3	3	3	records/p3/flag-certificates/584503832.json
-584518359	3	3	9	records/p3/flag-certificates/584518359.json
-584600871	3	3	3	records/p3/flag-certificates/584600871.json
-584628004	3	3	3	records/p3/flag-certificates/584628004.json
-584762323	3	3	3	records/p3/flag-certificates/584762323.json
-584806991	3	3	3	records/p3/flag-certificates/584806991.json
-584808103	3	3	3	records/p3/flag-certificates/584808103.json
-584893055	3	3	3	records/p3/flag-certificates/584893055.json
-584905083	3	3	3	records/p3/flag-certificates/584905083.json
-584976088	3	3	3	records/p3/flag-certificates/584976088.json
-585091531	3	3	3	records/p3/flag-certificates/585091531.json
-585297051	3	3	3	records/p3/flag-certificates/585297051.json
-585355684	3	3	3	records/p3/flag-certificates/585355684.json
-585441352	3	3	3	records/p3/flag-certificates/585441352.json
-585537131	3	3	3	records/p3/flag-certificates/585537131.json
-585668999	3	3	3	records/p3/flag-certificates/585668999.json
-585728043	3	3	3	records/p3/flag-certificates/585728043.json
-585738852	3	3	3	records/p3/flag-certificates/585738852.json
-585805748	3	3	3	records/p3/flag-certificates/585805748.json
-585837247	3	3	3	records/p3/flag-certificates/585837247.json
-585865028	3	3	3	records/p3/flag-certificates/585865028.json
-585892443	3	3	3	records/p3/flag-certificates/585892443.json
-585896307	3	3	9	records/p3/flag-certificates/585896307.json
-585984403	3	3	3	records/p3/flag-certificates/585984403.json
-585986052	3	3	3	records/p3/flag-certificates/585986052.json
-586018052	3	3	9	records/p3/flag-certificates/586018052.json
-586228372	3	3	3	records/p3/flag-certificates/586228372.json
-586346483	3	3	3	records/p3/flag-certificates/586346483.json
-586361951	3	3	3	records/p3/flag-certificates/586361951.json
-586443647	3	3	3	records/p3/flag-certificates/586443647.json
-586524955	3	3	3	records/p3/flag-certificates/586524955.json
-586668495	3	3	3	records/p3/flag-certificates/586668495.json
-586738408	3	3	3	records/p3/flag-certificates/586738408.json
-586933023	3	3	9	records/p3/flag-certificates/586933023.json
-586988211	3	3	3	records/p3/flag-certificates/586988211.json
-587013331	3	3	3	records/p3/flag-certificates/587013331.json
-587015815	3	3	3	records/p3/flag-certificates/587015815.json
-587037604	3	3	3	records/p3/flag-certificates/587037604.json
-587067688	3	3	3	records/p3/flag-certificates/587067688.json
-587090143	3	3	3	records/p3/flag-certificates/587090143.json
-587165412	3	3	3	records/p3/flag-certificates/587165412.json
-587231187	3	3	3	records/p3/flag-certificates/587231187.json
-587310467	3	3	3	records/p3/flag-certificates/587310467.json
-587426939	3	3	9	records/p3/flag-certificates/587426939.json
-587571287	3	3	3	records/p3/flag-certificates/587571287.json
-587596459	3	3	3	records/p3/flag-certificates/587596459.json
-587627880	3	3	3	records/p3/flag-certificates/587627880.json
-587677631	3	3	3	records/p3/flag-certificates/587677631.json
-587807971	3	3	9	records/p3/flag-certificates/587807971.json
-587869192	3	3	243	records/p3/flag-certificates/587869192.json
-588030683	3	3	3	records/p3/flag-certificates/588030683.json
-588066968	3	3	3	records/p3/flag-certificates/588066968.json
-588158596	3	3	3	records/p3/flag-certificates/588158596.json
-588209460	3	3	3	records/p3/flag-certificates/588209460.json
-588470303	3	3	81	records/p3/flag-certificates/588470303.json
-588473543	3	3	3	records/p3/flag-certificates/588473543.json
-588606312	3	3	3	records/p3/flag-certificates/588606312.json
-588682515	3	3	3	records/p3/flag-certificates/588682515.json
-588776488	3	3	3	records/p3/flag-certificates/588776488.json
-588784919	3	3	3	records/p3/flag-certificates/588784919.json
-588819055	3	3	3	records/p3/flag-certificates/588819055.json
-588833976	3	3	3	records/p3/flag-certificates/588833976.json
-588977423	3	3	3	records/p3/flag-certificates/588977423.json
-589108171	3	3	3	records/p3/flag-certificates/589108171.json
-589169467	3	3	3	records/p3/flag-certificates/589169467.json
-589190628	3	3	3	records/p3/flag-certificates/589190628.json
-589200971	3	3	3	records/p3/flag-certificates/589200971.json
-589341140	3	3	3	records/p3/flag-certificates/589341140.json
-589491688	3	3	3	records/p3/flag-certificates/589491688.json
-589606131	3	3	3	records/p3/flag-certificates/589606131.json
-589681252	3	3	3	records/p3/flag-certificates/589681252.json
-589826743	3	3	3	records/p3/flag-certificates/589826743.json
-589946555	3	3	3	records/p3/flag-certificates/589946555.json
-589978743	3	3	3	records/p3/flag-certificates/589978743.json
-590008552	3	3	3	records/p3/flag-certificates/590008552.json
-590011147	3	3	3	records/p3/flag-certificates/590011147.json
-590417851	3	3	9	records/p3/flag-certificates/590417851.json
-590482051	3	3	3	records/p3/flag-certificates/590482051.json
-590556599	3	3	3	records/p3/flag-certificates/590556599.json
-590563535	3	3	3	records/p3/flag-certificates/590563535.json
-590721827	3	3	3	records/p3/flag-certificates/590721827.json
-590915551	3	3	3	records/p3/flag-certificates/590915551.json
-591209599	3	3	3	records/p3/flag-certificates/591209599.json
-591227095	3	3	3	records/p3/flag-certificates/591227095.json
-591227723	3	3	3	records/p3/flag-certificates/591227723.json
-591232827	3	3	3	records/p3/flag-certificates/591232827.json
-591386159	3	3	3	records/p3/flag-certificates/591386159.json
-591491423	3	3	9	records/p3/flag-certificates/591491423.json
-591538859	3	3	3	records/p3/flag-certificates/591538859.json
-591846187	3	3	3	records/p3/flag-certificates/591846187.json
-591966516	3	3	3	records/p3/flag-certificates/591966516.json
-592069027	3	3	3	records/p3/flag-certificates/592069027.json
-592382472	3	3	3	records/p3/flag-certificates/592382472.json
-592403707	3	3	9	records/p3/flag-certificates/592403707.json
-592425235	3	3	3	records/p3/flag-certificates/592425235.json
-592441231	3	3	3	records/p3/flag-certificates/592441231.json
-592487591	3	3	3	records/p3/flag-certificates/592487591.json
-592518271	3	3	3	records/p3/flag-certificates/592518271.json
-592531087	3	3	3	records/p3/flag-certificates/592531087.json
-592548791	3	3	3	records/p3/flag-certificates/592548791.json
-592599284	3	3	9	records/p3/flag-certificates/592599284.json
-592607860	3	3	3	records/p3/flag-certificates/592607860.json
-592609539	3	3	3	records/p3/flag-certificates/592609539.json
-592647815	3	3	3	records/p3/flag-certificates/592647815.json
-592669543	3	3	3	records/p3/flag-certificates/592669543.json
-592768063	3	3	3	records/p3/flag-certificates/592768063.json
-592811092	3	3	3	records/p3/flag-certificates/592811092.json
-592968788	3	3	3	records/p3/flag-certificates/592968788.json
-592986979	3	3	3	records/p3/flag-certificates/592986979.json
-593074347	3	3	3	records/p3/flag-certificates/593074347.json
-593116267	3	3	3	records/p3/flag-certificates/593116267.json
-593285492	3	3	3	records/p3/flag-certificates/593285492.json
-593606559	3	3	3	records/p3/flag-certificates/593606559.json
-593616647	3	3	3	records/p3/flag-certificates/593616647.json
-593635192	3	3	3	records/p3/flag-certificates/593635192.json
-593718283	3	3	3	records/p3/flag-certificates/593718283.json
-593729591	3	3	3	records/p3/flag-certificates/593729591.json
-593796296	3	3	3	records/p3/flag-certificates/593796296.json
-593829435	3	3	27	records/p3/flag-certificates/593829435.json
-593835060	3	3	3	records/p3/flag-certificates/593835060.json
-593900239	3	3	3	records/p3/flag-certificates/593900239.json
-593936632	3	3	3	records/p3/flag-certificates/593936632.json
-593970035	3	3	3	records/p3/flag-certificates/593970035.json
-594082264	3	3	3	records/p3/flag-certificates/594082264.json
-594294047	3	3	3	records/p3/flag-certificates/594294047.json
-594335839	3	3	3	records/p3/flag-certificates/594335839.json
-594374964	3	3	3	records/p3/flag-certificates/594374964.json
-594448280	3	3	3	records/p3/flag-certificates/594448280.json
-594576488	3	3	3	records/p3/flag-certificates/594576488.json
-594707268	3	3	3	records/p3/flag-certificates/594707268.json
-594783231	3	3	3	records/p3/flag-certificates/594783231.json
-595010315	3	3	3	records/p3/flag-certificates/595010315.json
-595013791	3	3	3	records/p3/flag-certificates/595013791.json
-595018291	3	3	3	records/p3/flag-certificates/595018291.json
-595058263	3	3	3	records/p3/flag-certificates/595058263.json
-595168323	3	3	9	records/p3/flag-certificates/595168323.json
-595280687	3	3	3	records/p3/flag-certificates/595280687.json
-595478571	3	3	3	records/p3/flag-certificates/595478571.json
-595504751	3	3	9	records/p3/flag-certificates/595504751.json
-595515395	3	3	3	records/p3/flag-certificates/595515395.json
-595541047	3	3	3	records/p3/flag-certificates/595541047.json
-595567480	3	3	3	records/p3/flag-certificates/595567480.json
-595575395	3	3	3	records/p3/flag-certificates/595575395.json
-595589336	3	3	3	records/p3/flag-certificates/595589336.json
-595647363	3	3	3	records/p3/flag-certificates/595647363.json
-595712392	3	3	9	records/p3/flag-certificates/595712392.json
-595721587	3	3	3	records/p3/flag-certificates/595721587.json
-595741523	3	3	3	records/p3/flag-certificates/595741523.json
-595846183	3	3	3	records/p3/flag-certificates/595846183.json
-595928019	3	3	3	records/p3/flag-certificates/595928019.json
-595966740	3	3	3	records/p3/flag-certificates/595966740.json
-596122855	3	3	3	records/p3/flag-certificates/596122855.json
-596230728	3	3	3	records/p3/flag-certificates/596230728.json
-596250552	3	3	3	records/p3/flag-certificates/596250552.json
-596255327	3	3	9	records/p3/flag-certificates/596255327.json
-596265427	3	3	3	records/p3/flag-certificates/596265427.json
-596471923	3	3	27	records/p3/flag-certificates/596471923.json
-596490772	3	3	3	records/p3/flag-certificates/596490772.json
-596499864	3	3	3	records/p3/flag-certificates/596499864.json
-596519720	3	3	3	records/p3/flag-certificates/596519720.json
-596543492	3	3	27	records/p3/flag-certificates/596543492.json
-596554399	3	3	3	records/p3/flag-certificates/596554399.json
-596673255	3	3	27	records/p3/flag-certificates/596673255.json
-596871283	3	3	3	records/p3/flag-certificates/596871283.json
-596892184	3	3	81	records/p3/flag-certificates/596892184.json
-596920692	3	3	3	records/p3/flag-certificates/596920692.json
-597229615	3	3	3	records/p3/flag-certificates/597229615.json
-597307719	3	3	3	records/p3/flag-certificates/597307719.json
-597470323	3	3	3	records/p3/flag-certificates/597470323.json
-597548851	3	3	3	records/p3/flag-certificates/597548851.json
-597627347	3	3	3	records/p3/flag-certificates/597627347.json
-597697707	3	3	3	records/p3/flag-certificates/597697707.json
-597706440	3	3	27	records/p3/flag-certificates/597706440.json
-597719327	3	3	9	records/p3/flag-certificates/597719327.json
-597948859	3	3	3	records/p3/flag-certificates/597948859.json
-597987943	3	3	3	records/p3/flag-certificates/597987943.json
-598223779	3	3	3	records/p3/flag-certificates/598223779.json
-598273880	3	3	3	records/p3/flag-certificates/598273880.json
-598395012	3	3	3	records/p3/flag-certificates/598395012.json
-598409332	3	3	3	records/p3/flag-certificates/598409332.json
-598566991	3	3	3	records/p3/flag-certificates/598566991.json
-598707923	3	3	3	records/p3/flag-certificates/598707923.json
-598725095	3	3	3	records/p3/flag-certificates/598725095.json
-599025995	3	3	3	records/p3/flag-certificates/599025995.json
-599115560	3	3	3	records/p3/flag-certificates/599115560.json
-599193031	3	3	3	records/p3/flag-certificates/599193031.json
-599660884	3	3	27	records/p3/flag-certificates/599660884.json
-599735267	3	3	3	records/p3/flag-certificates/599735267.json
-600038743	3	3	3	records/p3/flag-certificates/600038743.json
-600383208	3	3	3	records/p3/flag-certificates/600383208.json
-600394371	3	3	3	records/p3/flag-certificates/600394371.json
-600397172	3	3	3	records/p3/flag-certificates/600397172.json
-600557915	3	3	3	records/p3/flag-certificates/600557915.json
-600713599	3	3	3	records/p3/flag-certificates/600713599.json
-600735695	3	3	3	records/p3/flag-certificates/600735695.json
-600755620	3	3	3	records/p3/flag-certificates/600755620.json
-600828379	3	3	3	records/p3/flag-certificates/600828379.json
-600857288	3	3	3	records/p3/flag-certificates/600857288.json
-600861864	3	3	3	records/p3/flag-certificates/600861864.json
-600906131	3	3	3	records/p3/flag-certificates/600906131.json
-600950415	3	3	3	records/p3/flag-certificates/600950415.json
-600975167	3	3	3	records/p3/flag-certificates/600975167.json
-601035587	3	3	3	records/p3/flag-certificates/601035587.json
-601132639	3	3	3	records/p3/flag-certificates/601132639.json
-601172287	3	3	3	records/p3/flag-certificates/601172287.json
-601404635	3	3	3	records/p3/flag-certificates/601404635.json
-601413531	3	3	9	records/p3/flag-certificates/601413531.json
-601442216	3	3	3	records/p3/flag-certificates/601442216.json
-601767399	3	3	3	records/p3/flag-certificates/601767399.json
-601834772	3	3	3	records/p3/flag-certificates/601834772.json
-601850855	3	3	3	records/p3/flag-certificates/601850855.json
-601907812	3	3	3	records/p3/flag-certificates/601907812.json
-602082151	3	3	3	records/p3/flag-certificates/602082151.json
-602142379	3	3	3	records/p3/flag-certificates/602142379.json
-602193851	3	3	3	records/p3/flag-certificates/602193851.json
-602374427	3	3	3	records/p3/flag-certificates/602374427.json
-602443640	3	3	3	records/p3/flag-certificates/602443640.json
-602578535	3	3	3	records/p3/flag-certificates/602578535.json
-602589423	3	3	3	records/p3/flag-certificates/602589423.json
-602616503	3	3	3	records/p3/flag-certificates/602616503.json
-602732383	3	3	3	records/p3/flag-certificates/602732383.json
-602753619	3	3	3	records/p3/flag-certificates/602753619.json
-602795384	3	3	3	records/p3/flag-certificates/602795384.json
-602798531	3	3	3	records/p3/flag-certificates/602798531.json
-602810987	3	3	3	records/p3/flag-certificates/602810987.json
-603158568	3	3	3	records/p3/flag-certificates/603158568.json
-603204148	3	3	3	records/p3/flag-certificates/603204148.json
-603217087	3	3	3	records/p3/flag-certificates/603217087.json
-603269668	3	3	3	records/p3/flag-certificates/603269668.json
-603393555	3	3	3	records/p3/flag-certificates/603393555.json
-603431684	3	3	3	records/p3/flag-certificates/603431684.json
-603454139	3	3	3	records/p3/flag-certificates/603454139.json
-603537223	3	3	3	records/p3/flag-certificates/603537223.json
-603632756	3	3	3	records/p3/flag-certificates/603632756.json
-603976756	3	3	3	records/p3/flag-certificates/603976756.json
-604144952	3	3	3	records/p3/flag-certificates/604144952.json
-604295679	3	3	3	records/p3/flag-certificates/604295679.json
-604445387	3	3	3	records/p3/flag-certificates/604445387.json
-604484612	3	3	3	records/p3/flag-certificates/604484612.json
-604574003	3	3	3	records/p3/flag-certificates/604574003.json
-604636644	3	3	9	records/p3/flag-certificates/604636644.json
-604732484	3	3	3	records/p3/flag-certificates/604732484.json
-604853735	3	3	27	records/p3/flag-certificates/604853735.json
-604951624	3	3	3	records/p3/flag-certificates/604951624.json
-605169323	3	3	3	records/p3/flag-certificates/605169323.json
-605219403	3	3	3	records/p3/flag-certificates/605219403.json
-605277059	3	3	3	records/p3/flag-certificates/605277059.json
-605298399	3	3	3	records/p3/flag-certificates/605298399.json
-605441327	3	3	3	records/p3/flag-certificates/605441327.json
-605529523	3	3	3	records/p3/flag-certificates/605529523.json
-605562520	3	3	3	records/p3/flag-certificates/605562520.json
-605614244	3	3	27	records/p3/flag-certificates/605614244.json
-605637419	3	3	3	records/p3/flag-certificates/605637419.json
-605650651	3	3	9	records/p3/flag-certificates/605650651.json
-605701736	3	3	3	records/p3/flag-certificates/605701736.json
-605703415	3	3	3	records/p3/flag-certificates/605703415.json
-605847271	3	3	3	records/p3/flag-certificates/605847271.json
-605863432	3	3	9	records/p3/flag-certificates/605863432.json
-605869295	3	3	3	records/p3/flag-certificates/605869295.json
-605969051	3	3	3	records/p3/flag-certificates/605969051.json
-606013368	3	3	3	records/p3/flag-certificates/606013368.json
-606019327	3	3	3	records/p3/flag-certificates/606019327.json
-606102859	3	3	3	records/p3/flag-certificates/606102859.json
-606142699	3	3	243	records/p3/flag-certificates/606142699.json
-606273955	3	3	3	records/p3/flag-certificates/606273955.json
-606319199	3	3	3	records/p3/flag-certificates/606319199.json
-606377047	3	3	3	records/p3/flag-certificates/606377047.json
-606463144	3	3	3	records/p3/flag-certificates/606463144.json
-606586584	3	3	3	records/p3/flag-certificates/606586584.json
-606586963	3	3	3	records/p3/flag-certificates/606586963.json
-606588472	3	3	3	records/p3/flag-certificates/606588472.json
-606666759	3	3	3	records/p3/flag-certificates/606666759.json
-606767667	3	3	3	records/p3/flag-certificates/606767667.json
-606913316	3	3	3	records/p3/flag-certificates/606913316.json
-607083492	3	3	3	records/p3/flag-certificates/607083492.json
-607120292	3	3	3	records/p3/flag-certificates/607120292.json
-607161512	3	3	3	records/p3/flag-certificates/607161512.json
-607330691	3	3	3	records/p3/flag-certificates/607330691.json
-607360324	3	3	3	records/p3/flag-certificates/607360324.json
-607675476	3	3	3	records/p3/flag-certificates/607675476.json
-607686943	3	3	9	records/p3/flag-certificates/607686943.json
-607701588	3	3	3	records/p3/flag-certificates/607701588.json
-607709395	3	3	9	records/p3/flag-certificates/607709395.json
-607846616	3	3	3	records/p3/flag-certificates/607846616.json
-607851623	3	3	243	records/p3/flag-certificates/607851623.json
-607918827	3	3	3	records/p3/flag-certificates/607918827.json
-607933427	3	3	3	records/p3/flag-certificates/607933427.json
-608008424	3	3	3	records/p3/flag-certificates/608008424.json
-608106803	3	3	9	records/p3/flag-certificates/608106803.json
-608175851	3	3	3	records/p3/flag-certificates/608175851.json
-608235591	3	3	3	records/p3/flag-certificates/608235591.json
-608306611	3	3	27	records/p3/flag-certificates/608306611.json
-608382703	3	3	3	records/p3/flag-certificates/608382703.json
-608424671	3	3	3	records/p3/flag-certificates/608424671.json
-608490823	3	3	3	records/p3/flag-certificates/608490823.json
-608577415	3	3	3	records/p3/flag-certificates/608577415.json
-608727396	3	3	3	records/p3/flag-certificates/608727396.json
-608992099	3	3	3	records/p3/flag-certificates/608992099.json
-609032683	3	3	3	records/p3/flag-certificates/609032683.json
-609128180	3	3	9	records/p3/flag-certificates/609128180.json
-609266019	3	3	81	records/p3/flag-certificates/609266019.json
-609360299	3	3	243	records/p3/flag-certificates/609360299.json
-609427891	3	3	2187	records/p3/flag-certificates/609427891.json
-609428939	3	3	9	records/p3/flag-certificates/609428939.json
-609597095	3	3	3	records/p3/flag-certificates/609597095.json
-609732548	3	3	3	records/p3/flag-certificates/609732548.json
-609835623	3	3	3	records/p3/flag-certificates/609835623.json
-609975895	3	3	3	records/p3/flag-certificates/609975895.json
-610249791	3	3	243	records/p3/flag-certificates/610249791.json
-610327823	3	3	3	records/p3/flag-certificates/610327823.json
-610732484	3	3	3	records/p3/flag-certificates/610732484.json
-610833911	3	3	3	records/p3/flag-certificates/610833911.json
-610856215	3	3	3	records/p3/flag-certificates/610856215.json
-610914155	3	3	3	records/p3/flag-certificates/610914155.json
-610980323	3	3	3	records/p3/flag-certificates/610980323.json
-611034791	3	3	3	records/p3/flag-certificates/611034791.json
-611180247	3	3	3	records/p3/flag-certificates/611180247.json
-611241124	3	3	3	records/p3/flag-certificates/611241124.json
-611256623	3	3	3	records/p3/flag-certificates/611256623.json
-611270159	3	3	27	records/p3/flag-certificates/611270159.json
-611301751	3	3	3	records/p3/flag-certificates/611301751.json
-611346919	3	3	3	records/p3/flag-certificates/611346919.json
-611388395	3	3	3	records/p3/flag-certificates/611388395.json
-611461140	3	3	3	records/p3/flag-certificates/611461140.json
-611498951	3	3	3	records/p3/flag-certificates/611498951.json
-611579492	3	3	3	records/p3/flag-certificates/611579492.json
-611708632	3	3	27	records/p3/flag-certificates/611708632.json
-611727483	3	3	3	records/p3/flag-certificates/611727483.json
-611746971	3	3	3	records/p3/flag-certificates/611746971.json
-611796495	3	3	3	records/p3/flag-certificates/611796495.json
-611805259	3	3	3	records/p3/flag-certificates/611805259.json
-611861695	3	3	3	records/p3/flag-certificates/611861695.json
-611939912	3	3	3	records/p3/flag-certificates/611939912.json
-612039607	3	3	3	records/p3/flag-certificates/612039607.json
-612084459	3	3	3	records/p3/flag-certificates/612084459.json
-612139304	3	3	3	records/p3/flag-certificates/612139304.json
-612169483	3	3	3	records/p3/flag-certificates/612169483.json
-612446971	3	3	3	records/p3/flag-certificates/612446971.json
-612488939	3	3	3	records/p3/flag-certificates/612488939.json
-612568687	3	3	3	records/p3/flag-certificates/612568687.json
-612661391	3	3	3	records/p3/flag-certificates/612661391.json
-612936347	3	3	3	records/p3/flag-certificates/612936347.json
-612939471	3	3	3	records/p3/flag-certificates/612939471.json
-612975383	3	3	3	records/p3/flag-certificates/612975383.json
-613067799	3	3	3	records/p3/flag-certificates/613067799.json
-613156196	3	3	3	records/p3/flag-certificates/613156196.json
-613180679	3	3	3	records/p3/flag-certificates/613180679.json
-613397332	3	3	3	records/p3/flag-certificates/613397332.json
-613412696	3	3	3	records/p3/flag-certificates/613412696.json
-613526735	3	3	3	records/p3/flag-certificates/613526735.json
-613627059	3	3	3	records/p3/flag-certificates/613627059.json
-613781095	3	3	3	records/p3/flag-certificates/613781095.json
-613821387	3	3	3	records/p3/flag-certificates/613821387.json
-613834187	3	3	3	records/p3/flag-certificates/613834187.json
-613846379	3	3	3	records/p3/flag-certificates/613846379.json
-613926671	3	3	3	records/p3/flag-certificates/613926671.json
-614004884	3	3	3	records/p3/flag-certificates/614004884.json
-614146327	3	3	3	records/p3/flag-certificates/614146327.json
-614166899	3	3	3	records/p3/flag-certificates/614166899.json
-614212136	3	3	3	records/p3/flag-certificates/614212136.json
-614270404	3	3	3	records/p3/flag-certificates/614270404.json
-614287959	3	3	3	records/p3/flag-certificates/614287959.json
-614324920	3	3	3	records/p3/flag-certificates/614324920.json
-614401399	3	3	3	records/p3/flag-certificates/614401399.json
-614420615	3	3	3	records/p3/flag-certificates/614420615.json
-614648164	3	3	9	records/p3/flag-certificates/614648164.json
-614704639	3	3	3	records/p3/flag-certificates/614704639.json
-614705908	3	3	3	records/p3/flag-certificates/614705908.json
-614735716	3	3	3	records/p3/flag-certificates/614735716.json
-614754184	3	3	3	records/p3/flag-certificates/614754184.json
-614757395	3	3	3	records/p3/flag-certificates/614757395.json
-614805783	3	3	3	records/p3/flag-certificates/614805783.json
-614889016	3	3	3	records/p3/flag-certificates/614889016.json
-614940503	3	3	3	records/p3/flag-certificates/614940503.json
-615080647	3	3	3	records/p3/flag-certificates/615080647.json
-615118891	3	3	3	records/p3/flag-certificates/615118891.json
-615455887	3	3	3	records/p3/flag-certificates/615455887.json
-615821896	3	3	3	records/p3/flag-certificates/615821896.json
-615822395	3	3	3	records/p3/flag-certificates/615822395.json
-615927304	3	3	3	records/p3/flag-certificates/615927304.json
-615955399	3	3	3	records/p3/flag-certificates/615955399.json
-616128331	3	3	3	records/p3/flag-certificates/616128331.json
-616173699	3	3	27	records/p3/flag-certificates/616173699.json
-616178795	3	3	3	records/p3/flag-certificates/616178795.json
-616227699	3	3	3	records/p3/flag-certificates/616227699.json
-616356379	3	3	3	records/p3/flag-certificates/616356379.json
-616409835	3	3	3	records/p3/flag-certificates/616409835.json
-616739108	3	3	3	records/p3/flag-certificates/616739108.json
-616756943	3	3	3	records/p3/flag-certificates/616756943.json
-616791379	3	3	3	records/p3/flag-certificates/616791379.json
-616942787	3	3	3	records/p3/flag-certificates/616942787.json
-617005736	3	3	3	records/p3/flag-certificates/617005736.json
-617073299	3	3	3	records/p3/flag-certificates/617073299.json
-617130644	3	3	9	records/p3/flag-certificates/617130644.json
-617357720	3	3	3	records/p3/flag-certificates/617357720.json
-617390887	3	3	3	records/p3/flag-certificates/617390887.json
-617460387	3	3	9	records/p3/flag-certificates/617460387.json
-617485768	3	3	3	records/p3/flag-certificates/617485768.json
-617704763	3	3	3	records/p3/flag-certificates/617704763.json
-617856499	3	3	3	records/p3/flag-certificates/617856499.json
-617866991	3	3	3	records/p3/flag-certificates/617866991.json
-618002855	3	3	3	records/p3/flag-certificates/618002855.json
-618143503	3	3	3	records/p3/flag-certificates/618143503.json
-618366707	3	3	3	records/p3/flag-certificates/618366707.json
-618456723	3	3	3	records/p3/flag-certificates/618456723.json
-618494308	3	3	3	records/p3/flag-certificates/618494308.json
-618559719	3	3	3	records/p3/flag-certificates/618559719.json
-618729979	3	3	3	records/p3/flag-certificates/618729979.json
-618747636	3	3	3	records/p3/flag-certificates/618747636.json
-618752431	3	3	3	records/p3/flag-certificates/618752431.json
-618858647	3	3	3	records/p3/flag-certificates/618858647.json
-619024079	3	3	3	records/p3/flag-certificates/619024079.json
-619303791	3	3	3	records/p3/flag-certificates/619303791.json
-619354243	3	3	3	records/p3/flag-certificates/619354243.json
-619375683	3	3	3	records/p3/flag-certificates/619375683.json
-619414671	3	3	3	records/p3/flag-certificates/619414671.json
-619435828	3	3	3	records/p3/flag-certificates/619435828.json
-619629416	3	3	27	records/p3/flag-certificates/619629416.json
-619653288	3	3	3	records/p3/flag-certificates/619653288.json
-619667907	3	3	3	records/p3/flag-certificates/619667907.json
-619714363	3	3	3	records/p3/flag-certificates/619714363.json
-619723011	3	3	3	records/p3/flag-certificates/619723011.json
-619960904	3	3	3	records/p3/flag-certificates/619960904.json
-620001223	3	3	3	records/p3/flag-certificates/620001223.json
-620112455	3	3	3	records/p3/flag-certificates/620112455.json
-620122799	3	3	3	records/p3/flag-certificates/620122799.json
-620231907	3	3	3	records/p3/flag-certificates/620231907.json
-620430955	3	3	3	records/p3/flag-certificates/620430955.json
-620442903	3	3	3	records/p3/flag-certificates/620442903.json
-620496911	3	3	3	records/p3/flag-certificates/620496911.json
-620498579	3	3	3	records/p3/flag-certificates/620498579.json
-620672387	3	3	3	records/p3/flag-certificates/620672387.json
-620686587	3	3	3	records/p3/flag-certificates/620686587.json
-620738447	3	3	3	records/p3/flag-certificates/620738447.json
-621159083	3	3	3	records/p3/flag-certificates/621159083.json
-621188852	3	3	3	records/p3/flag-certificates/621188852.json
-621351111	3	3	3	records/p3/flag-certificates/621351111.json
-621360283	3	3	3	records/p3/flag-certificates/621360283.json
-621367876	3	3	3	records/p3/flag-certificates/621367876.json
-621442083	3	3	3	records/p3/flag-certificates/621442083.json
-621610003	3	3	9	records/p3/flag-certificates/621610003.json
-621611167	3	3	3	records/p3/flag-certificates/621611167.json
-621621944	3	3	3	records/p3/flag-certificates/621621944.json
-621773192	3	3	3	records/p3/flag-certificates/621773192.json
-621943871	3	3	3	records/p3/flag-certificates/621943871.json
-622061512	3	3	3	records/p3/flag-certificates/622061512.json
-622112939	3	3	3	records/p3/flag-certificates/622112939.json
-622379828	3	3	9	records/p3/flag-certificates/622379828.json
-622397176	3	3	3	records/p3/flag-certificates/622397176.json
-622406152	3	3	3	records/p3/flag-certificates/622406152.json
-622487960	3	3	3	records/p3/flag-certificates/622487960.json
-622726743	3	3	3	records/p3/flag-certificates/622726743.json
-622752451	3	3	3	records/p3/flag-certificates/622752451.json
-622977671	3	3	3	records/p3/flag-certificates/622977671.json
-623069831	3	3	3	records/p3/flag-certificates/623069831.json
-623283607	3	3	3	records/p3/flag-certificates/623283607.json
-623305363	3	3	3	records/p3/flag-certificates/623305363.json
-623366435	3	3	3	records/p3/flag-certificates/623366435.json
-623421311	3	3	3	records/p3/flag-certificates/623421311.json
-623426408	3	3	3	records/p3/flag-certificates/623426408.json
-623482183	3	3	3	records/p3/flag-certificates/623482183.json
-623588667	3	3	3	records/p3/flag-certificates/623588667.json
-623729991	3	3	3	records/p3/flag-certificates/623729991.json
-623818955	3	3	3	records/p3/flag-certificates/623818955.json
-623966763	3	3	3	records/p3/flag-certificates/623966763.json
-624101867	3	3	3	records/p3/flag-certificates/624101867.json
-624278363	3	3	3	records/p3/flag-certificates/624278363.json
-624343224	3	3	3	records/p3/flag-certificates/624343224.json
-624366319	3	3	3	records/p3/flag-certificates/624366319.json
-624409307	3	3	3	records/p3/flag-certificates/624409307.json
-624665467	3	3	3	records/p3/flag-certificates/624665467.json
-624775003	3	3	3	records/p3/flag-certificates/624775003.json
-625009123	3	3	3	records/p3/flag-certificates/625009123.json
-625100759	3	3	3	records/p3/flag-certificates/625100759.json
-625236007	3	3	3	records/p3/flag-certificates/625236007.json
-625332980	3	3	3	records/p3/flag-certificates/625332980.json
-625586452	3	3	3	records/p3/flag-certificates/625586452.json
-625652079	3	3	3	records/p3/flag-certificates/625652079.json
-625652119	3	3	3	records/p3/flag-certificates/625652119.json
-625678919	3	3	3	records/p3/flag-certificates/625678919.json
-625836484	3	3	3	records/p3/flag-certificates/625836484.json
-625931771	3	3	9	records/p3/flag-certificates/625931771.json
-626016596	3	3	3	records/p3/flag-certificates/626016596.json
-626145176	3	3	3	records/p3/flag-certificates/626145176.json
-626205979	3	3	3	records/p3/flag-certificates/626205979.json
-626282051	3	3	3	records/p3/flag-certificates/626282051.json
-626332255	3	3	3	records/p3/flag-certificates/626332255.json
-626431687	3	3	3	records/p3/flag-certificates/626431687.json
-626480563	3	3	3	records/p3/flag-certificates/626480563.json
-626539528	3	3	9	records/p3/flag-certificates/626539528.json
-626933944	3	3	3	records/p3/flag-certificates/626933944.json
-627031384	3	3	3	records/p3/flag-certificates/627031384.json
-627631819	3	3	3	records/p3/flag-certificates/627631819.json
-627644831	3	3	3	records/p3/flag-certificates/627644831.json
-627824443	3	3	3	records/p3/flag-certificates/627824443.json
-627891803	3	3	3	records/p3/flag-certificates/627891803.json
-628132827	3	3	3	records/p3/flag-certificates/628132827.json
-628191336	3	3	3	records/p3/flag-certificates/628191336.json
-628256239	3	3	3	records/p3/flag-certificates/628256239.json
-628424819	3	3	3	records/p3/flag-certificates/628424819.json
-628475799	3	3	3	records/p3/flag-certificates/628475799.json
-628526296	3	3	243	records/p3/flag-certificates/628526296.json
-628663987	3	3	3	records/p3/flag-certificates/628663987.json
-628665563	3	3	3	records/p3/flag-certificates/628665563.json
-628727012	3	3	3	records/p3/flag-certificates/628727012.json
-628785271	3	3	3	records/p3/flag-certificates/628785271.json
-628822419	3	3	3	records/p3/flag-certificates/628822419.json
-628826804	3	3	3	records/p3/flag-certificates/628826804.json
-628838468	3	3	3	records/p3/flag-certificates/628838468.json
-628869588	3	3	3	records/p3/flag-certificates/628869588.json
-628922479	3	3	3	records/p3/flag-certificates/628922479.json
-629008439	3	3	3	records/p3/flag-certificates/629008439.json
-629284211	3	3	3	records/p3/flag-certificates/629284211.json
-629393171	3	3	3	records/p3/flag-certificates/629393171.json
-629404923	3	3	3	records/p3/flag-certificates/629404923.json
-629416895	3	3	3	records/p3/flag-certificates/629416895.json
-629446967	3	3	3	records/p3/flag-certificates/629446967.json
-629564052	3	3	3	records/p3/flag-certificates/629564052.json
-629637992	3	3	3	records/p3/flag-certificates/629637992.json
-629671939	3	3	3	records/p3/flag-certificates/629671939.json
-629701860	3	3	3	records/p3/flag-certificates/629701860.json
-629702403	3	3	3	records/p3/flag-certificates/629702403.json
-629730359	3	3	3	records/p3/flag-certificates/629730359.json
-629868895	3	3	3	records/p3/flag-certificates/629868895.json
-629948744	3	3	3	records/p3/flag-certificates/629948744.json
-629958199	3	3	3	records/p3/flag-certificates/629958199.json
-630080887	3	3	3	records/p3/flag-certificates/630080887.json
-630210323	3	3	3	records/p3/flag-certificates/630210323.json
-630236903	3	3	3	records/p3/flag-certificates/630236903.json
-630239992	3	3	243	records/p3/flag-certificates/630239992.json
-630407319	3	3	3	records/p3/flag-certificates/630407319.json
-630469972	3	3	3	records/p3/flag-certificates/630469972.json
-630575979	3	3	3	records/p3/flag-certificates/630575979.json
-630696099	3	3	3	records/p3/flag-certificates/630696099.json
-630785215	3	3	27	records/p3/flag-certificates/630785215.json
-630810267	3	3	3	records/p3/flag-certificates/630810267.json
-630842143	3	3	3	records/p3/flag-certificates/630842143.json
-630902116	3	3	3	records/p3/flag-certificates/630902116.json
-630925619	3	3	3	records/p3/flag-certificates/630925619.json
-631151699	3	3	3	records/p3/flag-certificates/631151699.json
-631153651	3	3	3	records/p3/flag-certificates/631153651.json
-631338056	3	3	3	records/p3/flag-certificates/631338056.json
-631341940	3	3	3	records/p3/flag-certificates/631341940.json
-631348779	3	3	3	records/p3/flag-certificates/631348779.json
-631366264	3	3	3	records/p3/flag-certificates/631366264.json
-631552579	3	3	3	records/p3/flag-certificates/631552579.json
-631591043	3	3	9	records/p3/flag-certificates/631591043.json
-631794063	3	3	3	records/p3/flag-certificates/631794063.json
-631881111	3	3	3	records/p3/flag-certificates/631881111.json
-632088664	3	3	3	records/p3/flag-certificates/632088664.json
-632270291	3	3	3	records/p3/flag-certificates/632270291.json
-632277823	3	3	3	records/p3/flag-certificates/632277823.json
-632431571	3	3	3	records/p3/flag-certificates/632431571.json
-632520267	3	3	3	records/p3/flag-certificates/632520267.json
-632713091	3	3	3	records/p3/flag-certificates/632713091.json
-632802947	3	3	3	records/p3/flag-certificates/632802947.json
-632898011	3	3	3	records/p3/flag-certificates/632898011.json
-633125647	3	3	27	records/p3/flag-certificates/633125647.json
-633297747	3	3	3	records/p3/flag-certificates/633297747.json
-633318227	3	3	3	records/p3/flag-certificates/633318227.json
-633324019	3	3	3	records/p3/flag-certificates/633324019.json
-633367759	3	3	3	records/p3/flag-certificates/633367759.json
-633452344	3	3	3	records/p3/flag-certificates/633452344.json
-633619787	3	3	81	records/p3/flag-certificates/633619787.json
-633623279	3	3	3	records/p3/flag-certificates/633623279.json
-633640555	3	3	3	records/p3/flag-certificates/633640555.json
-633791839	3	3	3	records/p3/flag-certificates/633791839.json
-633863183	3	3	3	records/p3/flag-certificates/633863183.json
-633909515	3	3	3	records/p3/flag-certificates/633909515.json
-633929015	3	3	3	records/p3/flag-certificates/633929015.json
-634128799	3	3	3	records/p3/flag-certificates/634128799.json
-634253636	3	3	3	records/p3/flag-certificates/634253636.json
-634271791	3	3	3	records/p3/flag-certificates/634271791.json
-634522159	3	3	9	records/p3/flag-certificates/634522159.json
-634554203	3	3	3	records/p3/flag-certificates/634554203.json
-635114111	3	3	3	records/p3/flag-certificates/635114111.json
-635277191	3	3	3	records/p3/flag-certificates/635277191.json
-635313547	3	3	3	records/p3/flag-certificates/635313547.json
-635414392	3	3	9	records/p3/flag-certificates/635414392.json
-635539736	3	3	3	records/p3/flag-certificates/635539736.json
-635611547	3	3	3	records/p3/flag-certificates/635611547.json
-635628503	3	3	3	records/p3/flag-certificates/635628503.json
-635766932	3	3	243	records/p3/flag-certificates/635766932.json
-635873883	3	3	9	records/p3/flag-certificates/635873883.json
-636135828	3	3	3	records/p3/flag-certificates/636135828.json
-636263643	3	3	3	records/p3/flag-certificates/636263643.json
-636283115	3	3	3	records/p3/flag-certificates/636283115.json
-636327503	3	3	3	records/p3/flag-certificates/636327503.json
-636540292	3	3	27	records/p3/flag-certificates/636540292.json
-636698899	3	3	3	records/p3/flag-certificates/636698899.json
-636731615	3	3	3	records/p3/flag-certificates/636731615.json
-636913427	3	3	3	records/p3/flag-certificates/636913427.json
-636913860	3	3	3	records/p3/flag-certificates/636913860.json
-637122644	3	3	3	records/p3/flag-certificates/637122644.json
-637129815	3	3	3	records/p3/flag-certificates/637129815.json
-637298059	3	3	3	records/p3/flag-certificates/637298059.json
-637379976	3	3	3	records/p3/flag-certificates/637379976.json
-637500311	3	3	3	records/p3/flag-certificates/637500311.json
-637659716	3	3	3	records/p3/flag-certificates/637659716.json
-637681528	3	3	3	records/p3/flag-certificates/637681528.json
-637693339	3	3	3	records/p3/flag-certificates/637693339.json
-637739027	3	3	3	records/p3/flag-certificates/637739027.json
-637748852	3	3	3	records/p3/flag-certificates/637748852.json
-637753343	3	3	3	records/p3/flag-certificates/637753343.json
-638163659	3	3	3	records/p3/flag-certificates/638163659.json
-638344632	3	3	9	records/p3/flag-certificates/638344632.json
-638386123	3	3	3	records/p3/flag-certificates/638386123.json
-638401667	3	3	3	records/p3/flag-certificates/638401667.json
-638403560	3	3	3	records/p3/flag-certificates/638403560.json
-638471543	3	3	3	records/p3/flag-certificates/638471543.json
-638502104	3	3	3	records/p3/flag-certificates/638502104.json
-638632571	3	3	3	records/p3/flag-certificates/638632571.json
-638737095	3	3	81	records/p3/flag-certificates/638737095.json
-638786739	3	3	3	records/p3/flag-certificates/638786739.json
-638862871	3	3	3	records/p3/flag-certificates/638862871.json
-638963123	3	3	9	records/p3/flag-certificates/638963123.json
-638995332	3	3	3	records/p3/flag-certificates/638995332.json
-639033591	3	3	3	records/p3/flag-certificates/639033591.json
-639054715	3	3	3	records/p3/flag-certificates/639054715.json
-639064244	3	3	3	records/p3/flag-certificates/639064244.json
-639204299	3	3	3	records/p3/flag-certificates/639204299.json
-639307679	3	3	3	records/p3/flag-certificates/639307679.json
-639338039	3	3	3	records/p3/flag-certificates/639338039.json
-639383495	3	3	3	records/p3/flag-certificates/639383495.json
-639835108	3	3	3	records/p3/flag-certificates/639835108.json
-640075668	3	3	3	records/p3/flag-certificates/640075668.json
-640171172	3	3	3	records/p3/flag-certificates/640171172.json
-640183223	3	3	3	records/p3/flag-certificates/640183223.json
-640234263	3	3	3	records/p3/flag-certificates/640234263.json
-640258807	3	3	3	records/p3/flag-certificates/640258807.json
-640309303	3	3	3	records/p3/flag-certificates/640309303.json
-640482139	3	3	3	records/p3/flag-certificates/640482139.json
-640483487	3	3	3	records/p3/flag-certificates/640483487.json
-640588244	3	3	3	records/p3/flag-certificates/640588244.json
-640884207	3	3	3	records/p3/flag-certificates/640884207.json
-640948279	3	3	3	records/p3/flag-certificates/640948279.json
-641327496	3	3	3	records/p3/flag-certificates/641327496.json
-641333947	3	3	3	records/p3/flag-certificates/641333947.json
-641357159	3	3	3	records/p3/flag-certificates/641357159.json
-641458883	3	3	3	records/p3/flag-certificates/641458883.json
-641506439	3	3	3	records/p3/flag-certificates/641506439.json
-641694135	3	3	3	records/p3/flag-certificates/641694135.json
-641760519	3	3	3	records/p3/flag-certificates/641760519.json
-641767227	3	3	3	records/p3/flag-certificates/641767227.json
-642218599	3	3	3	records/p3/flag-certificates/642218599.json
-642307411	3	3	3	records/p3/flag-certificates/642307411.json
-642462379	3	3	3	records/p3/flag-certificates/642462379.json
-642513711	3	3	3	records/p3/flag-certificates/642513711.json
-642522287	3	3	3	records/p3/flag-certificates/642522287.json
-642528811	3	3	243	records/p3/flag-certificates/642528811.json
-642588340	3	3	3	records/p3/flag-certificates/642588340.json
-642740363	3	3	9	records/p3/flag-certificates/642740363.json
-642861283	3	3	3	records/p3/flag-certificates/642861283.json
-642870823	3	3	3	records/p3/flag-certificates/642870823.json
-642934183	3	3	3	records/p3/flag-certificates/642934183.json
-642982947	3	3	3	records/p3/flag-certificates/642982947.json
-642989156	3	3	3	records/p3/flag-certificates/642989156.json
-643033304	3	3	81	records/p3/flag-certificates/643033304.json
-643037944	3	3	3	records/p3/flag-certificates/643037944.json
-643051607	3	3	3	records/p3/flag-certificates/643051607.json
-643065688	3	3	3	records/p3/flag-certificates/643065688.json
-643286564	3	3	3	records/p3/flag-certificates/643286564.json
-643380740	3	3	3	records/p3/flag-certificates/643380740.json
-643436999	3	3	3	records/p3/flag-certificates/643436999.json
-643461839	3	3	3	records/p3/flag-certificates/643461839.json
-643670111	3	3	81	records/p3/flag-certificates/643670111.json
-643681607	3	3	3	records/p3/flag-certificates/643681607.json
-643700020	3	3	3	records/p3/flag-certificates/643700020.json
-643757908	3	3	3	records/p3/flag-certificates/643757908.json
-643764212	3	3	3	records/p3/flag-certificates/643764212.json
-644006312	3	3	3	records/p3/flag-certificates/644006312.json
-644077183	3	3	3	records/p3/flag-certificates/644077183.json
-644120340	3	3	3	records/p3/flag-certificates/644120340.json
-644137444	3	3	3	records/p3/flag-certificates/644137444.json
-644205899	3	3	3	records/p3/flag-certificates/644205899.json
-644291607	3	3	3	records/p3/flag-certificates/644291607.json
-644303732	3	3	3	records/p3/flag-certificates/644303732.json
-644332279	3	3	3	records/p3/flag-certificates/644332279.json
-644391752	3	3	3	records/p3/flag-certificates/644391752.json
-644566523	3	3	3	records/p3/flag-certificates/644566523.json
-644569064	3	3	3	records/p3/flag-certificates/644569064.json
-644577195	3	3	3	records/p3/flag-certificates/644577195.json
-644691767	3	3	3	records/p3/flag-certificates/644691767.json
-644701879	3	3	3	records/p3/flag-certificates/644701879.json
-644821283	3	3	3	records/p3/flag-certificates/644821283.json
-644843779	3	3	3	records/p3/flag-certificates/644843779.json
-644843912	3	3	3	records/p3/flag-certificates/644843912.json
-645021012	3	3	3	records/p3/flag-certificates/645021012.json
-645724996	3	3	3	records/p3/flag-certificates/645724996.json
-645736447	3	3	3	records/p3/flag-certificates/645736447.json
-645770695	3	3	3	records/p3/flag-certificates/645770695.json
-645812035	3	3	3	records/p3/flag-certificates/645812035.json
-645903652	3	3	3	records/p3/flag-certificates/645903652.json
-646036644	3	3	27	records/p3/flag-certificates/646036644.json
-646094095	3	3	81	records/p3/flag-certificates/646094095.json
-646162859	3	3	3	records/p3/flag-certificates/646162859.json
-646269503	3	3	3	records/p3/flag-certificates/646269503.json
-646364283	3	3	3	records/p3/flag-certificates/646364283.json
-646632779	3	3	9	records/p3/flag-certificates/646632779.json
-646669939	3	3	3	records/p3/flag-certificates/646669939.json
-646795396	3	3	3	records/p3/flag-certificates/646795396.json
-646894111	3	3	3	records/p3/flag-certificates/646894111.json
-646925919	3	3	3	records/p3/flag-certificates/646925919.json
-646982023	3	3	3	records/p3/flag-certificates/646982023.json
-647024552	3	3	3	records/p3/flag-certificates/647024552.json
-647146504	3	3	3	records/p3/flag-certificates/647146504.json
-647149883	3	3	3	records/p3/flag-certificates/647149883.json
-647299011	3	3	3	records/p3/flag-certificates/647299011.json
-647312807	3	3	3	records/p3/flag-certificates/647312807.json
-647343343	3	3	3	records/p3/flag-certificates/647343343.json
-647413943	3	3	3	records/p3/flag-certificates/647413943.json
-647510107	3	3	3	records/p3/flag-certificates/647510107.json
-647515960	3	3	3	records/p3/flag-certificates/647515960.json
-647640803	3	3	3	records/p3/flag-certificates/647640803.json
-647651995	3	3	3	records/p3/flag-certificates/647651995.json
-648125944	3	3	3	records/p3/flag-certificates/648125944.json
-648439588	3	3	3	records/p3/flag-certificates/648439588.json
-648621627	3	3	3	records/p3/flag-certificates/648621627.json
-648710967	3	3	3	records/p3/flag-certificates/648710967.json
-648732615	3	3	3	records/p3/flag-certificates/648732615.json
-648767732	3	3	3	records/p3/flag-certificates/648767732.json
-648804511	3	3	3	records/p3/flag-certificates/648804511.json
-649078984	3	3	3	records/p3/flag-certificates/649078984.json
-649425799	3	3	3	records/p3/flag-certificates/649425799.json
-649432311	3	3	3	records/p3/flag-certificates/649432311.json
-649438835	3	3	3	records/p3/flag-certificates/649438835.json
-649448591	3	3	3	records/p3/flag-certificates/649448591.json
-649451492	3	3	3	records/p3/flag-certificates/649451492.json
-649531444	3	3	3	records/p3/flag-certificates/649531444.json
-649811764	3	3	3	records/p3/flag-certificates/649811764.json
-649835864	3	3	81	records/p3/flag-certificates/649835864.json
-650117559	3	3	3	records/p3/flag-certificates/650117559.json
-650183155	3	3	3	records/p3/flag-certificates/650183155.json
-650185087	3	3	3	records/p3/flag-certificates/650185087.json
-650338404	3	3	3	records/p3/flag-certificates/650338404.json
-650420948	3	3	3	records/p3/flag-certificates/650420948.json
-650635444	3	3	3	records/p3/flag-certificates/650635444.json
-650761415	3	3	3	records/p3/flag-certificates/650761415.json
-650799147	3	3	3	records/p3/flag-certificates/650799147.json
-651252788	3	3	3	records/p3/flag-certificates/651252788.json
-651318968	3	3	3	records/p3/flag-certificates/651318968.json
-651418183	3	3	3	records/p3/flag-certificates/651418183.json
-651595199	3	3	3	records/p3/flag-certificates/651595199.json
-651677695	3	3	3	records/p3/flag-certificates/651677695.json
-651697979	3	3	3	records/p3/flag-certificates/651697979.json
-651840168	3	3	3	records/p3/flag-certificates/651840168.json
-651857019	3	3	3	records/p3/flag-certificates/651857019.json
-651894983	3	3	3	records/p3/flag-certificates/651894983.json
-651999716	3	3	3	records/p3/flag-certificates/651999716.json
-652005051	3	3	3	records/p3/flag-certificates/652005051.json
-652048131	3	3	3	records/p3/flag-certificates/652048131.json
-652062260	3	3	3	records/p3/flag-certificates/652062260.json
-652123384	3	3	9	records/p3/flag-certificates/652123384.json
-652206903	3	3	3	records/p3/flag-certificates/652206903.json
-652214431	3	3	9	records/p3/flag-certificates/652214431.json
-652259807	3	3	3	records/p3/flag-certificates/652259807.json
-652313131	3	3	3	records/p3/flag-certificates/652313131.json
-652374067	3	3	3	records/p3/flag-certificates/652374067.json
-652481987	3	3	3	records/p3/flag-certificates/652481987.json
-652535879	3	3	3	records/p3/flag-certificates/652535879.json
-652593999	3	3	3	records/p3/flag-certificates/652593999.json
-652603751	3	3	3	records/p3/flag-certificates/652603751.json
-652742835	3	3	27	records/p3/flag-certificates/652742835.json
-652751331	3	3	3	records/p3/flag-certificates/652751331.json
-652797643	3	3	3	records/p3/flag-certificates/652797643.json
-652800603	3	3	3	records/p3/flag-certificates/652800603.json
-652912264	3	3	3	records/p3/flag-certificates/652912264.json
-652947151	3	3	3	records/p3/flag-certificates/652947151.json
-652961319	3	3	3	records/p3/flag-certificates/652961319.json
-653001448	3	3	3	records/p3/flag-certificates/653001448.json
-653069047	3	3	3	records/p3/flag-certificates/653069047.json
-653132747	3	3	3	records/p3/flag-certificates/653132747.json
-653276039	3	3	3	records/p3/flag-certificates/653276039.json
-653413559	3	3	9	records/p3/flag-certificates/653413559.json
-653513511	3	3	3	records/p3/flag-certificates/653513511.json
-653688488	3	3	3	records/p3/flag-certificates/653688488.json
-653744991	3	3	3	records/p3/flag-certificates/653744991.json
-653835188	3	3	9	records/p3/flag-certificates/653835188.json
-653909752	3	3	3	records/p3/flag-certificates/653909752.json
-653925247	3	3	3	records/p3/flag-certificates/653925247.json
-654079079	3	3	3	records/p3/flag-certificates/654079079.json
-654241215	3	3	3	records/p3/flag-certificates/654241215.json
-654344888	3	3	3	records/p3/flag-certificates/654344888.json
-654371684	3	3	3	records/p3/flag-certificates/654371684.json
-654406456	3	3	243	records/p3/flag-certificates/654406456.json
-654450547	3	3	3	records/p3/flag-certificates/654450547.json
-654468319	3	3	3	records/p3/flag-certificates/654468319.json
-654515579	3	3	3	records/p3/flag-certificates/654515579.json
-654630216	3	3	9	records/p3/flag-certificates/654630216.json
-654633547	3	3	3	records/p3/flag-certificates/654633547.json
-654668563	3	3	3	records/p3/flag-certificates/654668563.json
-654684655	3	3	3	records/p3/flag-certificates/654684655.json
-655118456	3	3	3	records/p3/flag-certificates/655118456.json
-655128856	3	3	81	records/p3/flag-certificates/655128856.json
-655294747	3	3	3	records/p3/flag-certificates/655294747.json
-655295087	3	3	3	records/p3/flag-certificates/655295087.json
-655470484	3	3	9	records/p3/flag-certificates/655470484.json
-655653656	3	3	3	records/p3/flag-certificates/655653656.json
-655745588	3	3	3	records/p3/flag-certificates/655745588.json
-655754843	3	3	3	records/p3/flag-certificates/655754843.json
-655759803	3	3	3	records/p3/flag-certificates/655759803.json
-655828827	3	3	9	records/p3/flag-certificates/655828827.json
-655840068	3	3	3	records/p3/flag-certificates/655840068.json
-656006196	3	3	27	records/p3/flag-certificates/656006196.json
-656007428	3	3	3	records/p3/flag-certificates/656007428.json
-656056263	3	3	3	records/p3/flag-certificates/656056263.json
-656192744	3	3	81	records/p3/flag-certificates/656192744.json
-656438648	3	3	3	records/p3/flag-certificates/656438648.json
-656484351	3	3	3	records/p3/flag-certificates/656484351.json
-656689247	3	3	3	records/p3/flag-certificates/656689247.json
-656726772	3	3	3	records/p3/flag-certificates/656726772.json
-656729511	3	3	3	records/p3/flag-certificates/656729511.json
-656756088	3	3	3	records/p3/flag-certificates/656756088.json
-656762651	3	3	9	records/p3/flag-certificates/656762651.json
-656772563	3	3	3	records/p3/flag-certificates/656772563.json
-656782580	3	3	3	records/p3/flag-certificates/656782580.json
-656879683	3	3	3	records/p3/flag-certificates/656879683.json
-656975147	3	3	3	records/p3/flag-certificates/656975147.json
-656989115	3	3	3	records/p3/flag-certificates/656989115.json
-657023336	3	3	9	records/p3/flag-certificates/657023336.json
-657120120	3	3	3	records/p3/flag-certificates/657120120.json
-657121687	3	3	3	records/p3/flag-certificates/657121687.json
-657127039	3	3	9	records/p3/flag-certificates/657127039.json
-657148147	3	3	3	records/p3/flag-certificates/657148147.json
-657269416	3	3	3	records/p3/flag-certificates/657269416.json
-657407039	3	3	3	records/p3/flag-certificates/657407039.json
-657412232	3	3	3	records/p3/flag-certificates/657412232.json
-657543091	3	3	3	records/p3/flag-certificates/657543091.json
-657612327	3	3	729	records/p3/flag-certificates/657612327.json
-657615759	3	3	3	records/p3/flag-certificates/657615759.json
-657868079	3	3	9	records/p3/flag-certificates/657868079.json
-657903695	3	3	3	records/p3/flag-certificates/657903695.json
-658044703	3	3	3	records/p3/flag-certificates/658044703.json
-658047288	3	3	3	records/p3/flag-certificates/658047288.json
-658376952	3	3	3	records/p3/flag-certificates/658376952.json
-658379732	3	3	3	records/p3/flag-certificates/658379732.json
-658443631	3	3	3	records/p3/flag-certificates/658443631.json
-658465187	3	3	3	records/p3/flag-certificates/658465187.json
-658509731	3	3	3	records/p3/flag-certificates/658509731.json
-658646792	3	3	3	records/p3/flag-certificates/658646792.json
-658680520	3	3	3	records/p3/flag-certificates/658680520.json
-658710439	3	3	3	records/p3/flag-certificates/658710439.json
-658871911	3	3	3	records/p3/flag-certificates/658871911.json
-658992379	3	3	3	records/p3/flag-certificates/658992379.json
-659007915	3	3	3	records/p3/flag-certificates/659007915.json
-659054824	3	3	6561	records/p3/flag-certificates/659054824.json
-659062859	3	3	3	records/p3/flag-certificates/659062859.json
-659069060	3	3	3	records/p3/flag-certificates/659069060.json
-659169528	3	3	3	records/p3/flag-certificates/659169528.json
-659251507	3	3	3	records/p3/flag-certificates/659251507.json
-659258407	3	3	3	records/p3/flag-certificates/659258407.json
-659288755	3	3	9	records/p3/flag-certificates/659288755.json
-659295156	3	3	3	records/p3/flag-certificates/659295156.json
-659413707	3	3	3	records/p3/flag-certificates/659413707.json
-659538771	3	3	3	records/p3/flag-certificates/659538771.json
-659549767	3	3	3	records/p3/flag-certificates/659549767.json
-659584568	3	3	3	records/p3/flag-certificates/659584568.json
-659586052	3	3	3	records/p3/flag-certificates/659586052.json
-659636419	3	3	9	records/p3/flag-certificates/659636419.json
-659655499	3	3	9	records/p3/flag-certificates/659655499.json
-659754391	3	3	3	records/p3/flag-certificates/659754391.json
-659760247	3	3	3	records/p3/flag-certificates/659760247.json
-659974955	3	3	3	records/p3/flag-certificates/659974955.json
-660003811	3	3	3	records/p3/flag-certificates/660003811.json
-660269928	3	3	3	records/p3/flag-certificates/660269928.json
-660275204	3	3	3	records/p3/flag-certificates/660275204.json
-660328039	3	3	3	records/p3/flag-certificates/660328039.json
-660502859	3	3	3	records/p3/flag-certificates/660502859.json
-660578695	3	3	3	records/p3/flag-certificates/660578695.json
-660612011	3	3	3	records/p3/flag-certificates/660612011.json
-660715204	3	3	3	records/p3/flag-certificates/660715204.json
-660797967	3	3	3	records/p3/flag-certificates/660797967.json
-660853707	3	3	3	records/p3/flag-certificates/660853707.json
-660878708	3	3	3	records/p3/flag-certificates/660878708.json
-660954703	3	3	3	records/p3/flag-certificates/660954703.json
-661033320	3	3	3	records/p3/flag-certificates/661033320.json
-661130459	3	3	9	records/p3/flag-certificates/661130459.json
-661258264	3	3	27	records/p3/flag-certificates/661258264.json
-661299467	3	3	3	records/p3/flag-certificates/661299467.json
-661406932	3	3	3	records/p3/flag-certificates/661406932.json
-661549483	3	3	3	records/p3/flag-certificates/661549483.json
-661599007	3	3	3	records/p3/flag-certificates/661599007.json
-661745688	3	3	3	records/p3/flag-certificates/661745688.json
-661775399	3	3	3	records/p3/flag-certificates/661775399.json
-661807391	3	3	3	records/p3/flag-certificates/661807391.json
-661821416	3	3	3	records/p3/flag-certificates/661821416.json
-661870715	3	3	3	records/p3/flag-certificates/661870715.json
-661875963	3	3	3	records/p3/flag-certificates/661875963.json
-661989239	3	3	3	records/p3/flag-certificates/661989239.json
-661998199	3	3	3	records/p3/flag-certificates/661998199.json
-662102099	3	3	3	records/p3/flag-certificates/662102099.json
-662272484	3	3	9	records/p3/flag-certificates/662272484.json
-662586647	3	3	3	records/p3/flag-certificates/662586647.json
-662807119	3	3	9	records/p3/flag-certificates/662807119.json
-662904679	3	3	9	records/p3/flag-certificates/662904679.json
-663002231	3	3	9	records/p3/flag-certificates/663002231.json
-663006355	3	3	3	records/p3/flag-certificates/663006355.json
-663126571	3	3	3	records/p3/flag-certificates/663126571.json
-663127320	3	3	3	records/p3/flag-certificates/663127320.json
-663278568	3	3	3	records/p3/flag-certificates/663278568.json
-663323111	3	3	3	records/p3/flag-certificates/663323111.json
-663585483	3	3	3	records/p3/flag-certificates/663585483.json
-663617811	3	3	3	records/p3/flag-certificates/663617811.json
-663687219	3	3	3	records/p3/flag-certificates/663687219.json
-663698216	3	3	9	records/p3/flag-certificates/663698216.json
-663760024	3	3	3	records/p3/flag-certificates/663760024.json
-663808603	3	3	3	records/p3/flag-certificates/663808603.json
-663816963	3	3	3	records/p3/flag-certificates/663816963.json
-663930004	3	3	9	records/p3/flag-certificates/663930004.json
-663948772	3	3	3	records/p3/flag-certificates/663948772.json
-664012939	3	3	3	records/p3/flag-certificates/664012939.json
-664309795	3	3	3	records/p3/flag-certificates/664309795.json
-664429931	3	3	3	records/p3/flag-certificates/664429931.json
-664584724	3	3	81	records/p3/flag-certificates/664584724.json
-664655495	3	3	3	records/p3/flag-certificates/664655495.json
-664740772	3	3	3	records/p3/flag-certificates/664740772.json
-664846387	3	3	3	records/p3/flag-certificates/664846387.json
-665004280	3	3	3	records/p3/flag-certificates/665004280.json
-665011399	3	3	3	records/p3/flag-certificates/665011399.json
-665085608	3	3	27	records/p3/flag-certificates/665085608.json
-665118915	3	3	3	records/p3/flag-certificates/665118915.json
-665152739	3	3	3	records/p3/flag-certificates/665152739.json
-665324344	3	3	3	records/p3/flag-certificates/665324344.json
-665667624	3	3	3	records/p3/flag-certificates/665667624.json
-666161416	3	3	3	records/p3/flag-certificates/666161416.json
-666162872	3	3	3	records/p3/flag-certificates/666162872.json
-666183899	3	3	3	records/p3/flag-certificates/666183899.json
-666205355	3	3	9	records/p3/flag-certificates/666205355.json
-666252751	3	3	3	records/p3/flag-certificates/666252751.json
-666266999	3	3	3	records/p3/flag-certificates/666266999.json
-666368443	3	3	3	records/p3/flag-certificates/666368443.json
-666370119	3	3	3	records/p3/flag-certificates/666370119.json
-666556939	3	3	3	records/p3/flag-certificates/666556939.json
-666872219	3	3	3	records/p3/flag-certificates/666872219.json
-666954740	3	3	3	records/p3/flag-certificates/666954740.json
-667220043	3	3	3	records/p3/flag-certificates/667220043.json
-667385295	3	3	3	records/p3/flag-certificates/667385295.json
-667558219	3	3	3	records/p3/flag-certificates/667558219.json
-667563639	3	3	3	records/p3/flag-certificates/667563639.json
-667578163	3	3	3	records/p3/flag-certificates/667578163.json
-667794351	3	3	3	records/p3/flag-certificates/667794351.json
-668086388	3	3	3	records/p3/flag-certificates/668086388.json
-668090543	3	3	3	records/p3/flag-certificates/668090543.json
-668142407	3	3	9	records/p3/flag-certificates/668142407.json
-668163572	3	3	3	records/p3/flag-certificates/668163572.json
-668189092	3	3	3	records/p3/flag-certificates/668189092.json
-668239307	3	3	3	records/p3/flag-certificates/668239307.json
-668302323	3	3	3	records/p3/flag-certificates/668302323.json
-668372231	3	3	3	records/p3/flag-certificates/668372231.json
-668414548	3	3	3	records/p3/flag-certificates/668414548.json
-668522955	3	3	27	records/p3/flag-certificates/668522955.json
-668835203	3	3	3	records/p3/flag-certificates/668835203.json
-668853167	3	3	3	records/p3/flag-certificates/668853167.json
-668859499	3	3	3	records/p3/flag-certificates/668859499.json
-668923064	3	3	3	records/p3/flag-certificates/668923064.json
-668961043	3	3	3	records/p3/flag-certificates/668961043.json
-669017939	3	3	3	records/p3/flag-certificates/669017939.json
-669110888	3	3	3	records/p3/flag-certificates/669110888.json
-669114811	3	3	3	records/p3/flag-certificates/669114811.json
-669151579	3	3	3	records/p3/flag-certificates/669151579.json
-669198347	3	3	3	records/p3/flag-certificates/669198347.json
-669248283	3	3	3	records/p3/flag-certificates/669248283.json
-669258228	3	3	3	records/p3/flag-certificates/669258228.json
-669351752	3	3	3	records/p3/flag-certificates/669351752.json
-669361163	3	3	3	records/p3/flag-certificates/669361163.json
-669439843	3	3	3	records/p3/flag-certificates/669439843.json
-669449443	3	3	3	records/p3/flag-certificates/669449443.json
-669541908	3	3	3	records/p3/flag-certificates/669541908.json
-669545695	3	3	3	records/p3/flag-certificates/669545695.json
-669558479	3	3	3	records/p3/flag-certificates/669558479.json
-669622271	3	3	3	records/p3/flag-certificates/669622271.json
-669681707	3	3	3	records/p3/flag-certificates/669681707.json
-669776023	3	3	3	records/p3/flag-certificates/669776023.json
-669790427	3	3	3	records/p3/flag-certificates/669790427.json
-669808168	3	3	3	records/p3/flag-certificates/669808168.json
-669971983	3	3	3	records/p3/flag-certificates/669971983.json
-670172248	3	3	3	records/p3/flag-certificates/670172248.json
-670309316	3	3	3	records/p3/flag-certificates/670309316.json
-670454083	3	3	3	records/p3/flag-certificates/670454083.json
-670457320	3	3	3	records/p3/flag-certificates/670457320.json
-670535923	3	3	3	records/p3/flag-certificates/670535923.json
-670734948	3	3	3	records/p3/flag-certificates/670734948.json
-670882179	3	3	3	records/p3/flag-certificates/670882179.json
-670951879	3	3	3	records/p3/flag-certificates/670951879.json
-671006123	3	3	3	records/p3/flag-certificates/671006123.json
-671016543	3	3	3	records/p3/flag-certificates/671016543.json
-671038399	3	3	27	records/p3/flag-certificates/671038399.json
-671142111	3	3	3	records/p3/flag-certificates/671142111.json
-671237732	3	3	3	records/p3/flag-certificates/671237732.json
-671238563	3	3	3	records/p3/flag-certificates/671238563.json
-671241967	3	3	3	records/p3/flag-certificates/671241967.json
-671444776	3	3	3	records/p3/flag-certificates/671444776.json
-671457023	3	3	3	records/p3/flag-certificates/671457023.json
-671517031	3	3	9	records/p3/flag-certificates/671517031.json
-671592907	3	3	3	records/p3/flag-certificates/671592907.json
-671643227	3	3	3	records/p3/flag-certificates/671643227.json
-671720035	3	3	3	records/p3/flag-certificates/671720035.json
-671729727	3	3	3	records/p3/flag-certificates/671729727.json
-671798803	3	3	3	records/p3/flag-certificates/671798803.json
-672113723	3	3	3	records/p3/flag-certificates/672113723.json
-672157663	3	3	3	records/p3/flag-certificates/672157663.json
-672260615	3	3	3	records/p3/flag-certificates/672260615.json
-672313028	3	3	3	records/p3/flag-certificates/672313028.json
-672313531	3	3	9	records/p3/flag-certificates/672313531.json
-672425231	3	3	3	records/p3/flag-certificates/672425231.json
-672471859	3	3	3	records/p3/flag-certificates/672471859.json
-672595188	3	3	3	records/p3/flag-certificates/672595188.json
-672686936	3	3	3	records/p3/flag-certificates/672686936.json
-672750159	3	3	3	records/p3/flag-certificates/672750159.json
-672772399	3	3	3	records/p3/flag-certificates/672772399.json
-673019531	3	3	3	records/p3/flag-certificates/673019531.json
-673253556	3	3	3	records/p3/flag-certificates/673253556.json
-673288808	3	3	3	records/p3/flag-certificates/673288808.json
-673352051	3	3	3	records/p3/flag-certificates/673352051.json
-673400339	3	3	3	records/p3/flag-certificates/673400339.json
-673434199	3	3	3	records/p3/flag-certificates/673434199.json
-673468327	3	3	9	records/p3/flag-certificates/673468327.json
-673764835	3	3	3	records/p3/flag-certificates/673764835.json
-673768267	3	3	3	records/p3/flag-certificates/673768267.json
-674020015	3	3	3	records/p3/flag-certificates/674020015.json
-674076131	3	3	3	records/p3/flag-certificates/674076131.json
-674288331	3	3	3	records/p3/flag-certificates/674288331.json
-674298003	3	3	3	records/p3/flag-certificates/674298003.json
-674370407	3	3	3	records/p3/flag-certificates/674370407.json
-674409739	3	3	3	records/p3/flag-certificates/674409739.json
-674745236	3	3	3	records/p3/flag-certificates/674745236.json
-674756167	3	3	3	records/p3/flag-certificates/674756167.json
-674863720	3	3	3	records/p3/flag-certificates/674863720.json
-674998836	3	3	3	records/p3/flag-certificates/674998836.json
-675158143	3	3	3	records/p3/flag-certificates/675158143.json
-675163967	3	3	3	records/p3/flag-certificates/675163967.json
-675231428	3	3	3	records/p3/flag-certificates/675231428.json
-675272083	3	3	81	records/p3/flag-certificates/675272083.json
-675307203	3	3	3	records/p3/flag-certificates/675307203.json
-675418835	3	3	3	records/p3/flag-certificates/675418835.json
-675436443	3	3	3	records/p3/flag-certificates/675436443.json
-675496196	3	3	3	records/p3/flag-certificates/675496196.json
-675640427	3	3	3	records/p3/flag-certificates/675640427.json
-676035019	3	3	3	records/p3/flag-certificates/676035019.json
-676127892	3	3	3	records/p3/flag-certificates/676127892.json
-676294827	3	3	3	records/p3/flag-certificates/676294827.json
-676469867	3	3	3	records/p3/flag-certificates/676469867.json
-676505531	3	3	3	records/p3/flag-certificates/676505531.json
-676558515	3	3	3	records/p3/flag-certificates/676558515.json
-676562063	3	3	3	records/p3/flag-certificates/676562063.json
-676635599	3	3	3	records/p3/flag-certificates/676635599.json
-676696344	3	3	3	records/p3/flag-certificates/676696344.json
-676711695	3	3	9	records/p3/flag-certificates/676711695.json
-676800872	3	3	3	records/p3/flag-certificates/676800872.json
-676928507	3	3	3	records/p3/flag-certificates/676928507.json
-676933352	3	3	3	records/p3/flag-certificates/676933352.json
-676942763	3	3	3	records/p3/flag-certificates/676942763.json
-676958712	3	3	3	records/p3/flag-certificates/676958712.json
-677002171	3	3	3	records/p3/flag-certificates/677002171.json
-677094259	3	3	3	records/p3/flag-certificates/677094259.json
-677163935	3	3	3	records/p3/flag-certificates/677163935.json
-677233283	3	3	3	records/p3/flag-certificates/677233283.json
-677366792	3	3	3	records/p3/flag-certificates/677366792.json
-677424171	3	3	9	records/p3/flag-certificates/677424171.json
-677448283	3	3	9	records/p3/flag-certificates/677448283.json
-677489459	3	3	3	records/p3/flag-certificates/677489459.json
-677567707	3	3	3	records/p3/flag-certificates/677567707.json
-677629671	3	3	3	records/p3/flag-certificates/677629671.json
-677826920	3	3	3	records/p3/flag-certificates/677826920.json
-677952907	3	3	3	records/p3/flag-certificates/677952907.json
-677953828	3	3	3	records/p3/flag-certificates/677953828.json
-678038595	3	3	3	records/p3/flag-certificates/678038595.json
-678095231	3	3	3	records/p3/flag-certificates/678095231.json
-678237531	3	3	3	records/p3/flag-certificates/678237531.json
-678253703	3	3	3	records/p3/flag-certificates/678253703.json
-678347483	3	3	3	records/p3/flag-certificates/678347483.json
-678438091	3	3	81	records/p3/flag-certificates/678438091.json
-678514063	3	3	3	records/p3/flag-certificates/678514063.json
-678527111	3	3	3	records/p3/flag-certificates/678527111.json
-678680431	3	3	3	records/p3/flag-certificates/678680431.json
-678681923	3	3	3	records/p3/flag-certificates/678681923.json
-678692420	3	3	3	records/p3/flag-certificates/678692420.json
-678745495	3	3	3	records/p3/flag-certificates/678745495.json
-678827832	3	3	3	records/p3/flag-certificates/678827832.json
-678935135	3	3	3	records/p3/flag-certificates/678935135.json
-679028639	3	3	3	records/p3/flag-certificates/679028639.json
-679118995	3	3	9	records/p3/flag-certificates/679118995.json
-679201016	3	3	3	records/p3/flag-certificates/679201016.json
-679328227	3	3	3	records/p3/flag-certificates/679328227.json
-679392596	3	3	27	records/p3/flag-certificates/679392596.json
-679446296	3	3	3	records/p3/flag-certificates/679446296.json
-679457319	3	3	3	records/p3/flag-certificates/679457319.json
-679467995	3	3	3	records/p3/flag-certificates/679467995.json
-679670616	3	3	3	records/p3/flag-certificates/679670616.json
-679789896	3	3	3	records/p3/flag-certificates/679789896.json
-679848907	3	3	3	records/p3/flag-certificates/679848907.json
-679910611	3	3	3	records/p3/flag-certificates/679910611.json
-679911316	3	3	3	records/p3/flag-certificates/679911316.json
-680073716	3	3	3	records/p3/flag-certificates/680073716.json
-680087795	3	3	3	records/p3/flag-certificates/680087795.json
-680138247	3	3	3	records/p3/flag-certificates/680138247.json
-680175751	3	3	3	records/p3/flag-certificates/680175751.json
-680188443	3	3	3	records/p3/flag-certificates/680188443.json
-680226196	3	3	3	records/p3/flag-certificates/680226196.json
-680306196	3	3	3	records/p3/flag-certificates/680306196.json
-680316191	3	3	3	records/p3/flag-certificates/680316191.json
-680490527	3	3	3	records/p3/flag-certificates/680490527.json
-680639747	3	3	3	records/p3/flag-certificates/680639747.json
-680715880	3	3	3	records/p3/flag-certificates/680715880.json
-680776532	3	3	3	records/p3/flag-certificates/680776532.json
-680834711	3	3	3	records/p3/flag-certificates/680834711.json
-680953827	3	3	3	records/p3/flag-certificates/680953827.json
-680982488	3	3	3	records/p3/flag-certificates/680982488.json
-681004795	3	3	3	records/p3/flag-certificates/681004795.json
-681230131	3	3	9	records/p3/flag-certificates/681230131.json
-681259215	3	3	3	records/p3/flag-certificates/681259215.json
-681300391	3	3	3	records/p3/flag-certificates/681300391.json
-681376580	3	3	3	records/p3/flag-certificates/681376580.json
-681410643	3	3	3	records/p3/flag-certificates/681410643.json
-681413935	3	3	3	records/p3/flag-certificates/681413935.json
-681575176	3	3	729	records/p3/flag-certificates/681575176.json
-681745619	3	3	3	records/p3/flag-certificates/681745619.json
-681975367	3	3	3	records/p3/flag-certificates/681975367.json
-681993419	3	3	3	records/p3/flag-certificates/681993419.json
-682025239	3	3	3	records/p3/flag-certificates/682025239.json
-682096904	3	3	3	records/p3/flag-certificates/682096904.json
-682111380	3	3	3	records/p3/flag-certificates/682111380.json
-682583860	3	3	3	records/p3/flag-certificates/682583860.json
-682627864	3	3	3	records/p3/flag-certificates/682627864.json
-682673531	3	3	81	records/p3/flag-certificates/682673531.json
-682809491	3	3	3	records/p3/flag-certificates/682809491.json
-682819183	3	3	3	records/p3/flag-certificates/682819183.json
-682924315	3	3	3	records/p3/flag-certificates/682924315.json
-683049972	3	3	81	records/p3/flag-certificates/683049972.json
-683092499	3	3	3	records/p3/flag-certificates/683092499.json
-683186195	3	3	3	records/p3/flag-certificates/683186195.json
-683433859	3	3	9	records/p3/flag-certificates/683433859.json
-683445284	3	3	3	records/p3/flag-certificates/683445284.json
-683693704	3	3	3	records/p3/flag-certificates/683693704.json
-683715403	3	3	3	records/p3/flag-certificates/683715403.json
-683762343	3	3	3	records/p3/flag-certificates/683762343.json
-683854291	3	3	3	records/p3/flag-certificates/683854291.json
-684040403	3	3	27	records/p3/flag-certificates/684040403.json
-684085007	3	3	3	records/p3/flag-certificates/684085007.json
-684247163	3	3	3	records/p3/flag-certificates/684247163.json
-684312627	3	3	3	records/p3/flag-certificates/684312627.json
-684368491	3	3	27	records/p3/flag-certificates/684368491.json
-684473199	3	3	3	records/p3/flag-certificates/684473199.json
-684535267	3	3	3	records/p3/flag-certificates/684535267.json
-684652027	3	3	3	records/p3/flag-certificates/684652027.json
-684693431	3	3	3	records/p3/flag-certificates/684693431.json
-684766183	3	3	3	records/p3/flag-certificates/684766183.json
-684806699	3	3	27	records/p3/flag-certificates/684806699.json
-684823012	3	3	3	records/p3/flag-certificates/684823012.json
-684956728	3	3	3	records/p3/flag-certificates/684956728.json
-684956823	3	3	3	records/p3/flag-certificates/684956823.json
-685051495	3	3	3	records/p3/flag-certificates/685051495.json
-685098571	3	3	3	records/p3/flag-certificates/685098571.json
-685215192	3	3	3	records/p3/flag-certificates/685215192.json
-685262951	3	3	3	records/p3/flag-certificates/685262951.json
-685418847	3	3	3	records/p3/flag-certificates/685418847.json
-685716767	3	3	27	records/p3/flag-certificates/685716767.json
-685733736	3	3	3	records/p3/flag-certificates/685733736.json
-685890451	3	3	3	records/p3/flag-certificates/685890451.json
-686039307	3	3	3	records/p3/flag-certificates/686039307.json
-686062968	3	3	3	records/p3/flag-certificates/686062968.json
-686095044	3	3	9	records/p3/flag-certificates/686095044.json
-686099384	3	3	243	records/p3/flag-certificates/686099384.json
-686101511	3	3	3	records/p3/flag-certificates/686101511.json
-686113995	3	3	3	records/p3/flag-certificates/686113995.json
-686128495	3	3	3	records/p3/flag-certificates/686128495.json
-686280495	3	3	3	records/p3/flag-certificates/686280495.json
-686436683	3	3	3	records/p3/flag-certificates/686436683.json
-686439615	3	3	3	records/p3/flag-certificates/686439615.json
-686446931	3	3	3	records/p3/flag-certificates/686446931.json
-686486135	3	3	3	records/p3/flag-certificates/686486135.json
-686522292	3	3	3	records/p3/flag-certificates/686522292.json
-686626631	3	3	3	records/p3/flag-certificates/686626631.json
-686670420	3	3	3	records/p3/flag-certificates/686670420.json
-686691923	3	3	3	records/p3/flag-certificates/686691923.json
-686710643	3	3	3	records/p3/flag-certificates/686710643.json
-686778359	3	3	3	records/p3/flag-certificates/686778359.json
-686795099	3	3	3	records/p3/flag-certificates/686795099.json
-686882407	3	3	3	records/p3/flag-certificates/686882407.json
-686939123	3	3	3	records/p3/flag-certificates/686939123.json
-687022451	3	3	3	records/p3/flag-certificates/687022451.json
-687053455	3	3	3	records/p3/flag-certificates/687053455.json
-687080131	3	3	9	records/p3/flag-certificates/687080131.json
-687083284	3	3	3	records/p3/flag-certificates/687083284.json
-687143768	3	3	3	records/p3/flag-certificates/687143768.json
-687236503	3	3	3	records/p3/flag-certificates/687236503.json
-687242839	3	3	3	records/p3/flag-certificates/687242839.json
-687256783	3	3	3	records/p3/flag-certificates/687256783.json
-687306199	3	3	3	records/p3/flag-certificates/687306199.json
-687379163	3	3	3	records/p3/flag-certificates/687379163.json
-687386660	3	3	3	records/p3/flag-certificates/687386660.json
-687432163	3	3	3	records/p3/flag-certificates/687432163.json
-687612671	3	3	3	records/p3/flag-certificates/687612671.json
-687672911	3	3	3	records/p3/flag-certificates/687672911.json
-687726643	3	3	3	records/p3/flag-certificates/687726643.json
-687799407	3	3	3	records/p3/flag-certificates/687799407.json
-687813683	3	3	3	records/p3/flag-certificates/687813683.json
-688146164	3	3	9	records/p3/flag-certificates/688146164.json
-688229635	3	3	3	records/p3/flag-certificates/688229635.json
-688285671	3	3	3	records/p3/flag-certificates/688285671.json
-688296327	3	3	3	records/p3/flag-certificates/688296327.json
-688321787	3	3	3	records/p3/flag-certificates/688321787.json
-688544260	3	3	3	records/p3/flag-certificates/688544260.json
-688636023	3	3	3	records/p3/flag-certificates/688636023.json
-688666771	3	3	3	records/p3/flag-certificates/688666771.json
-688690871	3	3	3	records/p3/flag-certificates/688690871.json
-688709199	3	3	3	records/p3/flag-certificates/688709199.json
-688747507	3	3	3	records/p3/flag-certificates/688747507.json
-688969031	3	3	3	records/p3/flag-certificates/688969031.json
-688983880	3	3	3	records/p3/flag-certificates/688983880.json
-689003391	3	3	3	records/p3/flag-certificates/689003391.json
-689176483	3	3	3	records/p3/flag-certificates/689176483.json
-689390756	3	3	3	records/p3/flag-certificates/689390756.json
-689500235	3	3	3	records/p3/flag-certificates/689500235.json
-689694591	3	3	3	records/p3/flag-certificates/689694591.json
-689749332	3	3	3	records/p3/flag-certificates/689749332.json
-689912543	3	3	3	records/p3/flag-certificates/689912543.json
-690020164	3	3	3	records/p3/flag-certificates/690020164.json
-690162904	3	3	3	records/p3/flag-certificates/690162904.json
-690328543	3	3	3	records/p3/flag-certificates/690328543.json
-690409451	3	3	3	records/p3/flag-certificates/690409451.json
-690499963	3	3	3	records/p3/flag-certificates/690499963.json
-690548695	3	3	3	records/p3/flag-certificates/690548695.json
-690715880	3	3	3	records/p3/flag-certificates/690715880.json
-690803295	3	3	3	records/p3/flag-certificates/690803295.json
-690848979	3	3	3	records/p3/flag-certificates/690848979.json
-691131607	3	3	3	records/p3/flag-certificates/691131607.json
-691156708	3	3	9	records/p3/flag-certificates/691156708.json
-691205531	3	3	3	records/p3/flag-certificates/691205531.json
-691316852	3	3	3	records/p3/flag-certificates/691316852.json
-691446451	3	3	3	records/p3/flag-certificates/691446451.json
-691566011	3	3	3	records/p3/flag-certificates/691566011.json
-691578403	3	3	3	records/p3/flag-certificates/691578403.json
-691581540	3	3	3	records/p3/flag-certificates/691581540.json
-691595795	3	3	3	records/p3/flag-certificates/691595795.json
-691617988	3	3	3	records/p3/flag-certificates/691617988.json
-691652103	3	3	3	records/p3/flag-certificates/691652103.json
-691681307	3	3	3	records/p3/flag-certificates/691681307.json
-691751395	3	3	3	records/p3/flag-certificates/691751395.json
-691913711	3	3	3	records/p3/flag-certificates/691913711.json
-692001448	3	3	3	records/p3/flag-certificates/692001448.json
-692119903	3	3	3	records/p3/flag-certificates/692119903.json
-692395215	3	3	3	records/p3/flag-certificates/692395215.json
-692672311	3	3	3	records/p3/flag-certificates/692672311.json
-692810783	3	3	3	records/p3/flag-certificates/692810783.json
-692861188	3	3	3	records/p3/flag-certificates/692861188.json
-692970415	3	3	3	records/p3/flag-certificates/692970415.json
-693002263	3	3	3	records/p3/flag-certificates/693002263.json
-693113844	3	3	3	records/p3/flag-certificates/693113844.json
-693265231	3	3	3	records/p3/flag-certificates/693265231.json
-693275368	3	3	3	records/p3/flag-certificates/693275368.json
-693293035	3	3	3	records/p3/flag-certificates/693293035.json
-693296383	3	3	3	records/p3/flag-certificates/693296383.json
-693558751	3	3	3	records/p3/flag-certificates/693558751.json
-693560324	3	3	3	records/p3/flag-certificates/693560324.json
-693727607	3	3	3	records/p3/flag-certificates/693727607.json
-693754547	3	3	3	records/p3/flag-certificates/693754547.json
-693814963	3	3	3	records/p3/flag-certificates/693814963.json
-693965815	3	3	3	records/p3/flag-certificates/693965815.json
-693990503	3	3	9	records/p3/flag-certificates/693990503.json
-694041503	3	3	3	records/p3/flag-certificates/694041503.json
-694123583	3	3	3	records/p3/flag-certificates/694123583.json
-694282831	3	3	3	records/p3/flag-certificates/694282831.json
-694408395	3	3	9	records/p3/flag-certificates/694408395.json
-694497992	3	3	3	records/p3/flag-certificates/694497992.json
-694541103	3	3	3	records/p3/flag-certificates/694541103.json
-694562708	3	3	3	records/p3/flag-certificates/694562708.json
-694580995	3	3	3	records/p3/flag-certificates/694580995.json
-694595256	3	3	3	records/p3/flag-certificates/694595256.json
-694642459	3	3	3	records/p3/flag-certificates/694642459.json
-694848163	3	3	3	records/p3/flag-certificates/694848163.json
-695034260	3	3	3	records/p3/flag-certificates/695034260.json
-695087855	3	3	3	records/p3/flag-certificates/695087855.json
-695337323	3	3	3	records/p3/flag-certificates/695337323.json
-695386687	3	3	3	records/p3/flag-certificates/695386687.json
-695413651	3	3	3	records/p3/flag-certificates/695413651.json
-695429188	3	3	3	records/p3/flag-certificates/695429188.json
-695496856	3	3	3	records/p3/flag-certificates/695496856.json
-695508323	3	3	3	records/p3/flag-certificates/695508323.json
-695746567	3	3	9	records/p3/flag-certificates/695746567.json
-695842564	3	3	729	records/p3/flag-certificates/695842564.json
-695990499	3	3	3	records/p3/flag-certificates/695990499.json
-696042856	3	3	27	records/p3/flag-certificates/696042856.json
-696172223	3	3	3	records/p3/flag-certificates/696172223.json
-696206191	3	3	3	records/p3/flag-certificates/696206191.json
-696328692	3	3	3	records/p3/flag-certificates/696328692.json
-696358920	3	3	3	records/p3/flag-certificates/696358920.json
-696629803	3	3	27	records/p3/flag-certificates/696629803.json
-696918567	3	3	3	records/p3/flag-certificates/696918567.json
-696944616	3	3	3	records/p3/flag-certificates/696944616.json
-696979579	3	3	9	records/p3/flag-certificates/696979579.json
-697187291	3	3	3	records/p3/flag-certificates/697187291.json
-697224863	3	3	3	records/p3/flag-certificates/697224863.json
-697378756	3	3	3	records/p3/flag-certificates/697378756.json
-697486655	3	3	3	records/p3/flag-certificates/697486655.json
-697499720	3	3	3	records/p3/flag-certificates/697499720.json
-697637191	3	3	3	records/p3/flag-certificates/697637191.json
-697789252	3	3	3	records/p3/flag-certificates/697789252.json
-697941703	3	3	3	records/p3/flag-certificates/697941703.json
-698035012	3	3	3	records/p3/flag-certificates/698035012.json
-698344187	3	3	3	records/p3/flag-certificates/698344187.json
-698680344	3	3	3	records/p3/flag-certificates/698680344.json
-698742248	3	3	3	records/p3/flag-certificates/698742248.json
-699102731	3	3	3	records/p3/flag-certificates/699102731.json
-699107503	3	3	3	records/p3/flag-certificates/699107503.json
-699252619	3	3	3	records/p3/flag-certificates/699252619.json
-699383787	3	3	3	records/p3/flag-certificates/699383787.json
-699409587	3	3	3	records/p3/flag-certificates/699409587.json
-699435599	3	3	3	records/p3/flag-certificates/699435599.json
-699455843	3	3	3	records/p3/flag-certificates/699455843.json
-699560087	3	3	3	records/p3/flag-certificates/699560087.json
-699610479	3	3	3	records/p3/flag-certificates/699610479.json
-699639112	3	3	3	records/p3/flag-certificates/699639112.json
-699692503	3	3	3	records/p3/flag-certificates/699692503.json
-699722659	3	3	3	records/p3/flag-certificates/699722659.json
-699750319	3	3	3	records/p3/flag-certificates/699750319.json
-699902871	3	3	3	records/p3/flag-certificates/699902871.json
-699934408	3	3	243	records/p3/flag-certificates/699934408.json
-700031044	3	3	3	records/p3/flag-certificates/700031044.json
-700057507	3	3	3	records/p3/flag-certificates/700057507.json
-700080311	3	3	3	records/p3/flag-certificates/700080311.json
-700192491	3	3	3	records/p3/flag-certificates/700192491.json
-700200815	3	3	3	records/p3/flag-certificates/700200815.json
-700330607	3	3	3	records/p3/flag-certificates/700330607.json
-700379835	3	3	3	records/p3/flag-certificates/700379835.json
-700442351	3	3	3	records/p3/flag-certificates/700442351.json
-700466567	3	3	3	records/p3/flag-certificates/700466567.json
-700509080	3	3	3	records/p3/flag-certificates/700509080.json
-700623971	3	3	3	records/p3/flag-certificates/700623971.json
-700634127	3	3	3	records/p3/flag-certificates/700634127.json
-700774696	3	3	3	records/p3/flag-certificates/700774696.json
-700979860	3	3	3	records/p3/flag-certificates/700979860.json
-701278727	3	3	3	records/p3/flag-certificates/701278727.json
-701289707	3	3	3	records/p3/flag-certificates/701289707.json
-701485879	3	3	9	records/p3/flag-certificates/701485879.json
-701586136	3	3	3	records/p3/flag-certificates/701586136.json
-701633743	3	3	3	records/p3/flag-certificates/701633743.json
-701700379	3	3	3	records/p3/flag-certificates/701700379.json
-701828788	3	3	3	records/p3/flag-certificates/701828788.json
-701845107	3	3	3	records/p3/flag-certificates/701845107.json
-701857992	3	3	3	records/p3/flag-certificates/701857992.json
-701864776	3	3	3	records/p3/flag-certificates/701864776.json
-701883771	3	3	3	records/p3/flag-certificates/701883771.json
-701913496	3	3	3	records/p3/flag-certificates/701913496.json
-701963755	3	3	3	records/p3/flag-certificates/701963755.json
-702063947	3	3	3	records/p3/flag-certificates/702063947.json
-702103924	3	3	3	records/p3/flag-certificates/702103924.json
-702175719	3	3	3	records/p3/flag-certificates/702175719.json
-702344248	3	3	3	records/p3/flag-certificates/702344248.json
-702378728	3	3	3	records/p3/flag-certificates/702378728.json
-702379963	3	3	3	records/p3/flag-certificates/702379963.json
-702499832	3	3	3	records/p3/flag-certificates/702499832.json
-702502395	3	3	3	records/p3/flag-certificates/702502395.json
-702758563	3	3	3	records/p3/flag-certificates/702758563.json
-702836283	3	3	27	records/p3/flag-certificates/702836283.json
-702851476	3	3	3	records/p3/flag-certificates/702851476.json
-702872264	3	3	3	records/p3/flag-certificates/702872264.json
-702938920	3	3	27	records/p3/flag-certificates/702938920.json
-703075015	3	3	3	records/p3/flag-certificates/703075015.json
-703077743	3	3	3	records/p3/flag-certificates/703077743.json
-703189444	3	3	3	records/p3/flag-certificates/703189444.json
-703297511	3	3	3	records/p3/flag-certificates/703297511.json
-703340148	3	3	3	records/p3/flag-certificates/703340148.json
-703385967	3	3	3	records/p3/flag-certificates/703385967.json
-703391528	3	3	3	records/p3/flag-certificates/703391528.json
-703449735	3	3	3	records/p3/flag-certificates/703449735.json
-703667723	3	3	3	records/p3/flag-certificates/703667723.json
-703701659	3	3	3	records/p3/flag-certificates/703701659.json
-703754035	3	3	3	records/p3/flag-certificates/703754035.json
-703775071	3	3	3	records/p3/flag-certificates/703775071.json
-704097011	3	3	9	records/p3/flag-certificates/704097011.json
-704162535	3	3	3	records/p3/flag-certificates/704162535.json
-704169931	3	3	3	records/p3/flag-certificates/704169931.json
-704247791	3	3	3	records/p3/flag-certificates/704247791.json
-704303428	3	3	3	records/p3/flag-certificates/704303428.json
-704566011	3	3	9	records/p3/flag-certificates/704566011.json
-704733151	3	3	3	records/p3/flag-certificates/704733151.json
-704808132	3	3	3	records/p3/flag-certificates/704808132.json
-704863592	3	3	3	records/p3/flag-certificates/704863592.json
-704920155	3	3	3	records/p3/flag-certificates/704920155.json
-704923048	3	3	3	records/p3/flag-certificates/704923048.json
-705180647	3	3	3	records/p3/flag-certificates/705180647.json
-705229883	3	3	3	records/p3/flag-certificates/705229883.json
-705324280	3	3	3	records/p3/flag-certificates/705324280.json
-705332383	3	3	3	records/p3/flag-certificates/705332383.json
-705335695	3	3	3	records/p3/flag-certificates/705335695.json
-705466247	3	3	3	records/p3/flag-certificates/705466247.json
-705922207	3	3	3	records/p3/flag-certificates/705922207.json
-705960931	3	3	3	records/p3/flag-certificates/705960931.json
-705989348	3	3	3	records/p3/flag-certificates/705989348.json
-706110763	3	3	3	records/p3/flag-certificates/706110763.json
-706149987	3	3	3	records/p3/flag-certificates/706149987.json
-706150927	3	3	3	records/p3/flag-certificates/706150927.json
-706159220	3	3	3	records/p3/flag-certificates/706159220.json
-706318855	3	3	3	records/p3/flag-certificates/706318855.json
-706359268	3	3	3	records/p3/flag-certificates/706359268.json
-706433863	3	3	9	records/p3/flag-certificates/706433863.json
-706477944	3	3	3	records/p3/flag-certificates/706477944.json
-706674211	3	3	9	records/p3/flag-certificates/706674211.json
-706726187	3	3	3	records/p3/flag-certificates/706726187.json
-706960264	3	3	3	records/p3/flag-certificates/706960264.json
-706981295	3	3	3	records/p3/flag-certificates/706981295.json
-707017587	3	3	3	records/p3/flag-certificates/707017587.json
-707077444	3	3	3	records/p3/flag-certificates/707077444.json
-707317907	3	3	3	records/p3/flag-certificates/707317907.json
-707351191	3	3	3	records/p3/flag-certificates/707351191.json
-707536639	3	3	3	records/p3/flag-certificates/707536639.json
-707562536	3	3	3	records/p3/flag-certificates/707562536.json
-707619480	3	3	81	records/p3/flag-certificates/707619480.json
-707678143	3	3	3	records/p3/flag-certificates/707678143.json
-707791156	3	3	3	records/p3/flag-certificates/707791156.json
-707819019	3	3	3	records/p3/flag-certificates/707819019.json
-707845819	3	3	3	records/p3/flag-certificates/707845819.json
-707899883	3	3	3	records/p3/flag-certificates/707899883.json
-707986491	3	3	3	records/p3/flag-certificates/707986491.json
-708001583	3	3	3	records/p3/flag-certificates/708001583.json
-708070631	3	3	3	records/p3/flag-certificates/708070631.json
-708274916	3	3	3	records/p3/flag-certificates/708274916.json
-708301463	3	3	3	records/p3/flag-certificates/708301463.json
-708353795	3	3	3	records/p3/flag-certificates/708353795.json
-708382167	3	3	3	records/p3/flag-certificates/708382167.json
-708392395	3	3	3	records/p3/flag-certificates/708392395.json
-708591047	3	3	3	records/p3/flag-certificates/708591047.json
-708664055	3	3	3	records/p3/flag-certificates/708664055.json
-708804008	3	3	3	records/p3/flag-certificates/708804008.json
-708899459	3	3	9	records/p3/flag-certificates/708899459.json
-708912728	3	3	3	records/p3/flag-certificates/708912728.json
-708914612	3	3	3	records/p3/flag-certificates/708914612.json
-709176259	3	3	81	records/p3/flag-certificates/709176259.json
-709299384	3	3	3	records/p3/flag-certificates/709299384.json
-709328431	3	3	3	records/p3/flag-certificates/709328431.json
-709485871	3	3	3	records/p3/flag-certificates/709485871.json
-709539099	3	3	3	records/p3/flag-certificates/709539099.json
-709683828	3	3	3	records/p3/flag-certificates/709683828.json
-709701256	3	3	3	records/p3/flag-certificates/709701256.json
-709788779	3	3	3	records/p3/flag-certificates/709788779.json
-709817503	3	3	3	records/p3/flag-certificates/709817503.json
-709920323	3	3	3	records/p3/flag-certificates/709920323.json
-710055319	3	3	3	records/p3/flag-certificates/710055319.json
-710180391	3	3	3	records/p3/flag-certificates/710180391.json
-710182483	3	3	3	records/p3/flag-certificates/710182483.json
-710240360	3	3	3	records/p3/flag-certificates/710240360.json
-710254596	3	3	3	records/p3/flag-certificates/710254596.json
-710280820	3	3	9	records/p3/flag-certificates/710280820.json
-710386007	3	3	3	records/p3/flag-certificates/710386007.json
-710401759	3	3	3	records/p3/flag-certificates/710401759.json
-710430663	3	3	3	records/p3/flag-certificates/710430663.json
-710505427	3	3	3	records/p3/flag-certificates/710505427.json
-710677371	3	3	3	records/p3/flag-certificates/710677371.json
-710901859	3	3	3	records/p3/flag-certificates/710901859.json
-710940695	3	3	3	records/p3/flag-certificates/710940695.json
-710954067	3	3	3	records/p3/flag-certificates/710954067.json
-710961591	3	3	3	records/p3/flag-certificates/710961591.json
-711060328	3	3	3	records/p3/flag-certificates/711060328.json
-711100868	3	3	3	records/p3/flag-certificates/711100868.json
-711408404	3	3	3	records/p3/flag-certificates/711408404.json
-711429591	3	3	3	records/p3/flag-certificates/711429591.json
-711592980	3	3	3	records/p3/flag-certificates/711592980.json
-711603559	3	3	3	records/p3/flag-certificates/711603559.json
-711695119	3	3	3	records/p3/flag-certificates/711695119.json
-711729115	3	3	3	records/p3/flag-certificates/711729115.json
-711813176	3	3	729	records/p3/flag-certificates/711813176.json
-711863903	3	3	3	records/p3/flag-certificates/711863903.json
-711984635	3	3	3	records/p3/flag-certificates/711984635.json
-712004383	3	3	3	records/p3/flag-certificates/712004383.json
-712055003	3	3	3	records/p3/flag-certificates/712055003.json
-712120868	3	3	3	records/p3/flag-certificates/712120868.json
-712517251	3	3	3	records/p3/flag-certificates/712517251.json
-712525963	3	3	3	records/p3/flag-certificates/712525963.json
-712564420	3	3	3	records/p3/flag-certificates/712564420.json
-712575419	3	3	729	records/p3/flag-certificates/712575419.json
-712654980	3	3	3	records/p3/flag-certificates/712654980.json
-712661147	3	3	3	records/p3/flag-certificates/712661147.json
-712752763	3	3	3	records/p3/flag-certificates/712752763.json
-712755863	3	3	3	records/p3/flag-certificates/712755863.json
-712772836	3	3	3	records/p3/flag-certificates/712772836.json
-712818456	3	3	3	records/p3/flag-certificates/712818456.json
-712882447	3	3	3	records/p3/flag-certificates/712882447.json
-713133527	3	3	27	records/p3/flag-certificates/713133527.json
-713142488	3	3	3	records/p3/flag-certificates/713142488.json
-713151060	3	3	3	records/p3/flag-certificates/713151060.json
-713254331	3	3	3	records/p3/flag-certificates/713254331.json
-713442551	3	3	3	records/p3/flag-certificates/713442551.json
-713456331	3	3	3	records/p3/flag-certificates/713456331.json
-713548171	3	3	3	records/p3/flag-certificates/713548171.json
-713596803	3	3	3	records/p3/flag-certificates/713596803.json
-713603316	3	3	3	records/p3/flag-certificates/713603316.json
-713638135	3	3	3	records/p3/flag-certificates/713638135.json
-713663835	3	3	3	records/p3/flag-certificates/713663835.json
-713745268	3	3	3	records/p3/flag-certificates/713745268.json
-713774571	3	3	3	records/p3/flag-certificates/713774571.json
-713814235	3	3	3	records/p3/flag-certificates/713814235.json
-713869463	3	3	3	records/p3/flag-certificates/713869463.json
-713908376	3	3	3	records/p3/flag-certificates/713908376.json
-714223615	3	3	3	records/p3/flag-certificates/714223615.json
-714251112	3	3	3	records/p3/flag-certificates/714251112.json
-714305204	3	3	3	records/p3/flag-certificates/714305204.json
-714338036	3	3	9	records/p3/flag-certificates/714338036.json
-714363320	3	3	3	records/p3/flag-certificates/714363320.json
-714512004	3	3	3	records/p3/flag-certificates/714512004.json
-714547247	3	3	3	records/p3/flag-certificates/714547247.json
-714686515	3	3	3	records/p3/flag-certificates/714686515.json
-714839092	3	3	3	records/p3/flag-certificates/714839092.json
-715131956	3	3	3	records/p3/flag-certificates/715131956.json
-715458423	3	3	3	records/p3/flag-certificates/715458423.json
-715612328	3	3	3	records/p3/flag-certificates/715612328.json
-715858159	3	3	3	records/p3/flag-certificates/715858159.json
-715870084	3	3	3	records/p3/flag-certificates/715870084.json
-716088279	3	3	9	records/p3/flag-certificates/716088279.json
-716247091	3	3	3	records/p3/flag-certificates/716247091.json
-716408340	3	3	3	records/p3/flag-certificates/716408340.json
-716450452	3	3	3	records/p3/flag-certificates/716450452.json
-716472827	3	3	3	records/p3/flag-certificates/716472827.json
-716594811	3	3	3	records/p3/flag-certificates/716594811.json
-716654303	3	3	3	records/p3/flag-certificates/716654303.json
-716714735	3	3	81	records/p3/flag-certificates/716714735.json
-716826287	3	3	3	records/p3/flag-certificates/716826287.json
-716876655	3	3	3	records/p3/flag-certificates/716876655.json
-717088091	3	3	3	records/p3/flag-certificates/717088091.json
-717101336	3	3	3	records/p3/flag-certificates/717101336.json
-717101439	3	3	3	records/p3/flag-certificates/717101439.json
-717203924	3	3	9	records/p3/flag-certificates/717203924.json
-717391599	3	3	3	records/p3/flag-certificates/717391599.json
-717426299	3	3	3	records/p3/flag-certificates/717426299.json
-717605576	3	3	3	records/p3/flag-certificates/717605576.json
-717614376	3	3	3	records/p3/flag-certificates/717614376.json
-718024819	3	3	3	records/p3/flag-certificates/718024819.json
-718043428	3	3	3	records/p3/flag-certificates/718043428.json
-718136692	3	3	3	records/p3/flag-certificates/718136692.json
-718158088	3	3	27	records/p3/flag-certificates/718158088.json
-718340651	3	3	3	records/p3/flag-certificates/718340651.json
-718470804	3	3	3	records/p3/flag-certificates/718470804.json
-718520483	3	3	3	records/p3/flag-certificates/718520483.json
-718558667	3	3	27	records/p3/flag-certificates/718558667.json
-718572356	3	3	3	records/p3/flag-certificates/718572356.json
-718631359	3	3	3	records/p3/flag-certificates/718631359.json
-718701459	3	3	3	records/p3/flag-certificates/718701459.json
-718808959	3	3	3	records/p3/flag-certificates/718808959.json
-718869988	3	3	3	records/p3/flag-certificates/718869988.json
-718974763	3	3	9	records/p3/flag-certificates/718974763.json
-719017655	3	3	3	records/p3/flag-certificates/719017655.json
-719053599	3	3	3	records/p3/flag-certificates/719053599.json
-719123263	3	3	3	records/p3/flag-certificates/719123263.json
-719154103	3	3	3	records/p3/flag-certificates/719154103.json
-719169899	3	3	3	records/p3/flag-certificates/719169899.json
-719229247	3	3	3	records/p3/flag-certificates/719229247.json
-719251487	3	3	243	records/p3/flag-certificates/719251487.json
-719363455	3	3	3	records/p3/flag-certificates/719363455.json
-719389759	3	3	9	records/p3/flag-certificates/719389759.json
-719429624	3	3	3	records/p3/flag-certificates/719429624.json
-719508248	3	3	243	records/p3/flag-certificates/719508248.json
-719583892	3	3	3	records/p3/flag-certificates/719583892.json
-719600632	3	3	3	records/p3/flag-certificates/719600632.json
-719607415	3	3	3	records/p3/flag-certificates/719607415.json
-719708596	3	3	9	records/p3/flag-certificates/719708596.json
-719858715	3	3	3	records/p3/flag-certificates/719858715.json
-719927139	3	3	3	records/p3/flag-certificates/719927139.json
-719985191	3	3	3	records/p3/flag-certificates/719985191.json
-720174731	3	3	9	records/p3/flag-certificates/720174731.json
-720185124	3	3	3	records/p3/flag-certificates/720185124.json
-720229031	3	3	3	records/p3/flag-certificates/720229031.json
-720278983	3	3	3	records/p3/flag-certificates/720278983.json
-720286955	3	3	3	records/p3/flag-certificates/720286955.json
-720308168	3	3	3	records/p3/flag-certificates/720308168.json
-720435487	3	3	3	records/p3/flag-certificates/720435487.json
-720540763	3	3	3	records/p3/flag-certificates/720540763.json
-720806104	3	3	3	records/p3/flag-certificates/720806104.json
-720807915	3	3	3	records/p3/flag-certificates/720807915.json
-721045704	3	3	3	records/p3/flag-certificates/721045704.json
-721050407	3	3	3	records/p3/flag-certificates/721050407.json
-721139064	3	3	3	records/p3/flag-certificates/721139064.json
-721287167	3	3	3	records/p3/flag-certificates/721287167.json
-721303487	3	3	3	records/p3/flag-certificates/721303487.json
-721304587	3	3	3	records/p3/flag-certificates/721304587.json
-721466468	3	3	3	records/p3/flag-certificates/721466468.json
-721489999	3	3	3	records/p3/flag-certificates/721489999.json
-721500968	3	3	3	records/p3/flag-certificates/721500968.json
-721705380	3	3	3	records/p3/flag-certificates/721705380.json
-722187240	3	3	3	records/p3/flag-certificates/722187240.json
-722256344	3	3	9	records/p3/flag-certificates/722256344.json
-722274095	3	3	3	records/p3/flag-certificates/722274095.json
-722374879	3	3	3	records/p3/flag-certificates/722374879.json
-722660203	3	3	3	records/p3/flag-certificates/722660203.json
-722903876	3	3	9	records/p3/flag-certificates/722903876.json
-722954383	3	3	3	records/p3/flag-certificates/722954383.json
-723058627	3	3	9	records/p3/flag-certificates/723058627.json
-723365507	3	3	3	records/p3/flag-certificates/723365507.json
-723404280	3	3	3	records/p3/flag-certificates/723404280.json
-723523940	3	3	3	records/p3/flag-certificates/723523940.json
-723573060	3	3	3	records/p3/flag-certificates/723573060.json
-723619759	3	3	3	records/p3/flag-certificates/723619759.json
-723630039	3	3	9	records/p3/flag-certificates/723630039.json
-723661860	3	3	3	records/p3/flag-certificates/723661860.json
-723723567	3	3	3	records/p3/flag-certificates/723723567.json
-723736056	3	3	3	records/p3/flag-certificates/723736056.json
-723876691	3	3	3	records/p3/flag-certificates/723876691.json
-723905771	3	3	3	records/p3/flag-certificates/723905771.json
-723960136	3	3	3	records/p3/flag-certificates/723960136.json
-724125192	3	3	3	records/p3/flag-certificates/724125192.json
-724164199	3	3	3	records/p3/flag-certificates/724164199.json
-724330087	3	3	3	records/p3/flag-certificates/724330087.json
-724439976	3	3	3	records/p3/flag-certificates/724439976.json
-724544255	3	3	3	records/p3/flag-certificates/724544255.json
-724611671	3	3	3	records/p3/flag-certificates/724611671.json
-724660532	3	3	3	records/p3/flag-certificates/724660532.json
-724754543	3	3	3	records/p3/flag-certificates/724754543.json
-724766920	3	3	3	records/p3/flag-certificates/724766920.json
-724872163	3	3	81	records/p3/flag-certificates/724872163.json
-725053720	3	3	3	records/p3/flag-certificates/725053720.json
-725454548	3	3	3	records/p3/flag-certificates/725454548.json
-725516171	3	3	3	records/p3/flag-certificates/725516171.json
-725743003	3	3	3	records/p3/flag-certificates/725743003.json
-725782820	3	3	3	records/p3/flag-certificates/725782820.json
-725833579	3	3	3	records/p3/flag-certificates/725833579.json
-725856799	3	3	3	records/p3/flag-certificates/725856799.json
-725872703	3	3	3	records/p3/flag-certificates/725872703.json
-725887624	3	3	3	records/p3/flag-certificates/725887624.json
-726019480	3	3	3	records/p3/flag-certificates/726019480.json
-726191608	3	3	3	records/p3/flag-certificates/726191608.json
-726194431	3	3	3	records/p3/flag-certificates/726194431.json
-726338724	3	3	3	records/p3/flag-certificates/726338724.json
-726447467	3	3	3	records/p3/flag-certificates/726447467.json
-726593347	3	3	3	records/p3/flag-certificates/726593347.json
-726780999	3	3	3	records/p3/flag-certificates/726780999.json
-726802547	3	3	3	records/p3/flag-certificates/726802547.json
-726959327	3	3	3	records/p3/flag-certificates/726959327.json
-726963668	3	3	3	records/p3/flag-certificates/726963668.json
-726985508	3	3	3	records/p3/flag-certificates/726985508.json
-726998747	3	3	3	records/p3/flag-certificates/726998747.json
-727127411	3	3	3	records/p3/flag-certificates/727127411.json
-727409491	3	3	3	records/p3/flag-certificates/727409491.json
-727439236	3	3	3	records/p3/flag-certificates/727439236.json
-727560311	3	3	3	records/p3/flag-certificates/727560311.json
-727578559	3	3	3	records/p3/flag-certificates/727578559.json
-727628663	3	3	3	records/p3/flag-certificates/727628663.json
-727647880	3	3	3	records/p3/flag-certificates/727647880.json
-727657368	3	3	3	records/p3/flag-certificates/727657368.json
-727819703	3	3	3	records/p3/flag-certificates/727819703.json
-727865396	3	3	3	records/p3/flag-certificates/727865396.json
-727903508	3	3	9	records/p3/flag-certificates/727903508.json
-727918564	3	3	3	records/p3/flag-certificates/727918564.json
-727923032	3	3	3	records/p3/flag-certificates/727923032.json
-728004116	3	3	3	records/p3/flag-certificates/728004116.json
-728081167	3	3	3	records/p3/flag-certificates/728081167.json
-728151463	3	3	3	records/p3/flag-certificates/728151463.json
-728196388	3	3	3	records/p3/flag-certificates/728196388.json
-728218039	3	3	3	records/p3/flag-certificates/728218039.json
-728449067	3	3	3	records/p3/flag-certificates/728449067.json
-728580536	3	3	9	records/p3/flag-certificates/728580536.json
-728656771	3	3	3	records/p3/flag-certificates/728656771.json
-728782763	3	3	3	records/p3/flag-certificates/728782763.json
-728797163	3	3	3	records/p3/flag-certificates/728797163.json
-728900708	3	3	3	records/p3/flag-certificates/728900708.json
-729013940	3	3	3	records/p3/flag-certificates/729013940.json
-729050027	3	3	729	records/p3/flag-certificates/729050027.json
-729076772	3	3	3	records/p3/flag-certificates/729076772.json
-729234363	3	3	3	records/p3/flag-certificates/729234363.json
-729253407	3	3	27	records/p3/flag-certificates/729253407.json
-729506627	3	3	3	records/p3/flag-certificates/729506627.json
-729691903	3	3	3	records/p3/flag-certificates/729691903.json
-729753271	3	3	3	records/p3/flag-certificates/729753271.json
-729803396	3	3	9	records/p3/flag-certificates/729803396.json
-729986727	3	3	9	records/p3/flag-certificates/729986727.json
-730072499	3	3	3	records/p3/flag-certificates/730072499.json
-730090111	3	3	9	records/p3/flag-certificates/730090111.json
-730099211	3	3	3	records/p3/flag-certificates/730099211.json
-730148696	3	3	3	records/p3/flag-certificates/730148696.json
-730162547	3	3	3	records/p3/flag-certificates/730162547.json
-730284216	3	3	729	records/p3/flag-certificates/730284216.json
-730369615	3	3	3	records/p3/flag-certificates/730369615.json
-730523103	3	3	3	records/p3/flag-certificates/730523103.json
-730721572	3	3	3	records/p3/flag-certificates/730721572.json
-730724647	3	3	3	records/p3/flag-certificates/730724647.json
-730789832	3	3	3	records/p3/flag-certificates/730789832.json
-730793911	3	3	9	records/p3/flag-certificates/730793911.json
-730818363	3	3	9	records/p3/flag-certificates/730818363.json
-730820471	3	3	3	records/p3/flag-certificates/730820471.json
-730921651	3	3	3	records/p3/flag-certificates/730921651.json
-730938043	3	3	3	records/p3/flag-certificates/730938043.json
-731132951	3	3	3	records/p3/flag-certificates/731132951.json
-731382151	3	3	3	records/p3/flag-certificates/731382151.json
-731445855	3	3	3	records/p3/flag-certificates/731445855.json
-731640603	3	3	3	records/p3/flag-certificates/731640603.json
-731696671	3	3	3	records/p3/flag-certificates/731696671.json
-731766415	3	3	3	records/p3/flag-certificates/731766415.json
-731935704	3	3	3	records/p3/flag-certificates/731935704.json
-732014923	3	3	3	records/p3/flag-certificates/732014923.json
-732022168	3	3	3	records/p3/flag-certificates/732022168.json
-732060408	3	3	3	records/p3/flag-certificates/732060408.json
-732089908	3	3	3	records/p3/flag-certificates/732089908.json
-732117227	3	3	3	records/p3/flag-certificates/732117227.json
-732185679	3	3	3	records/p3/flag-certificates/732185679.json
-732216856	3	3	9	records/p3/flag-certificates/732216856.json
-732290852	3	3	3	records/p3/flag-certificates/732290852.json
-732476695	3	3	729	records/p3/flag-certificates/732476695.json
-732499959	3	3	3	records/p3/flag-certificates/732499959.json
-732737927	3	3	3	records/p3/flag-certificates/732737927.json
-732739667	3	3	3	records/p3/flag-certificates/732739667.json
-732741987	3	3	3	records/p3/flag-certificates/732741987.json
-732936703	3	3	3	records/p3/flag-certificates/732936703.json
-732976591	3	3	3	records/p3/flag-certificates/732976591.json
-732984567	3	3	3	records/p3/flag-certificates/732984567.json
-733054952	3	3	3	records/p3/flag-certificates/733054952.json
-733102152	3	3	3	records/p3/flag-certificates/733102152.json
-733285491	3	3	3	records/p3/flag-certificates/733285491.json
-733352584	3	3	3	records/p3/flag-certificates/733352584.json
-733355967	3	3	3	records/p3/flag-certificates/733355967.json
-733387099	3	3	3	records/p3/flag-certificates/733387099.json
-733461983	3	3	3	records/p3/flag-certificates/733461983.json
-733531668	3	3	3	records/p3/flag-certificates/733531668.json
-733735463	3	3	3	records/p3/flag-certificates/733735463.json
-733776996	3	3	9	records/p3/flag-certificates/733776996.json
-733806852	3	3	3	records/p3/flag-certificates/733806852.json
-734172164	3	3	81	records/p3/flag-certificates/734172164.json
-734236307	3	3	3	records/p3/flag-certificates/734236307.json
-734255195	3	3	3	records/p3/flag-certificates/734255195.json
-734314363	3	3	3	records/p3/flag-certificates/734314363.json
-734331863	3	3	9	records/p3/flag-certificates/734331863.json
-734336419	3	3	3	records/p3/flag-certificates/734336419.json
-734351939	3	3	3	records/p3/flag-certificates/734351939.json
-734430091	3	3	3	records/p3/flag-certificates/734430091.json
-734433383	3	3	3	records/p3/flag-certificates/734433383.json
-734453743	3	3	3	records/p3/flag-certificates/734453743.json
-734462776	3	3	3	records/p3/flag-certificates/734462776.json
-734697128	3	3	3	records/p3/flag-certificates/734697128.json
-734725931	3	3	3	records/p3/flag-certificates/734725931.json
-734862596	3	3	243	records/p3/flag-certificates/734862596.json
-734881935	3	3	3	records/p3/flag-certificates/734881935.json
-734908040	3	3	3	records/p3/flag-certificates/734908040.json
-735008995	3	3	3	records/p3/flag-certificates/735008995.json
-735068283	3	3	3	records/p3/flag-certificates/735068283.json
-735085112	3	3	3	records/p3/flag-certificates/735085112.json
-735110619	3	3	3	records/p3/flag-certificates/735110619.json
-735158063	3	3	3	records/p3/flag-certificates/735158063.json
-735190004	3	3	3	records/p3/flag-certificates/735190004.json
-735233063	3	3	3	records/p3/flag-certificates/735233063.json
-735352340	3	3	3	records/p3/flag-certificates/735352340.json
-735438232	3	3	3	records/p3/flag-certificates/735438232.json
-735797407	3	3	3	records/p3/flag-certificates/735797407.json
-735877067	3	3	3	records/p3/flag-certificates/735877067.json
-735881768	3	3	3	records/p3/flag-certificates/735881768.json
-735919539	3	3	3	records/p3/flag-certificates/735919539.json
-735977123	3	3	3	records/p3/flag-certificates/735977123.json
-736041428	3	3	3	records/p3/flag-certificates/736041428.json
-736043051	3	3	3	records/p3/flag-certificates/736043051.json
-736055035	3	3	3	records/p3/flag-certificates/736055035.json
-736055447	3	3	3	records/p3/flag-certificates/736055447.json
-736084612	3	3	3	records/p3/flag-certificates/736084612.json
-736155944	3	3	3	records/p3/flag-certificates/736155944.json
-736313027	3	3	3	records/p3/flag-certificates/736313027.json
-736321747	3	3	3	records/p3/flag-certificates/736321747.json
-736479347	3	3	3	records/p3/flag-certificates/736479347.json
-736521055	3	3	3	records/p3/flag-certificates/736521055.json
-736529127	3	3	3	records/p3/flag-certificates/736529127.json
-736541135	3	3	3	records/p3/flag-certificates/736541135.json
-736627447	3	3	3	records/p3/flag-certificates/736627447.json
-736681252	3	3	3	records/p3/flag-certificates/736681252.json
-736763383	3	3	9	records/p3/flag-certificates/736763383.json
-736810223	3	3	3	records/p3/flag-certificates/736810223.json
-736828495	3	3	3	records/p3/flag-certificates/736828495.json
-737096152	3	3	3	records/p3/flag-certificates/737096152.json
-737144323	3	3	3	records/p3/flag-certificates/737144323.json
-737221731	3	3	3	records/p3/flag-certificates/737221731.json
-737313656	3	3	27	records/p3/flag-certificates/737313656.json
-737323192	3	3	3	records/p3/flag-certificates/737323192.json
-737358511	3	3	3	records/p3/flag-certificates/737358511.json
-737450804	3	3	3	records/p3/flag-certificates/737450804.json
-737585767	3	3	3	records/p3/flag-certificates/737585767.json
-737749563	3	3	3	records/p3/flag-certificates/737749563.json
-737777732	3	3	3	records/p3/flag-certificates/737777732.json
-737782548	3	3	3	records/p3/flag-certificates/737782548.json
-737948804	3	3	3	records/p3/flag-certificates/737948804.json
-737953995	3	3	81	records/p3/flag-certificates/737953995.json
-738064839	3	3	3	records/p3/flag-certificates/738064839.json
-738175835	3	3	3	records/p3/flag-certificates/738175835.json
-738198616	3	3	3	records/p3/flag-certificates/738198616.json
-738231571	3	3	3	records/p3/flag-certificates/738231571.json
-738284315	3	3	3	records/p3/flag-certificates/738284315.json
-738297143	3	3	3	records/p3/flag-certificates/738297143.json
-738418099	3	3	3	records/p3/flag-certificates/738418099.json
-738503035	3	3	3	records/p3/flag-certificates/738503035.json
-738521396	3	3	3	records/p3/flag-certificates/738521396.json
-738703220	3	3	3	records/p3/flag-certificates/738703220.json
-738967351	3	3	3	records/p3/flag-certificates/738967351.json
-739063459	3	3	3	records/p3/flag-certificates/739063459.json
-739452199	3	3	3	records/p3/flag-certificates/739452199.json
-739523255	3	3	3	records/p3/flag-certificates/739523255.json
-739585335	3	3	3	records/p3/flag-certificates/739585335.json
-739653972	3	3	3	records/p3/flag-certificates/739653972.json
-739781871	3	3	3	records/p3/flag-certificates/739781871.json
-739897752	3	3	3	records/p3/flag-certificates/739897752.json
-739922952	3	3	2187	records/p3/flag-certificates/739922952.json
-740008011	3	3	3	records/p3/flag-certificates/740008011.json
-740038660	3	3	81	records/p3/flag-certificates/740038660.json
-740115967	3	3	3	records/p3/flag-certificates/740115967.json
-740116751	3	3	6561	records/p3/flag-certificates/740116751.json
-740144723	3	3	3	records/p3/flag-certificates/740144723.json
-740195512	3	3	3	records/p3/flag-certificates/740195512.json
-740200008	3	3	3	records/p3/flag-certificates/740200008.json
-740208491	3	3	9	records/p3/flag-certificates/740208491.json
-740231047	3	3	3	records/p3/flag-certificates/740231047.json
-740311899	3	3	3	records/p3/flag-certificates/740311899.json
-740401163	3	3	3	records/p3/flag-certificates/740401163.json
-740601139	3	3	3	records/p3/flag-certificates/740601139.json
-740807447	3	3	3	records/p3/flag-certificates/740807447.json
-740816863	3	3	3	records/p3/flag-certificates/740816863.json
-740828692	3	3	3	records/p3/flag-certificates/740828692.json
-740871367	3	3	3	records/p3/flag-certificates/740871367.json
-740975779	3	3	3	records/p3/flag-certificates/740975779.json
-741105823	3	3	3	records/p3/flag-certificates/741105823.json
-741242760	3	3	3	records/p3/flag-certificates/741242760.json
-741274959	3	3	3	records/p3/flag-certificates/741274959.json
-741446931	3	3	3	records/p3/flag-certificates/741446931.json
-741528167	3	3	27	records/p3/flag-certificates/741528167.json
-741575039	3	3	3	records/p3/flag-certificates/741575039.json
-741802279	3	3	3	records/p3/flag-certificates/741802279.json
-741902468	3	3	3	records/p3/flag-certificates/741902468.json
-742002328	3	3	3	records/p3/flag-certificates/742002328.json
-742075268	3	3	3	records/p3/flag-certificates/742075268.json
-742119519	3	3	3	records/p3/flag-certificates/742119519.json
-742252312	3	3	9	records/p3/flag-certificates/742252312.json
-742361587	3	3	3	records/p3/flag-certificates/742361587.json
-742514971	3	3	3	records/p3/flag-certificates/742514971.json
-742758328	3	3	9	records/p3/flag-certificates/742758328.json
-742932187	3	3	3	records/p3/flag-certificates/742932187.json
-742964899	3	3	3	records/p3/flag-certificates/742964899.json
-743061111	3	3	9	records/p3/flag-certificates/743061111.json
-743122195	3	3	9	records/p3/flag-certificates/743122195.json
-743202743	3	3	3	records/p3/flag-certificates/743202743.json
-743320419	3	3	3	records/p3/flag-certificates/743320419.json
-743417736	3	3	3	records/p3/flag-certificates/743417736.json
-743563172	3	3	3	records/p3/flag-certificates/743563172.json
-743650035	3	3	3	records/p3/flag-certificates/743650035.json
-743661887	3	3	3	records/p3/flag-certificates/743661887.json
-743724168	3	3	3	records/p3/flag-certificates/743724168.json
-743747647	3	3	3	records/p3/flag-certificates/743747647.json
-743778903	3	3	3	records/p3/flag-certificates/743778903.json
-743803831	3	3	3	records/p3/flag-certificates/743803831.json
-743834312	3	3	3	records/p3/flag-certificates/743834312.json
-743899479	3	3	3	records/p3/flag-certificates/743899479.json
-743924843	3	3	3	records/p3/flag-certificates/743924843.json
-743981743	3	3	3	records/p3/flag-certificates/743981743.json
-744058551	3	3	3	records/p3/flag-certificates/744058551.json
-744265940	3	3	3	records/p3/flag-certificates/744265940.json
-744367407	3	3	3	records/p3/flag-certificates/744367407.json
-744601028	3	3	3	records/p3/flag-certificates/744601028.json
-744906783	3	3	3	records/p3/flag-certificates/744906783.json
-744909419	3	3	3	records/p3/flag-certificates/744909419.json
-745039064	3	3	3	records/p3/flag-certificates/745039064.json
-745044091	3	3	3	records/p3/flag-certificates/745044091.json
-745083668	3	3	3	records/p3/flag-certificates/745083668.json
-745273043	3	3	9	records/p3/flag-certificates/745273043.json
-745395347	3	3	3	records/p3/flag-certificates/745395347.json
-745511951	3	3	3	records/p3/flag-certificates/745511951.json
-745702388	3	3	3	records/p3/flag-certificates/745702388.json
-745845791	3	3	3	records/p3/flag-certificates/745845791.json
-745855015	3	3	3	records/p3/flag-certificates/745855015.json
-745874007	3	3	3	records/p3/flag-certificates/745874007.json
-745972583	3	3	3	records/p3/flag-certificates/745972583.json
-746009923	3	3	3	records/p3/flag-certificates/746009923.json
-746048708	3	3	3	records/p3/flag-certificates/746048708.json
-746131171	3	3	3	records/p3/flag-certificates/746131171.json
-746254415	3	3	3	records/p3/flag-certificates/746254415.json
-746306331	3	3	3	records/p3/flag-certificates/746306331.json
-746383567	3	3	3	records/p3/flag-certificates/746383567.json
-746460647	3	3	3	records/p3/flag-certificates/746460647.json
-746493256	3	3	3	records/p3/flag-certificates/746493256.json
-746575619	3	3	3	records/p3/flag-certificates/746575619.json
-746579371	3	3	3	records/p3/flag-certificates/746579371.json
-746703507	3	3	9	records/p3/flag-certificates/746703507.json
-746736411	3	3	81	records/p3/flag-certificates/746736411.json
-746752479	3	3	3	records/p3/flag-certificates/746752479.json
-746850695	3	3	3	records/p3/flag-certificates/746850695.json
-746870312	3	3	3	records/p3/flag-certificates/746870312.json
-747284615	3	3	3	records/p3/flag-certificates/747284615.json
-747328847	3	3	3	records/p3/flag-certificates/747328847.json
-747342931	3	3	3	records/p3/flag-certificates/747342931.json
-747399659	3	3	3	records/p3/flag-certificates/747399659.json
-747413131	3	3	3	records/p3/flag-certificates/747413131.json
-747494527	3	3	3	records/p3/flag-certificates/747494527.json
-747562703	3	3	3	records/p3/flag-certificates/747562703.json
-747571723	3	3	3	records/p3/flag-certificates/747571723.json
-747672452	3	3	3	records/p3/flag-certificates/747672452.json
-747725267	3	3	3	records/p3/flag-certificates/747725267.json
-747965323	3	3	3	records/p3/flag-certificates/747965323.json
-748282027	3	3	3	records/p3/flag-certificates/748282027.json
-748306967	3	3	3	records/p3/flag-certificates/748306967.json
-748344827	3	3	3	records/p3/flag-certificates/748344827.json
-748467863	3	3	3	records/p3/flag-certificates/748467863.json
-748539223	3	3	3	records/p3/flag-certificates/748539223.json
-748577147	3	3	3	records/p3/flag-certificates/748577147.json
-748673844	3	3	3	records/p3/flag-certificates/748673844.json
-748679459	3	3	3	records/p3/flag-certificates/748679459.json
-748841871	3	3	3	records/p3/flag-certificates/748841871.json
-748910623	3	3	3	records/p3/flag-certificates/748910623.json
-748932983	3	3	3	records/p3/flag-certificates/748932983.json
-749005592	3	3	3	records/p3/flag-certificates/749005592.json
-749036792	3	3	3	records/p3/flag-certificates/749036792.json
-749083684	3	3	3	records/p3/flag-certificates/749083684.json
-749115160	3	3	3	records/p3/flag-certificates/749115160.json
-749189716	3	3	3	records/p3/flag-certificates/749189716.json
-749194891	3	3	3	records/p3/flag-certificates/749194891.json
-749196760	3	3	3	records/p3/flag-certificates/749196760.json
-749199272	3	3	3	records/p3/flag-certificates/749199272.json
-749218739	3	3	3	records/p3/flag-certificates/749218739.json
-749240879	3	3	3	records/p3/flag-certificates/749240879.json
-749328868	3	3	3	records/p3/flag-certificates/749328868.json
-749353415	3	3	3	records/p3/flag-certificates/749353415.json
-749538212	3	3	3	records/p3/flag-certificates/749538212.json
-749540035	3	3	3	records/p3/flag-certificates/749540035.json
-749673683	3	3	3	records/p3/flag-certificates/749673683.json
-749812231	3	3	3	records/p3/flag-certificates/749812231.json
-749842739	3	3	3	records/p3/flag-certificates/749842739.json
-749994419	3	3	3	records/p3/flag-certificates/749994419.json
-750032807	3	3	3	records/p3/flag-certificates/750032807.json
-750229819	3	3	3	records/p3/flag-certificates/750229819.json
-750352251	3	3	3	records/p3/flag-certificates/750352251.json
-750377307	3	3	3	records/p3/flag-certificates/750377307.json
-750434948	3	3	3	records/p3/flag-certificates/750434948.json
-750535959	3	3	3	records/p3/flag-certificates/750535959.json
-750541391	3	3	3	records/p3/flag-certificates/750541391.json
-750617063	3	3	3	records/p3/flag-certificates/750617063.json
-750636111	3	3	81	records/p3/flag-certificates/750636111.json
-750768531	3	3	3	records/p3/flag-certificates/750768531.json
-750837131	3	3	3	records/p3/flag-certificates/750837131.json
-750839707	3	3	3	records/p3/flag-certificates/750839707.json
-750967187	3	3	3	records/p3/flag-certificates/750967187.json
-750996404	3	3	3	records/p3/flag-certificates/750996404.json
-751028763	3	3	3	records/p3/flag-certificates/751028763.json
-751060447	3	3	3	records/p3/flag-certificates/751060447.json
-751136104	3	3	3	records/p3/flag-certificates/751136104.json
-751196183	3	3	3	records/p3/flag-certificates/751196183.json
-751312196	3	3	3	records/p3/flag-certificates/751312196.json
-751454939	3	3	3	records/p3/flag-certificates/751454939.json
-751502995	3	3	9	records/p3/flag-certificates/751502995.json
-751523687	3	3	3	records/p3/flag-certificates/751523687.json
-751863727	3	3	3	records/p3/flag-certificates/751863727.json
-751994340	3	3	27	records/p3/flag-certificates/751994340.json
-752043351	3	3	3	records/p3/flag-certificates/752043351.json
-752057423	3	3	3	records/p3/flag-certificates/752057423.json
-752077139	3	3	3	records/p3/flag-certificates/752077139.json
-752295279	3	3	3	records/p3/flag-certificates/752295279.json
-752397495	3	3	3	records/p3/flag-certificates/752397495.json
-752539988	3	3	27	records/p3/flag-certificates/752539988.json
-752587647	3	3	3	records/p3/flag-certificates/752587647.json
-752690635	3	3	3	records/p3/flag-certificates/752690635.json
-752855219	3	3	3	records/p3/flag-certificates/752855219.json
-752961019	3	3	3	records/p3/flag-certificates/752961019.json
-753005495	3	3	3	records/p3/flag-certificates/753005495.json
-753022519	3	3	3	records/p3/flag-certificates/753022519.json
-753058344	3	3	729	records/p3/flag-certificates/753058344.json
-753204559	3	3	3	records/p3/flag-certificates/753204559.json
-753358783	3	3	3	records/p3/flag-certificates/753358783.json
-753826619	3	3	81	records/p3/flag-certificates/753826619.json
-753911395	3	3	3	records/p3/flag-certificates/753911395.json
-754047123	3	3	3	records/p3/flag-certificates/754047123.json
-754220355	3	3	3	records/p3/flag-certificates/754220355.json
-754270663	3	3	3	records/p3/flag-certificates/754270663.json
-754389124	3	3	3	records/p3/flag-certificates/754389124.json
-754439199	3	3	3	records/p3/flag-certificates/754439199.json
-754444427	3	3	3	records/p3/flag-certificates/754444427.json
-754453923	3	3	3	records/p3/flag-certificates/754453923.json
-754498884	3	3	3	records/p3/flag-certificates/754498884.json
-754916307	3	3	3	records/p3/flag-certificates/754916307.json
-755035319	3	3	3	records/p3/flag-certificates/755035319.json
-755038484	3	3	3	records/p3/flag-certificates/755038484.json
-755041155	3	3	3	records/p3/flag-certificates/755041155.json
-755061143	3	3	3	records/p3/flag-certificates/755061143.json
-755063060	3	3	3	records/p3/flag-certificates/755063060.json
-755223880	3	3	3	records/p3/flag-certificates/755223880.json
-755399455	3	3	243	records/p3/flag-certificates/755399455.json
-755451211	3	3	3	records/p3/flag-certificates/755451211.json
-755579939	3	3	3	records/p3/flag-certificates/755579939.json
-755614936	3	3	3	records/p3/flag-certificates/755614936.json
-755666888	3	3	3	records/p3/flag-certificates/755666888.json
-755799695	3	3	3	records/p3/flag-certificates/755799695.json
-755807979	3	3	3	records/p3/flag-certificates/755807979.json
-755892088	3	3	3	records/p3/flag-certificates/755892088.json
-755902235	3	3	3	records/p3/flag-certificates/755902235.json
-755943236	3	3	3	records/p3/flag-certificates/755943236.json
-755988815	3	3	3	records/p3/flag-certificates/755988815.json
-756069847	3	3	3	records/p3/flag-certificates/756069847.json
-756113651	3	3	3	records/p3/flag-certificates/756113651.json
-756142072	3	3	3	records/p3/flag-certificates/756142072.json
-756148840	3	3	9	records/p3/flag-certificates/756148840.json
-756246516	3	3	3	records/p3/flag-certificates/756246516.json
-756453887	3	3	3	records/p3/flag-certificates/756453887.json
-756708267	3	3	3	records/p3/flag-certificates/756708267.json
-756793279	3	3	3	records/p3/flag-certificates/756793279.json
-757049444	3	3	81	records/p3/flag-certificates/757049444.json
-757072995	3	3	3	records/p3/flag-certificates/757072995.json
-757102271	3	3	81	records/p3/flag-certificates/757102271.json
-757107031	3	3	27	records/p3/flag-certificates/757107031.json
-757157779	3	3	3	records/p3/flag-certificates/757157779.json
-757212619	3	3	3	records/p3/flag-certificates/757212619.json
-757255667	3	3	3	records/p3/flag-certificates/757255667.json
-757495571	3	3	3	records/p3/flag-certificates/757495571.json
-757585763	3	3	27	records/p3/flag-certificates/757585763.json
-757650799	3	3	3	records/p3/flag-certificates/757650799.json
-757656587	3	3	3	records/p3/flag-certificates/757656587.json
-757722952	3	3	3	records/p3/flag-certificates/757722952.json
-757786488	3	3	3	records/p3/flag-certificates/757786488.json
-757787711	3	3	243	records/p3/flag-certificates/757787711.json
-757829188	3	3	3	records/p3/flag-certificates/757829188.json
-757881067	3	3	3	records/p3/flag-certificates/757881067.json
-757889239	3	3	3	records/p3/flag-certificates/757889239.json
-757945023	3	3	3	records/p3/flag-certificates/757945023.json
-758012968	3	3	3	records/p3/flag-certificates/758012968.json
-758063887	3	3	3	records/p3/flag-certificates/758063887.json
-758181188	3	3	3	records/p3/flag-certificates/758181188.json
-758189959	3	3	3	records/p3/flag-certificates/758189959.json
-758208904	3	3	3	records/p3/flag-certificates/758208904.json
-758289871	3	3	3	records/p3/flag-certificates/758289871.json
-758397815	3	3	3	records/p3/flag-certificates/758397815.json
-758416391	3	3	3	records/p3/flag-certificates/758416391.json
-758419476	3	3	3	records/p3/flag-certificates/758419476.json
-758570120	3	3	3	records/p3/flag-certificates/758570120.json
-758589815	3	3	3	records/p3/flag-certificates/758589815.json
-758593187	3	3	3	records/p3/flag-certificates/758593187.json
-758910943	3	3	3	records/p3/flag-certificates/758910943.json
-758976807	3	3	3	records/p3/flag-certificates/758976807.json
-759027595	3	3	3	records/p3/flag-certificates/759027595.json
-759075871	3	3	3	records/p3/flag-certificates/759075871.json
-759360935	3	3	3	records/p3/flag-certificates/759360935.json
-759559352	3	3	3	records/p3/flag-certificates/759559352.json
-759698468	3	3	3	records/p3/flag-certificates/759698468.json
-759827407	3	3	9	records/p3/flag-certificates/759827407.json
-759843571	3	3	81	records/p3/flag-certificates/759843571.json
-759989823	3	3	729	records/p3/flag-certificates/759989823.json
-760028468	3	3	3	records/p3/flag-certificates/760028468.json
-760322887	3	3	3	records/p3/flag-certificates/760322887.json
-760404068	3	3	9	records/p3/flag-certificates/760404068.json
-760474740	3	3	3	records/p3/flag-certificates/760474740.json
-760480843	3	3	3	records/p3/flag-certificates/760480843.json
-760556344	3	3	9	records/p3/flag-certificates/760556344.json
-760620299	3	3	3	records/p3/flag-certificates/760620299.json
-760625263	3	3	3	records/p3/flag-certificates/760625263.json
-760760104	3	3	9	records/p3/flag-certificates/760760104.json
-760772983	3	3	3	records/p3/flag-certificates/760772983.json
-760823947	3	3	3	records/p3/flag-certificates/760823947.json
-760855039	3	3	3	records/p3/flag-certificates/760855039.json
-760902959	3	3	3	records/p3/flag-certificates/760902959.json
-760908020	3	3	3	records/p3/flag-certificates/760908020.json
-761121815	3	3	3	records/p3/flag-certificates/761121815.json
-761163879	3	3	3	records/p3/flag-certificates/761163879.json
-761222527	3	3	3	records/p3/flag-certificates/761222527.json
-761224363	3	3	3	records/p3/flag-certificates/761224363.json
-761655723	3	3	3	records/p3/flag-certificates/761655723.json
-761983383	3	3	3	records/p3/flag-certificates/761983383.json
-761994120	3	3	3	records/p3/flag-certificates/761994120.json
-762051140	3	3	3	records/p3/flag-certificates/762051140.json
-762052035	3	3	3	records/p3/flag-certificates/762052035.json
-762346564	3	3	3	records/p3/flag-certificates/762346564.json
-762407083	3	3	3	records/p3/flag-certificates/762407083.json
-762550676	3	3	9	records/p3/flag-certificates/762550676.json
-762710419	3	3	3	records/p3/flag-certificates/762710419.json
-762717255	3	3	3	records/p3/flag-certificates/762717255.json
-762840484	3	3	3	records/p3/flag-certificates/762840484.json
-762913556	3	3	3	records/p3/flag-certificates/762913556.json
-762988520	3	3	27	records/p3/flag-certificates/762988520.json
-763035131	3	3	3	records/p3/flag-certificates/763035131.json
-763045315	3	3	3	records/p3/flag-certificates/763045315.json
-763075063	3	3	3	records/p3/flag-certificates/763075063.json
-763227487	3	3	3	records/p3/flag-certificates/763227487.json
-763353028	3	3	81	records/p3/flag-certificates/763353028.json
-763730887	3	3	3	records/p3/flag-certificates/763730887.json
-763788403	3	3	3	records/p3/flag-certificates/763788403.json
-763866872	3	3	3	records/p3/flag-certificates/763866872.json
-763982879	3	3	3	records/p3/flag-certificates/763982879.json
-764239759	3	3	3	records/p3/flag-certificates/764239759.json
-764373160	3	3	3	records/p3/flag-certificates/764373160.json
-764464143	3	3	3	records/p3/flag-certificates/764464143.json
-764516068	3	3	3	records/p3/flag-certificates/764516068.json
-764540015	3	3	3	records/p3/flag-certificates/764540015.json
-764543528	3	3	3	records/p3/flag-certificates/764543528.json
-764569531	3	3	3	records/p3/flag-certificates/764569531.json
-764726948	3	3	3	records/p3/flag-certificates/764726948.json
-764735979	3	3	3	records/p3/flag-certificates/764735979.json
-764968863	3	3	3	records/p3/flag-certificates/764968863.json
-764973467	3	3	3	records/p3/flag-certificates/764973467.json
-765145743	3	3	3	records/p3/flag-certificates/765145743.json
-765238328	3	3	3	records/p3/flag-certificates/765238328.json
-765480359	3	3	3	records/p3/flag-certificates/765480359.json
-765561603	3	3	3	records/p3/flag-certificates/765561603.json
-765790251	3	3	3	records/p3/flag-certificates/765790251.json
-766092511	3	3	3	records/p3/flag-certificates/766092511.json
-766120571	3	3	3	records/p3/flag-certificates/766120571.json
-766132411	3	3	3	records/p3/flag-certificates/766132411.json
-766247111	3	3	3	records/p3/flag-certificates/766247111.json
-766309567	3	3	3	records/p3/flag-certificates/766309567.json
-766535899	3	3	3	records/p3/flag-certificates/766535899.json
-766655747	3	3	3	records/p3/flag-certificates/766655747.json
-766855555	3	3	27	records/p3/flag-certificates/766855555.json
-766879060	3	3	3	records/p3/flag-certificates/766879060.json
-766949791	3	3	9	records/p3/flag-certificates/766949791.json
-767004760	3	3	3	records/p3/flag-certificates/767004760.json
-767051707	3	3	3	records/p3/flag-certificates/767051707.json
-767132904	3	3	3	records/p3/flag-certificates/767132904.json
-767134799	3	3	3	records/p3/flag-certificates/767134799.json
-767159715	3	3	3	records/p3/flag-certificates/767159715.json
-767301828	3	3	3	records/p3/flag-certificates/767301828.json
-767332147	3	3	3	records/p3/flag-certificates/767332147.json
-767393736	3	3	3	records/p3/flag-certificates/767393736.json
-767471167	3	3	3	records/p3/flag-certificates/767471167.json
-767490148	3	3	3	records/p3/flag-certificates/767490148.json
-767633924	3	3	3	records/p3/flag-certificates/767633924.json
-767818596	3	3	3	records/p3/flag-certificates/767818596.json
-767879332	3	3	3	records/p3/flag-certificates/767879332.json
-767928983	3	3	3	records/p3/flag-certificates/767928983.json
-767937047	3	3	729	records/p3/flag-certificates/767937047.json
-768007464	3	3	3	records/p3/flag-certificates/768007464.json
-768046791	3	3	3	records/p3/flag-certificates/768046791.json
-768048455	3	3	3	records/p3/flag-certificates/768048455.json
-768051944	3	3	3	records/p3/flag-certificates/768051944.json
-768062872	3	3	3	records/p3/flag-certificates/768062872.json
-768131620	3	3	3	records/p3/flag-certificates/768131620.json
-768219963	3	3	3	records/p3/flag-certificates/768219963.json
-768260867	3	3	3	records/p3/flag-certificates/768260867.json
-768270883	3	3	3	records/p3/flag-certificates/768270883.json
-768400595	3	3	3	records/p3/flag-certificates/768400595.json
-768409003	3	3	3	records/p3/flag-certificates/768409003.json
-768666791	3	3	3	records/p3/flag-certificates/768666791.json
-768754139	3	3	3	records/p3/flag-certificates/768754139.json
-768898276	3	3	3	records/p3/flag-certificates/768898276.json
-768917351	3	3	3	records/p3/flag-certificates/768917351.json
-768922664	3	3	3	records/p3/flag-certificates/768922664.json
-768979855	3	3	3	records/p3/flag-certificates/768979855.json
-768997396	3	3	3	records/p3/flag-certificates/768997396.json
-769125435	3	3	27	records/p3/flag-certificates/769125435.json
-769165215	3	3	243	records/p3/flag-certificates/769165215.json
-769219691	3	3	3	records/p3/flag-certificates/769219691.json
-769229508	3	3	3	records/p3/flag-certificates/769229508.json
-769258664	3	3	3	records/p3/flag-certificates/769258664.json
-769381531	3	3	3	records/p3/flag-certificates/769381531.json
-769467144	3	3	3	records/p3/flag-certificates/769467144.json
-769725204	3	3	3	records/p3/flag-certificates/769725204.json
-769739720	3	3	3	records/p3/flag-certificates/769739720.json
-769772731	3	3	3	records/p3/flag-certificates/769772731.json
-769813048	3	3	3	records/p3/flag-certificates/769813048.json
-769905559	3	3	3	records/p3/flag-certificates/769905559.json
-769977959	3	3	3	records/p3/flag-certificates/769977959.json
-770032424	3	3	9	records/p3/flag-certificates/770032424.json
-770062024	3	3	3	records/p3/flag-certificates/770062024.json
-770063636	3	3	3	records/p3/flag-certificates/770063636.json
-770227688	3	3	3	records/p3/flag-certificates/770227688.json
-770240051	3	3	3	records/p3/flag-certificates/770240051.json
-770324935	3	3	3	records/p3/flag-certificates/770324935.json
-770370488	3	3	3	records/p3/flag-certificates/770370488.json
-770425444	3	3	3	records/p3/flag-certificates/770425444.json
-770614527	3	3	3	records/p3/flag-certificates/770614527.json
-770689555	3	3	3	records/p3/flag-certificates/770689555.json
-770819972	3	3	27	records/p3/flag-certificates/770819972.json
-770872328	3	3	3	records/p3/flag-certificates/770872328.json
-771282071	3	3	9	records/p3/flag-certificates/771282071.json
-771608427	3	3	9	records/p3/flag-certificates/771608427.json
-771608712	3	3	81	records/p3/flag-certificates/771608712.json
-771611092	3	3	3	records/p3/flag-certificates/771611092.json
-771780212	3	3	3	records/p3/flag-certificates/771780212.json
-771869883	3	3	3	records/p3/flag-certificates/771869883.json
-771970360	3	3	3	records/p3/flag-certificates/771970360.json
-772048031	3	3	3	records/p3/flag-certificates/772048031.json
-772204344	3	3	3	records/p3/flag-certificates/772204344.json
-772238760	3	3	3	records/p3/flag-certificates/772238760.json
-772274911	3	3	3	records/p3/flag-certificates/772274911.json
-772319551	3	3	3	records/p3/flag-certificates/772319551.json
-772386583	3	3	3	records/p3/flag-certificates/772386583.json
-772520127	3	3	3	records/p3/flag-certificates/772520127.json
-772593047	3	3	3	records/p3/flag-certificates/772593047.json
-772681143	3	3	3	records/p3/flag-certificates/772681143.json
-772845364	3	3	3	records/p3/flag-certificates/772845364.json
-773086708	3	3	729	records/p3/flag-certificates/773086708.json
-773224787	3	3	3	records/p3/flag-certificates/773224787.json
-773811579	3	3	3	records/p3/flag-certificates/773811579.json
-773877811	3	3	3	records/p3/flag-certificates/773877811.json
-773957379	3	3	3	records/p3/flag-certificates/773957379.json
-774018515	3	3	3	records/p3/flag-certificates/774018515.json
-774274711	3	3	3	records/p3/flag-certificates/774274711.json
-774325528	3	3	3	records/p3/flag-certificates/774325528.json
-774536899	3	3	3	records/p3/flag-certificates/774536899.json
-774569939	3	3	9	records/p3/flag-certificates/774569939.json
-774581735	3	3	3	records/p3/flag-certificates/774581735.json
-774586788	3	3	3	records/p3/flag-certificates/774586788.json
-774608664	3	3	3	records/p3/flag-certificates/774608664.json
-774662840	3	3	3	records/p3/flag-certificates/774662840.json
-774757288	3	3	9	records/p3/flag-certificates/774757288.json
-774918952	3	3	3	records/p3/flag-certificates/774918952.json
-775023220	3	3	9	records/p3/flag-certificates/775023220.json
-775065587	3	3	3	records/p3/flag-certificates/775065587.json
-775098532	3	3	3	records/p3/flag-certificates/775098532.json
-775129688	3	3	9	records/p3/flag-certificates/775129688.json
-775223764	3	3	3	records/p3/flag-certificates/775223764.json
-775255144	3	3	3	records/p3/flag-certificates/775255144.json
-775273199	3	3	9	records/p3/flag-certificates/775273199.json
-775274035	3	3	3	records/p3/flag-certificates/775274035.json
-775533587	3	3	9	records/p3/flag-certificates/775533587.json
-775725688	3	3	3	records/p3/flag-certificates/775725688.json
-775762168	3	3	3	records/p3/flag-certificates/775762168.json
-775772632	3	3	3	records/p3/flag-certificates/775772632.json
-775805863	3	3	3	records/p3/flag-certificates/775805863.json
-775909787	3	3	3	records/p3/flag-certificates/775909787.json
-776036599	3	3	3	records/p3/flag-certificates/776036599.json
-776046579	3	3	3	records/p3/flag-certificates/776046579.json
-776203123	3	3	3	records/p3/flag-certificates/776203123.json
-776489576	3	3	9	records/p3/flag-certificates/776489576.json
-776501704	3	3	3	records/p3/flag-certificates/776501704.json
-776640579	3	3	3	records/p3/flag-certificates/776640579.json
-776667099	3	3	3	records/p3/flag-certificates/776667099.json
-776677371	3	3	3	records/p3/flag-certificates/776677371.json
-776703784	3	3	3	records/p3/flag-certificates/776703784.json
-776733407	3	3	3	records/p3/flag-certificates/776733407.json
-777111915	3	3	3	records/p3/flag-certificates/777111915.json
-777152399	3	3	3	records/p3/flag-certificates/777152399.json
-777296531	3	3	3	records/p3/flag-certificates/777296531.json
-777332296	3	3	3	records/p3/flag-certificates/777332296.json
-777354099	3	3	3	records/p3/flag-certificates/777354099.json
-777463179	3	3	3	records/p3/flag-certificates/777463179.json
-777467176	3	3	9	records/p3/flag-certificates/777467176.json
-777510920	3	3	3	records/p3/flag-certificates/777510920.json
-777574411	3	3	3	records/p3/flag-certificates/777574411.json
-777598807	3	3	3	records/p3/flag-certificates/777598807.json
-777606059	3	3	3	records/p3/flag-certificates/777606059.json
-777726347	3	3	3	records/p3/flag-certificates/777726347.json
-777758207	3	3	3	records/p3/flag-certificates/777758207.json
-777823079	3	3	3	records/p3/flag-certificates/777823079.json
-777993863	3	3	3	records/p3/flag-certificates/777993863.json
-778136820	3	3	3	records/p3/flag-certificates/778136820.json
-778236847	3	3	3	records/p3/flag-certificates/778236847.json
-778272411	3	3	3	records/p3/flag-certificates/778272411.json
-778337895	3	3	3	records/p3/flag-certificates/778337895.json
-778396024	3	3	3	records/p3/flag-certificates/778396024.json
-778433063	3	3	3	records/p3/flag-certificates/778433063.json
-778622532	3	3	6561	records/p3/flag-certificates/778622532.json
-778656376	3	3	3	records/p3/flag-certificates/778656376.json
-778724116	3	3	3	records/p3/flag-certificates/778724116.json
-778821143	3	3	3	records/p3/flag-certificates/778821143.json
-778829156	3	3	3	records/p3/flag-certificates/778829156.json
-778860163	3	3	3	records/p3/flag-certificates/778860163.json
-779285335	3	3	3	records/p3/flag-certificates/779285335.json
-779512219	3	3	3	records/p3/flag-certificates/779512219.json
-779833096	3	3	9	records/p3/flag-certificates/779833096.json
-779875819	3	3	3	records/p3/flag-certificates/779875819.json
-779880772	3	3	3	records/p3/flag-certificates/779880772.json
-779893403	3	3	243	records/p3/flag-certificates/779893403.json
-779948776	3	3	3	records/p3/flag-certificates/779948776.json
-780013451	3	3	9	records/p3/flag-certificates/780013451.json
-780024199	3	3	3	records/p3/flag-certificates/780024199.json
-780090436	3	3	3	records/p3/flag-certificates/780090436.json
-780375279	3	3	3	records/p3/flag-certificates/780375279.json
-780434463	3	3	3	records/p3/flag-certificates/780434463.json
-780446728	3	3	9	records/p3/flag-certificates/780446728.json
-780458631	3	3	3	records/p3/flag-certificates/780458631.json
-780463640	3	3	3	records/p3/flag-certificates/780463640.json
-780465327	3	3	3	records/p3/flag-certificates/780465327.json
-780591715	3	3	3	records/p3/flag-certificates/780591715.json
-780605967	3	3	3	records/p3/flag-certificates/780605967.json
-780761035	3	3	3	records/p3/flag-certificates/780761035.json
-780813231	3	3	9	records/p3/flag-certificates/780813231.json
-780949380	3	3	3	records/p3/flag-certificates/780949380.json
-781093451	3	3	3	records/p3/flag-certificates/781093451.json
-781127603	3	3	3	records/p3/flag-certificates/781127603.json
-781178147	3	3	3	records/p3/flag-certificates/781178147.json
-781204771	3	3	9	records/p3/flag-certificates/781204771.json
-781237811	3	3	3	records/p3/flag-certificates/781237811.json
-781380455	3	3	3	records/p3/flag-certificates/781380455.json
-781680979	3	3	9	records/p3/flag-certificates/781680979.json
-781775095	3	3	27	records/p3/flag-certificates/781775095.json
-781981171	3	3	3	records/p3/flag-certificates/781981171.json
-782151295	3	3	3	records/p3/flag-certificates/782151295.json
-782198903	3	3	9	records/p3/flag-certificates/782198903.json
-782206547	3	3	3	records/p3/flag-certificates/782206547.json
-782215172	3	3	3	records/p3/flag-certificates/782215172.json
-782322404	3	3	3	records/p3/flag-certificates/782322404.json
-782340536	3	3	3	records/p3/flag-certificates/782340536.json
-782358296	3	3	3	records/p3/flag-certificates/782358296.json
-782447335	3	3	3	records/p3/flag-certificates/782447335.json
-782677879	3	3	3	records/p3/flag-certificates/782677879.json
-782712727	3	3	3	records/p3/flag-certificates/782712727.json
-782948292	3	3	3	records/p3/flag-certificates/782948292.json
-782995624	3	3	3	records/p3/flag-certificates/782995624.json
-783061732	3	3	9	records/p3/flag-certificates/783061732.json
-783171563	3	3	3	records/p3/flag-certificates/783171563.json
-783191679	3	3	27	records/p3/flag-certificates/783191679.json
-783323519	3	3	3	records/p3/flag-certificates/783323519.json
-783499892	3	3	3	records/p3/flag-certificates/783499892.json
-783526904	3	3	3	records/p3/flag-certificates/783526904.json
-783738776	3	3	3	records/p3/flag-certificates/783738776.json
-783818859	3	3	3	records/p3/flag-certificates/783818859.json
-783838331	3	3	3	records/p3/flag-certificates/783838331.json
-783840515	3	3	3	records/p3/flag-certificates/783840515.json
-783887752	3	3	3	records/p3/flag-certificates/783887752.json
-784069463	3	3	3	records/p3/flag-certificates/784069463.json
-784173935	3	3	3	records/p3/flag-certificates/784173935.json
-784206343	3	3	3	records/p3/flag-certificates/784206343.json
-784218235	3	3	3	records/p3/flag-certificates/784218235.json
-784349647	3	3	3	records/p3/flag-certificates/784349647.json
-784491791	3	3	3	records/p3/flag-certificates/784491791.json
-784556687	3	3	3	records/p3/flag-certificates/784556687.json
-784805480	3	3	3	records/p3/flag-certificates/784805480.json
-784953787	3	3	3	records/p3/flag-certificates/784953787.json
-784989683	3	3	3	records/p3/flag-certificates/784989683.json
-785123384	3	3	3	records/p3/flag-certificates/785123384.json
-785158984	3	3	9	records/p3/flag-certificates/785158984.json
-785178599	3	3	3	records/p3/flag-certificates/785178599.json
-785208315	3	3	3	records/p3/flag-certificates/785208315.json
-785217623	3	3	3	records/p3/flag-certificates/785217623.json
-785269527	3	3	3	records/p3/flag-certificates/785269527.json
-785444567	3	3	3	records/p3/flag-certificates/785444567.json
-785445096	3	3	3	records/p3/flag-certificates/785445096.json
-785634664	3	3	3	records/p3/flag-certificates/785634664.json
-785650655	3	3	3	records/p3/flag-certificates/785650655.json
-785698987	3	3	3	records/p3/flag-certificates/785698987.json
-785699448	3	3	3	records/p3/flag-certificates/785699448.json
-785803335	3	3	3	records/p3/flag-certificates/785803335.json
-785808327	3	3	3	records/p3/flag-certificates/785808327.json
-785827195	3	3	3	records/p3/flag-certificates/785827195.json
-785873383	3	3	3	records/p3/flag-certificates/785873383.json
-785908847	3	3	3	records/p3/flag-certificates/785908847.json
-785916628	3	3	3	records/p3/flag-certificates/785916628.json
-785960107	3	3	3	records/p3/flag-certificates/785960107.json
-785986664	3	3	3	records/p3/flag-certificates/785986664.json
-786075364	3	3	3	records/p3/flag-certificates/786075364.json
-786149699	3	3	3	records/p3/flag-certificates/786149699.json
-786255684	3	3	3	records/p3/flag-certificates/786255684.json
-786596232	3	3	3	records/p3/flag-certificates/786596232.json
-786605591	3	3	3	records/p3/flag-certificates/786605591.json
-786840259	3	3	3	records/p3/flag-certificates/786840259.json
-786864648	3	3	3	records/p3/flag-certificates/786864648.json
-786922456	3	3	3	records/p3/flag-certificates/786922456.json
-786952543	3	3	3	records/p3/flag-certificates/786952543.json
-787027992	3	3	3	records/p3/flag-certificates/787027992.json
-787059655	3	3	3	records/p3/flag-certificates/787059655.json
-787200964	3	3	3	records/p3/flag-certificates/787200964.json
-787257220	3	3	3	records/p3/flag-certificates/787257220.json
-787265995	3	3	3	records/p3/flag-certificates/787265995.json
-787326783	3	3	3	records/p3/flag-certificates/787326783.json
-787352408	3	3	3	records/p3/flag-certificates/787352408.json
-787373527	3	3	3	records/p3/flag-certificates/787373527.json
-787469412	3	3	3	records/p3/flag-certificates/787469412.json
-787477587	3	3	3	records/p3/flag-certificates/787477587.json
-787635876	3	3	3	records/p3/flag-certificates/787635876.json
-787912203	3	3	9	records/p3/flag-certificates/787912203.json
-788000644	3	3	3	records/p3/flag-certificates/788000644.json
-788041195	3	3	9	records/p3/flag-certificates/788041195.json
-788243411	3	3	3	records/p3/flag-certificates/788243411.json
-788252856	3	3	9	records/p3/flag-certificates/788252856.json
-788273911	3	3	3	records/p3/flag-certificates/788273911.json
-788333919	3	3	3	records/p3/flag-certificates/788333919.json
-788385172	3	3	3	records/p3/flag-certificates/788385172.json
-788407880	3	3	243	records/p3/flag-certificates/788407880.json
-788504948	3	3	3	records/p3/flag-certificates/788504948.json
-788514943	3	3	3	records/p3/flag-certificates/788514943.json
-788530151	3	3	9	records/p3/flag-certificates/788530151.json
-788574587	3	3	9	records/p3/flag-certificates/788574587.json
-788640356	3	3	3	records/p3/flag-certificates/788640356.json
-788831236	3	3	9	records/p3/flag-certificates/788831236.json
-789070980	3	3	3	records/p3/flag-certificates/789070980.json
-789119403	3	3	3	records/p3/flag-certificates/789119403.json
-789196456	3	3	3	records/p3/flag-certificates/789196456.json
-789363271	3	3	3	records/p3/flag-certificates/789363271.json
-789427295	3	3	3	records/p3/flag-certificates/789427295.json
-789614179	3	3	3	records/p3/flag-certificates/789614179.json
-789649204	3	3	3	records/p3/flag-certificates/789649204.json
-789654424	3	3	3	records/p3/flag-certificates/789654424.json
-789680507	3	3	3	records/p3/flag-certificates/789680507.json
-789732591	3	3	3	records/p3/flag-certificates/789732591.json
-789744287	3	3	9	records/p3/flag-certificates/789744287.json
-790336376	3	3	27	records/p3/flag-certificates/790336376.json
-790378779	3	3	3	records/p3/flag-certificates/790378779.json
-790422663	3	3	3	records/p3/flag-certificates/790422663.json
-790434195	3	3	3	records/p3/flag-certificates/790434195.json
-790457347	3	3	3	records/p3/flag-certificates/790457347.json
-790461507	3	3	3	records/p3/flag-certificates/790461507.json
-790531591	3	3	3	records/p3/flag-certificates/790531591.json
-790579695	3	3	3	records/p3/flag-certificates/790579695.json
-790735943	3	3	9	records/p3/flag-certificates/790735943.json
-791065336	3	3	3	records/p3/flag-certificates/791065336.json
-791071679	3	3	3	records/p3/flag-certificates/791071679.json
-791078039	3	3	3	records/p3/flag-certificates/791078039.json
-791106536	3	3	81	records/p3/flag-certificates/791106536.json
-791207092	3	3	3	records/p3/flag-certificates/791207092.json
-791266907	3	3	3	records/p3/flag-certificates/791266907.json
-791273783	3	3	3	records/p3/flag-certificates/791273783.json
-791336607	3	3	9	records/p3/flag-certificates/791336607.json
-791346259	3	3	3	records/p3/flag-certificates/791346259.json
-791430607	3	3	3	records/p3/flag-certificates/791430607.json
-791525039	3	3	3	records/p3/flag-certificates/791525039.json
-791657188	3	3	9	records/p3/flag-certificates/791657188.json
-791713967	3	3	3	records/p3/flag-certificates/791713967.json
-791718483	3	3	3	records/p3/flag-certificates/791718483.json
-791720527	3	3	3	records/p3/flag-certificates/791720527.json
-791737795	3	3	3	records/p3/flag-certificates/791737795.json
-791822984	3	3	3	records/p3/flag-certificates/791822984.json
-791847087	3	3	3	records/p3/flag-certificates/791847087.json
-792162539	3	3	3	records/p3/flag-certificates/792162539.json
-792339187	3	3	3	records/p3/flag-certificates/792339187.json
-792479931	3	3	3	records/p3/flag-certificates/792479931.json
-792534035	3	3	9	records/p3/flag-certificates/792534035.json
-792556547	3	3	3	records/p3/flag-certificates/792556547.json
-792581855	3	3	3	records/p3/flag-certificates/792581855.json
-792592387	3	3	3	records/p3/flag-certificates/792592387.json
-792680863	3	3	3	records/p3/flag-certificates/792680863.json
-792811063	3	3	3	records/p3/flag-certificates/792811063.json
-792839336	3	3	3	records/p3/flag-certificates/792839336.json
-792868607	3	3	3	records/p3/flag-certificates/792868607.json
-792948356	3	3	3	records/p3/flag-certificates/792948356.json
-793037095	3	3	3	records/p3/flag-certificates/793037095.json
-793212776	3	3	3	records/p3/flag-certificates/793212776.json
-793231707	3	3	3	records/p3/flag-certificates/793231707.json
-793237487	3	3	3	records/p3/flag-certificates/793237487.json
-793375591	3	3	3	records/p3/flag-certificates/793375591.json
-793424244	3	3	3	records/p3/flag-certificates/793424244.json
-793487507	3	3	3	records/p3/flag-certificates/793487507.json
-793543124	3	3	3	records/p3/flag-certificates/793543124.json
-794122807	3	3	3	records/p3/flag-certificates/794122807.json
-794127119	3	3	3	records/p3/flag-certificates/794127119.json
-794228515	3	3	3	records/p3/flag-certificates/794228515.json
-794362676	3	3	3	records/p3/flag-certificates/794362676.json
-794481672	3	3	9	records/p3/flag-certificates/794481672.json
-795127672	3	3	729	records/p3/flag-certificates/795127672.json
-795306068	3	3	3	records/p3/flag-certificates/795306068.json
-795444904	3	3	9	records/p3/flag-certificates/795444904.json
-795629191	3	3	3	records/p3/flag-certificates/795629191.json
-795663119	3	3	3	records/p3/flag-certificates/795663119.json
-795696855	3	3	27	records/p3/flag-certificates/795696855.json
-795830955	3	3	3	records/p3/flag-certificates/795830955.json
-795842383	3	3	3	records/p3/flag-certificates/795842383.json
-795865403	3	3	3	records/p3/flag-certificates/795865403.json
-795943239	3	3	3	records/p3/flag-certificates/795943239.json
-795958568	3	3	3	records/p3/flag-certificates/795958568.json
-796240091	3	3	3	records/p3/flag-certificates/796240091.json
-796266751	3	3	3	records/p3/flag-certificates/796266751.json
-796342712	3	3	3	records/p3/flag-certificates/796342712.json
-796345711	3	3	3	records/p3/flag-certificates/796345711.json
-796424855	3	3	3	records/p3/flag-certificates/796424855.json
-796574399	3	3	9	records/p3/flag-certificates/796574399.json
-796587112	3	3	3	records/p3/flag-certificates/796587112.json
-796650067	3	3	3	records/p3/flag-certificates/796650067.json
-796681652	3	3	3	records/p3/flag-certificates/796681652.json
-796755347	3	3	3	records/p3/flag-certificates/796755347.json
-796771496	3	3	9	records/p3/flag-certificates/796771496.json
-796841907	3	3	3	records/p3/flag-certificates/796841907.json
-796921624	3	3	3	records/p3/flag-certificates/796921624.json
-797118115	3	3	3	records/p3/flag-certificates/797118115.json
-797208279	3	3	9	records/p3/flag-certificates/797208279.json
-797211191	3	3	3	records/p3/flag-certificates/797211191.json
-797338859	3	3	9	records/p3/flag-certificates/797338859.json
-797361627	3	3	3	records/p3/flag-certificates/797361627.json
-797763752	3	3	9	records/p3/flag-certificates/797763752.json
-797764795	3	3	3	records/p3/flag-certificates/797764795.json
-797767048	3	3	3	records/p3/flag-certificates/797767048.json
-797794663	3	3	3	records/p3/flag-certificates/797794663.json
-797873007	3	3	3	records/p3/flag-certificates/797873007.json
-797905448	3	3	3	records/p3/flag-certificates/797905448.json
-797912499	3	3	3	records/p3/flag-certificates/797912499.json
-798020435	3	3	3	records/p3/flag-certificates/798020435.json
-798114671	3	3	3	records/p3/flag-certificates/798114671.json
-798524328	3	3	3	records/p3/flag-certificates/798524328.json
-798534359	3	3	3	records/p3/flag-certificates/798534359.json
-798586639	3	3	3	records/p3/flag-certificates/798586639.json
-799043579	3	3	3	records/p3/flag-certificates/799043579.json
-799247543	3	3	27	records/p3/flag-certificates/799247543.json
-799265528	3	3	9	records/p3/flag-certificates/799265528.json
-799418371	3	3	3	records/p3/flag-certificates/799418371.json
-799443172	3	3	3	records/p3/flag-certificates/799443172.json
-799616984	3	3	3	records/p3/flag-certificates/799616984.json
-799664507	3	3	3	records/p3/flag-certificates/799664507.json
-799824419	3	3	3	records/p3/flag-certificates/799824419.json
-799886980	3	3	3	records/p3/flag-certificates/799886980.json
-799989284	3	3	3	records/p3/flag-certificates/799989284.json
-800016599	3	3	3	records/p3/flag-certificates/800016599.json
-800081383	3	3	27	records/p3/flag-certificates/800081383.json
-800098539	3	3	3	records/p3/flag-certificates/800098539.json
-800104971	3	3	3	records/p3/flag-certificates/800104971.json
-800136119	3	3	3	records/p3/flag-certificates/800136119.json
-800255863	3	3	3	records/p3/flag-certificates/800255863.json
-800268632	3	3	3	records/p3/flag-certificates/800268632.json
-800323607	3	3	3	records/p3/flag-certificates/800323607.json
-800481988	3	3	3	records/p3/flag-certificates/800481988.json
-800537943	3	3	3	records/p3/flag-certificates/800537943.json
-800558123	3	3	3	records/p3/flag-certificates/800558123.json
-800561215	3	3	3	records/p3/flag-certificates/800561215.json
-800619919	3	3	3	records/p3/flag-certificates/800619919.json
-800675391	3	3	3	records/p3/flag-certificates/800675391.json
-800715512	3	3	3	records/p3/flag-certificates/800715512.json
-800719915	3	3	3	records/p3/flag-certificates/800719915.json
-800727864	3	3	3	records/p3/flag-certificates/800727864.json
-800906683	3	3	3	records/p3/flag-certificates/800906683.json
-800986856	3	3	3	records/p3/flag-certificates/800986856.json
-801038163	3	3	81	records/p3/flag-certificates/801038163.json
-801059412	3	3	3	records/p3/flag-certificates/801059412.json
-801100723	3	3	9	records/p3/flag-certificates/801100723.json
-801488692	3	3	9	records/p3/flag-certificates/801488692.json
-801573972	3	3	3	records/p3/flag-certificates/801573972.json
-801645627	3	3	3	records/p3/flag-certificates/801645627.json
-801797867	3	3	3	records/p3/flag-certificates/801797867.json
-802261131	3	3	3	records/p3/flag-certificates/802261131.json
-802309531	3	3	3	records/p3/flag-certificates/802309531.json
-802579672	3	3	3	records/p3/flag-certificates/802579672.json
-802616344	3	3	9	records/p3/flag-certificates/802616344.json
-802629848	3	3	3	records/p3/flag-certificates/802629848.json
-802676015	3	3	3	records/p3/flag-certificates/802676015.json
-802862843	3	3	3	records/p3/flag-certificates/802862843.json
-802915208	3	3	3	records/p3/flag-certificates/802915208.json
-803022395	3	3	3	records/p3/flag-certificates/803022395.json
-803026644	3	3	3	records/p3/flag-certificates/803026644.json
-803094740	3	3	3	records/p3/flag-certificates/803094740.json
-803210999	3	3	3	records/p3/flag-certificates/803210999.json
-803229704	3	3	3	records/p3/flag-certificates/803229704.json
-803339336	3	3	3	records/p3/flag-certificates/803339336.json
-803344747	3	3	3	records/p3/flag-certificates/803344747.json
-803536995	3	3	3	records/p3/flag-certificates/803536995.json
-803567831	3	3	6561	records/p3/flag-certificates/803567831.json
-803797396	3	3	3	records/p3/flag-certificates/803797396.json
-803820395	3	3	3	records/p3/flag-certificates/803820395.json
-803964027	3	3	3	records/p3/flag-certificates/803964027.json
-804080356	3	3	3	records/p3/flag-certificates/804080356.json
-804279983	3	3	3	records/p3/flag-certificates/804279983.json
-804318663	3	3	3	records/p3/flag-certificates/804318663.json
-804355608	3	3	3	records/p3/flag-certificates/804355608.json
-804463707	3	3	81	records/p3/flag-certificates/804463707.json
-804483592	3	3	3	records/p3/flag-certificates/804483592.json
-804652319	3	3	3	records/p3/flag-certificates/804652319.json
-804715915	3	3	3	records/p3/flag-certificates/804715915.json
-804775287	3	3	3	records/p3/flag-certificates/804775287.json
-804814963	3	3	3	records/p3/flag-certificates/804814963.json
-804849783	3	3	3	records/p3/flag-certificates/804849783.json
-804894071	3	3	3	records/p3/flag-certificates/804894071.json
-805016455	3	3	729	records/p3/flag-certificates/805016455.json
-805024408	3	3	3	records/p3/flag-certificates/805024408.json
-805109748	3	3	3	records/p3/flag-certificates/805109748.json
-805495379	3	3	3	records/p3/flag-certificates/805495379.json
-805520564	3	3	9	records/p3/flag-certificates/805520564.json
-805600324	3	3	3	records/p3/flag-certificates/805600324.json
-805628904	3	3	27	records/p3/flag-certificates/805628904.json
-805670239	3	3	3	records/p3/flag-certificates/805670239.json
-805721503	3	3	3	records/p3/flag-certificates/805721503.json
-805791487	3	3	3	records/p3/flag-certificates/805791487.json
-805884043	3	3	6561	records/p3/flag-certificates/805884043.json
-805907235	3	3	3	records/p3/flag-certificates/805907235.json
-805914591	3	3	27	records/p3/flag-certificates/805914591.json
-805974547	3	3	3	records/p3/flag-certificates/805974547.json
-806257147	3	3	3	records/p3/flag-certificates/806257147.json
-806462063	3	3	27	records/p3/flag-certificates/806462063.json
-806477903	3	3	3	records/p3/flag-certificates/806477903.json
-806478403	3	3	3	records/p3/flag-certificates/806478403.json
-806520628	3	3	3	records/p3/flag-certificates/806520628.json
-806554628	3	3	3	records/p3/flag-certificates/806554628.json
-806560179	3	3	3	records/p3/flag-certificates/806560179.json
-806691327	3	3	3	records/p3/flag-certificates/806691327.json
-806835479	3	3	3	records/p3/flag-certificates/806835479.json
-807053523	3	3	3	records/p3/flag-certificates/807053523.json
-807229560	3	3	9	records/p3/flag-certificates/807229560.json
-807247835	3	3	3	records/p3/flag-certificates/807247835.json
-807348603	3	3	3	records/p3/flag-certificates/807348603.json
-807354651	3	3	3	records/p3/flag-certificates/807354651.json
-807378056	3	3	3	records/p3/flag-certificates/807378056.json
-807511028	3	3	27	records/p3/flag-certificates/807511028.json
-807837235	3	3	3	records/p3/flag-certificates/807837235.json
-807875123	3	3	3	records/p3/flag-certificates/807875123.json
-808011287	3	3	3	records/p3/flag-certificates/808011287.json
-808063208	3	3	9	records/p3/flag-certificates/808063208.json
-808085299	3	3	3	records/p3/flag-certificates/808085299.json
-808220740	3	3	3	records/p3/flag-certificates/808220740.json
-808263336	3	3	3	records/p3/flag-certificates/808263336.json
-808361599	3	3	3	records/p3/flag-certificates/808361599.json
-808545539	3	3	3	records/p3/flag-certificates/808545539.json
-808569476	3	3	3	records/p3/flag-certificates/808569476.json
-808622139	3	3	3	records/p3/flag-certificates/808622139.json
-808705412	3	3	9	records/p3/flag-certificates/808705412.json
-808732628	3	3	3	records/p3/flag-certificates/808732628.json
-808790711	3	3	3	records/p3/flag-certificates/808790711.json
-808828051	3	3	3	records/p3/flag-certificates/808828051.json
-808954879	3	3	3	records/p3/flag-certificates/808954879.json
-809048011	3	3	243	records/p3/flag-certificates/809048011.json
-809092340	3	3	27	records/p3/flag-certificates/809092340.json
-809099551	3	3	3	records/p3/flag-certificates/809099551.json
-809128403	3	3	3	records/p3/flag-certificates/809128403.json
-809257715	3	3	3	records/p3/flag-certificates/809257715.json
-809272596	3	3	3	records/p3/flag-certificates/809272596.json
-809352115	3	3	3	records/p3/flag-certificates/809352115.json
-809544243	3	3	3	records/p3/flag-certificates/809544243.json
-809644367	3	3	3	records/p3/flag-certificates/809644367.json
-809736343	3	3	9	records/p3/flag-certificates/809736343.json
-809834052	3	3	3	records/p3/flag-certificates/809834052.json
-809898036	3	3	3	records/p3/flag-certificates/809898036.json
-809991691	3	3	3	records/p3/flag-certificates/809991691.json
-810007151	3	3	3	records/p3/flag-certificates/810007151.json
-810101528	3	3	3	records/p3/flag-certificates/810101528.json
-810114820	3	3	3	records/p3/flag-certificates/810114820.json
-810131187	3	3	3	records/p3/flag-certificates/810131187.json
-810274291	3	3	3	records/p3/flag-certificates/810274291.json
-810305759	3	3	3	records/p3/flag-certificates/810305759.json
-810315067	3	3	3	records/p3/flag-certificates/810315067.json
-810352023	3	3	9	records/p3/flag-certificates/810352023.json
-810367828	3	3	3	records/p3/flag-certificates/810367828.json
-810433967	3	3	3	records/p3/flag-certificates/810433967.json
-810474276	3	3	3	records/p3/flag-certificates/810474276.json
-810531179	3	3	3	records/p3/flag-certificates/810531179.json
-810659851	3	3	81	records/p3/flag-certificates/810659851.json
-810894919	3	3	3	records/p3/flag-certificates/810894919.json
-810939172	3	3	3	records/p3/flag-certificates/810939172.json
-810940020	3	3	81	records/p3/flag-certificates/810940020.json
-811131736	3	3	3	records/p3/flag-certificates/811131736.json
-811187279	3	3	3	records/p3/flag-certificates/811187279.json
-811336852	3	3	3	records/p3/flag-certificates/811336852.json
-811426387	3	3	3	records/p3/flag-certificates/811426387.json
-811505460	3	3	3	records/p3/flag-certificates/811505460.json
-811643903	3	3	3	records/p3/flag-certificates/811643903.json
-811649859	3	3	3	records/p3/flag-certificates/811649859.json
-812097508	3	3	27	records/p3/flag-certificates/812097508.json
-812245508	3	3	3	records/p3/flag-certificates/812245508.json
-812283943	3	3	9	records/p3/flag-certificates/812283943.json
-812309320	3	3	3	records/p3/flag-certificates/812309320.json
-812493332	3	3	27	records/p3/flag-certificates/812493332.json
-812583320	3	3	3	records/p3/flag-certificates/812583320.json
-812744312	3	3	3	records/p3/flag-certificates/812744312.json
-813064404	3	3	3	records/p3/flag-certificates/813064404.json
-813069220	3	3	3	records/p3/flag-certificates/813069220.json
-813173947	3	3	3	records/p3/flag-certificates/813173947.json
-813197364	3	3	3	records/p3/flag-certificates/813197364.json
-813207383	3	3	3	records/p3/flag-certificates/813207383.json
-813961108	3	3	3	records/p3/flag-certificates/813961108.json
-814024839	3	3	3	records/p3/flag-certificates/814024839.json
-814054568	3	3	3	records/p3/flag-certificates/814054568.json
-814114648	3	3	3	records/p3/flag-certificates/814114648.json
-814365811	3	3	3	records/p3/flag-certificates/814365811.json
-814390099	3	3	3	records/p3/flag-certificates/814390099.json
-814639395	3	3	3	records/p3/flag-certificates/814639395.json
-814667719	3	3	9	records/p3/flag-certificates/814667719.json
-814740504	3	3	3	records/p3/flag-certificates/814740504.json
-814781476	3	3	3	records/p3/flag-certificates/814781476.json
-814824487	3	3	3	records/p3/flag-certificates/814824487.json
-815002555	3	3	3	records/p3/flag-certificates/815002555.json
-815034939	3	3	3	records/p3/flag-certificates/815034939.json
-815098983	3	3	3	records/p3/flag-certificates/815098983.json
-815117019	3	3	3	records/p3/flag-certificates/815117019.json
-815165684	3	3	3	records/p3/flag-certificates/815165684.json
-815171815	3	3	3	records/p3/flag-certificates/815171815.json
-815180552	3	3	3	records/p3/flag-certificates/815180552.json
-815191527	3	3	3	records/p3/flag-certificates/815191527.json
-815254823	3	3	3	records/p3/flag-certificates/815254823.json
-815375739	3	3	3	records/p3/flag-certificates/815375739.json
-815441059	3	3	3	records/p3/flag-certificates/815441059.json
-815454532	3	3	9	records/p3/flag-certificates/815454532.json
-815511331	3	3	3	records/p3/flag-certificates/815511331.json
-815639519	3	3	3	records/p3/flag-certificates/815639519.json
-815754979	3	3	3	records/p3/flag-certificates/815754979.json
-815758779	3	3	3	records/p3/flag-certificates/815758779.json
-815974111	3	3	9	records/p3/flag-certificates/815974111.json
-816172948	3	3	3	records/p3/flag-certificates/816172948.json
-816479827	3	3	3	records/p3/flag-certificates/816479827.json
-816527524	3	3	3	records/p3/flag-certificates/816527524.json
-816645988	3	3	3	records/p3/flag-certificates/816645988.json
-816650331	3	3	3	records/p3/flag-certificates/816650331.json
-816752303	3	3	3	records/p3/flag-certificates/816752303.json
-816755012	3	3	3	records/p3/flag-certificates/816755012.json
-816788552	3	3	3	records/p3/flag-certificates/816788552.json
-816814435	3	3	3	records/p3/flag-certificates/816814435.json
-816925667	3	3	3	records/p3/flag-certificates/816925667.json
-817011147	3	3	3	records/p3/flag-certificates/817011147.json
-817121895	3	3	3	records/p3/flag-certificates/817121895.json
-817337163	3	3	3	records/p3/flag-certificates/817337163.json
-817375387	3	3	3	records/p3/flag-certificates/817375387.json
-817396079	3	3	3	records/p3/flag-certificates/817396079.json
-817400807	3	3	3	records/p3/flag-certificates/817400807.json
-817641211	3	3	3	records/p3/flag-certificates/817641211.json
-817864712	3	3	3	records/p3/flag-certificates/817864712.json
-817975139	3	3	3	records/p3/flag-certificates/817975139.json
-817976435	3	3	3	records/p3/flag-certificates/817976435.json
-818036503	3	3	3	records/p3/flag-certificates/818036503.json
-818225508	3	3	3	records/p3/flag-certificates/818225508.json
-818387711	3	3	3	records/p3/flag-certificates/818387711.json
-818389156	3	3	3	records/p3/flag-certificates/818389156.json
-818548827	3	3	3	records/p3/flag-certificates/818548827.json
-818625551	3	3	3	records/p3/flag-certificates/818625551.json
-818654199	3	3	3	records/p3/flag-certificates/818654199.json
-818705091	3	3	3	records/p3/flag-certificates/818705091.json
-818721439	3	3	3	records/p3/flag-certificates/818721439.json
-818750955	3	3	9	records/p3/flag-certificates/818750955.json
-818849076	3	3	3	records/p3/flag-certificates/818849076.json
-818872856	3	3	3	records/p3/flag-certificates/818872856.json
-818879711	3	3	3	records/p3/flag-certificates/818879711.json
-818882447	3	3	3	records/p3/flag-certificates/818882447.json
-819092676	3	3	3	records/p3/flag-certificates/819092676.json
-819124852	3	3	27	records/p3/flag-certificates/819124852.json
-819194727	3	3	3	records/p3/flag-certificates/819194727.json
-819228819	3	3	3	records/p3/flag-certificates/819228819.json
-819256927	3	3	3	records/p3/flag-certificates/819256927.json
-819402196	3	3	3	records/p3/flag-certificates/819402196.json
-819505767	3	3	3	records/p3/flag-certificates/819505767.json
-819509887	3	3	3	records/p3/flag-certificates/819509887.json
-819771059	3	3	3	records/p3/flag-certificates/819771059.json
-819775940	3	3	3	records/p3/flag-certificates/819775940.json
-819833251	3	3	9	records/p3/flag-certificates/819833251.json
-819862339	3	3	3	records/p3/flag-certificates/819862339.json
-820057015	3	3	3	records/p3/flag-certificates/820057015.json
-820082399	3	3	3	records/p3/flag-certificates/820082399.json
-820234355	3	3	3	records/p3/flag-certificates/820234355.json
-820403187	3	3	3	records/p3/flag-certificates/820403187.json
-820540655	3	3	3	records/p3/flag-certificates/820540655.json
-820556031	3	3	3	records/p3/flag-certificates/820556031.json
-820583851	3	3	3	records/p3/flag-certificates/820583851.json
-820593208	3	3	3	records/p3/flag-certificates/820593208.json
-820631747	3	3	3	records/p3/flag-certificates/820631747.json
-820634795	3	3	9	records/p3/flag-certificates/820634795.json
-820710692	3	3	3	records/p3/flag-certificates/820710692.json
-820784903	3	3	3	records/p3/flag-certificates/820784903.json
-820837087	3	3	27	records/p3/flag-certificates/820837087.json
-820845064	3	3	9	records/p3/flag-certificates/820845064.json
-820925059	3	3	3	records/p3/flag-certificates/820925059.json
-821143739	3	3	3	records/p3/flag-certificates/821143739.json
-821259588	3	3	3	records/p3/flag-certificates/821259588.json
-821503151	3	3	3	records/p3/flag-certificates/821503151.json
-821530039	3	3	3	records/p3/flag-certificates/821530039.json
-821531976	3	3	3	records/p3/flag-certificates/821531976.json
-821553380	3	3	3	records/p3/flag-certificates/821553380.json
-821609060	3	3	3	records/p3/flag-certificates/821609060.json
-821641267	3	3	3	records/p3/flag-certificates/821641267.json
-821656903	3	3	3	records/p3/flag-certificates/821656903.json
-821681480	3	3	3	records/p3/flag-certificates/821681480.json
-821806555	3	3	3	records/p3/flag-certificates/821806555.json
-821822843	3	3	3	records/p3/flag-certificates/821822843.json
-821843304	3	3	3	records/p3/flag-certificates/821843304.json
-821946911	3	3	243	records/p3/flag-certificates/821946911.json
-821966711	3	3	3	records/p3/flag-certificates/821966711.json
-821968807	3	3	3	records/p3/flag-certificates/821968807.json
-822068751	3	3	3	records/p3/flag-certificates/822068751.json
-822264771	3	3	3	records/p3/flag-certificates/822264771.json
-822278708	3	3	3	records/p3/flag-certificates/822278708.json
-822316647	3	3	3	records/p3/flag-certificates/822316647.json
-822317835	3	3	3	records/p3/flag-certificates/822317835.json
-822385219	3	3	3	records/p3/flag-certificates/822385219.json
-822472303	3	3	3	records/p3/flag-certificates/822472303.json
-822482939	3	3	3	records/p3/flag-certificates/822482939.json
-822585283	3	3	3	records/p3/flag-certificates/822585283.json
-822585763	3	3	3	records/p3/flag-certificates/822585763.json
-822634283	3	3	3	records/p3/flag-certificates/822634283.json
-822880259	3	3	3	records/p3/flag-certificates/822880259.json
-822906071	3	3	3	records/p3/flag-certificates/822906071.json
-822907283	3	3	3	records/p3/flag-certificates/822907283.json
-823015383	3	3	3	records/p3/flag-certificates/823015383.json
-823053963	3	3	3	records/p3/flag-certificates/823053963.json
-823112727	3	3	3	records/p3/flag-certificates/823112727.json
-823120951	3	3	3	records/p3/flag-certificates/823120951.json
-823165748	3	3	3	records/p3/flag-certificates/823165748.json
-823168247	3	3	3	records/p3/flag-certificates/823168247.json
-823178803	3	3	3	records/p3/flag-certificates/823178803.json
-823487124	3	3	3	records/p3/flag-certificates/823487124.json
-823530955	3	3	9	records/p3/flag-certificates/823530955.json
-823607220	3	3	3	records/p3/flag-certificates/823607220.json
-823652639	3	3	3	records/p3/flag-certificates/823652639.json
-823991127	3	3	3	records/p3/flag-certificates/823991127.json
-824036055	3	3	3	records/p3/flag-certificates/824036055.json
-824103247	3	3	3	records/p3/flag-certificates/824103247.json
-824109167	3	3	3	records/p3/flag-certificates/824109167.json
-824326647	3	3	3	records/p3/flag-certificates/824326647.json
-824341579	3	3	81	records/p3/flag-certificates/824341579.json
-824420567	3	3	3	records/p3/flag-certificates/824420567.json
-824514407	3	3	3	records/p3/flag-certificates/824514407.json
-824561303	3	3	3	records/p3/flag-certificates/824561303.json
-824615636	3	3	3	records/p3/flag-certificates/824615636.json
-824757091	3	3	3	records/p3/flag-certificates/824757091.json
-824849912	3	3	3	records/p3/flag-certificates/824849912.json
-824861204	3	3	3	records/p3/flag-certificates/824861204.json
-824930488	3	3	3	records/p3/flag-certificates/824930488.json
-825113315	3	3	3	records/p3/flag-certificates/825113315.json
-825190724	3	3	3	records/p3/flag-certificates/825190724.json
-825271016	3	3	3	records/p3/flag-certificates/825271016.json
-825296244	3	3	3	records/p3/flag-certificates/825296244.json
-825300771	3	3	3	records/p3/flag-certificates/825300771.json
-825348815	3	3	27	records/p3/flag-certificates/825348815.json
-825769380	3	3	3	records/p3/flag-certificates/825769380.json
-825809912	3	3	3	records/p3/flag-certificates/825809912.json
-825837439	3	3	3	records/p3/flag-certificates/825837439.json
-825849128	3	3	3	records/p3/flag-certificates/825849128.json
-825907780	3	3	3	records/p3/flag-certificates/825907780.json
-825956644	3	3	3	records/p3/flag-certificates/825956644.json
-826017527	3	3	9	records/p3/flag-certificates/826017527.json
-826069544	3	3	3	records/p3/flag-certificates/826069544.json
-826083931	3	3	3	records/p3/flag-certificates/826083931.json
-826243259	3	3	3	records/p3/flag-certificates/826243259.json
-826244548	3	3	3	records/p3/flag-certificates/826244548.json
-826471732	3	3	27	records/p3/flag-certificates/826471732.json
-826618207	3	3	3	records/p3/flag-certificates/826618207.json
-826786963	3	3	3	records/p3/flag-certificates/826786963.json
-826883096	3	3	3	records/p3/flag-certificates/826883096.json
-826906468	3	3	3	records/p3/flag-certificates/826906468.json
-826925684	3	3	3	records/p3/flag-certificates/826925684.json
-826969492	3	3	3	records/p3/flag-certificates/826969492.json
-827178931	3	3	9	records/p3/flag-certificates/827178931.json
-827201651	3	3	3	records/p3/flag-certificates/827201651.json
-827282867	3	3	3	records/p3/flag-certificates/827282867.json
-827408247	3	3	3	records/p3/flag-certificates/827408247.json
-827507451	3	3	3	records/p3/flag-certificates/827507451.json
-827716360	3	3	3	records/p3/flag-certificates/827716360.json
-827722803	3	3	3	records/p3/flag-certificates/827722803.json
-827752171	3	3	9	records/p3/flag-certificates/827752171.json
-827859439	3	3	9	records/p3/flag-certificates/827859439.json
-827898564	3	3	3	records/p3/flag-certificates/827898564.json
-827909095	3	3	9	records/p3/flag-certificates/827909095.json
-827915795	3	3	3	records/p3/flag-certificates/827915795.json
-828045583	3	3	9	records/p3/flag-certificates/828045583.json
-828148155	3	3	3	records/p3/flag-certificates/828148155.json
-828327279	3	3	3	records/p3/flag-certificates/828327279.json
-828352499	3	3	3	records/p3/flag-certificates/828352499.json
-828471503	3	3	3	records/p3/flag-certificates/828471503.json
-828666407	3	3	3	records/p3/flag-certificates/828666407.json
-828789487	3	3	3	records/p3/flag-certificates/828789487.json
-828822819	3	3	3	records/p3/flag-certificates/828822819.json
-828922616	3	3	3	records/p3/flag-certificates/828922616.json
-829058043	3	3	3	records/p3/flag-certificates/829058043.json
-829089659	3	3	3	records/p3/flag-certificates/829089659.json
-829314871	3	3	3	records/p3/flag-certificates/829314871.json
-829454387	3	3	3	records/p3/flag-certificates/829454387.json
-829601239	3	3	3	records/p3/flag-certificates/829601239.json
-829602923	3	3	81	records/p3/flag-certificates/829602923.json
-829984868	3	3	3	records/p3/flag-certificates/829984868.json
-830152263	3	3	3	records/p3/flag-certificates/830152263.json
-830184351	3	3	3	records/p3/flag-certificates/830184351.json
-830252040	3	3	3	records/p3/flag-certificates/830252040.json
-830486479	3	3	3	records/p3/flag-certificates/830486479.json
-830674219	3	3	3	records/p3/flag-certificates/830674219.json
-830675063	3	3	3	records/p3/flag-certificates/830675063.json
-830805131	3	3	3	records/p3/flag-certificates/830805131.json
-830859251	3	3	3	records/p3/flag-certificates/830859251.json
-830859587	3	3	3	records/p3/flag-certificates/830859587.json
-830890312	3	3	3	records/p3/flag-certificates/830890312.json
-830897231	3	3	3	records/p3/flag-certificates/830897231.json
-830943208	3	3	9	records/p3/flag-certificates/830943208.json
-830943823	3	3	3	records/p3/flag-certificates/830943823.json
-831065063	3	3	3	records/p3/flag-certificates/831065063.json
-831188040	3	3	243	records/p3/flag-certificates/831188040.json
-831330919	3	3	9	records/p3/flag-certificates/831330919.json
-831411563	3	3	3	records/p3/flag-certificates/831411563.json
-831460399	3	3	3	records/p3/flag-certificates/831460399.json
-831539307	3	3	3	records/p3/flag-certificates/831539307.json
-831571603	3	3	3	records/p3/flag-certificates/831571603.json
-831691223	3	3	3	records/p3/flag-certificates/831691223.json
-831825032	3	3	3	records/p3/flag-certificates/831825032.json
-831912744	3	3	3	records/p3/flag-certificates/831912744.json
-831953543	3	3	3	records/p3/flag-certificates/831953543.json
-832168799	3	3	3	records/p3/flag-certificates/832168799.json
-832422763	3	3	9	records/p3/flag-certificates/832422763.json
-832457103	3	3	3	records/p3/flag-certificates/832457103.json
-832626787	3	3	3	records/p3/flag-certificates/832626787.json
-832739827	3	3	27	records/p3/flag-certificates/832739827.json
-832747108	3	3	3	records/p3/flag-certificates/832747108.json
-832763883	3	3	3	records/p3/flag-certificates/832763883.json
-832849823	3	3	3	records/p3/flag-certificates/832849823.json
-832874532	3	3	3	records/p3/flag-certificates/832874532.json
-832905923	3	3	3	records/p3/flag-certificates/832905923.json
-832975908	3	3	3	records/p3/flag-certificates/832975908.json
-832990840	3	3	3	records/p3/flag-certificates/832990840.json
-833087284	3	3	3	records/p3/flag-certificates/833087284.json
-833206955	3	3	3	records/p3/flag-certificates/833206955.json
-833313464	3	3	3	records/p3/flag-certificates/833313464.json
-833363203	3	3	3	records/p3/flag-certificates/833363203.json
-833364424	3	3	3	records/p3/flag-certificates/833364424.json
-833384903	3	3	3	records/p3/flag-certificates/833384903.json
-833446631	3	3	3	records/p3/flag-certificates/833446631.json
-833450459	3	3	3	records/p3/flag-certificates/833450459.json
-833490535	3	3	9	records/p3/flag-certificates/833490535.json
-833527399	3	3	3	records/p3/flag-certificates/833527399.json
-833603739	3	3	3	records/p3/flag-certificates/833603739.json
-833611640	3	3	3	records/p3/flag-certificates/833611640.json
-833740539	3	3	3	records/p3/flag-certificates/833740539.json
-833752843	3	3	3	records/p3/flag-certificates/833752843.json
-833754824	3	3	3	records/p3/flag-certificates/833754824.json
-833855556	3	3	3	records/p3/flag-certificates/833855556.json
-833896631	3	3	9	records/p3/flag-certificates/833896631.json
-833937727	3	3	3	records/p3/flag-certificates/833937727.json
-833947283	3	3	3	records/p3/flag-certificates/833947283.json
-833971819	3	3	3	records/p3/flag-certificates/833971819.json
-834069631	3	3	3	records/p3/flag-certificates/834069631.json
-834084751	3	3	3	records/p3/flag-certificates/834084751.json
-834105499	3	3	3	records/p3/flag-certificates/834105499.json
-834227288	3	3	3	records/p3/flag-certificates/834227288.json
-834277395	3	3	3	records/p3/flag-certificates/834277395.json
-834458068	3	3	3	records/p3/flag-certificates/834458068.json
-834540703	3	3	3	records/p3/flag-certificates/834540703.json
-834669131	3	3	3	records/p3/flag-certificates/834669131.json
-834696051	3	3	3	records/p3/flag-certificates/834696051.json
-834813899	3	3	3	records/p3/flag-certificates/834813899.json
-834914543	3	3	3	records/p3/flag-certificates/834914543.json
-835030607	3	3	3	records/p3/flag-certificates/835030607.json
-835032487	3	3	27	records/p3/flag-certificates/835032487.json
-835134987	3	3	3	records/p3/flag-certificates/835134987.json
-835189827	3	3	3	records/p3/flag-certificates/835189827.json
-835202819	3	3	3	records/p3/flag-certificates/835202819.json
-835550071	3	3	3	records/p3/flag-certificates/835550071.json
-835562707	3	3	3	records/p3/flag-certificates/835562707.json
-835670031	3	3	3	records/p3/flag-certificates/835670031.json
-835801364	3	3	3	records/p3/flag-certificates/835801364.json
-835867736	3	3	3	records/p3/flag-certificates/835867736.json
-835925971	3	3	9	records/p3/flag-certificates/835925971.json
-836562919	3	3	9	records/p3/flag-certificates/836562919.json
-836727231	3	3	3	records/p3/flag-certificates/836727231.json
-836873639	3	3	3	records/p3/flag-certificates/836873639.json
-837061208	3	3	3	records/p3/flag-certificates/837061208.json
-837071848	3	3	3	records/p3/flag-certificates/837071848.json
-837079480	3	3	3	records/p3/flag-certificates/837079480.json
-837184520	3	3	3	records/p3/flag-certificates/837184520.json
-837287951	3	3	9	records/p3/flag-certificates/837287951.json
-837288104	3	3	3	records/p3/flag-certificates/837288104.json
-837423967	3	3	3	records/p3/flag-certificates/837423967.json
-837442484	3	3	3	records/p3/flag-certificates/837442484.json
-837452723	3	3	3	records/p3/flag-certificates/837452723.json
-837638619	3	3	3	records/p3/flag-certificates/837638619.json
-837672643	3	3	3	records/p3/flag-certificates/837672643.json
-837751807	3	3	3	records/p3/flag-certificates/837751807.json
-837760387	3	3	3	records/p3/flag-certificates/837760387.json
-837764943	3	3	3	records/p3/flag-certificates/837764943.json
-837806916	3	3	3	records/p3/flag-certificates/837806916.json
-837913592	3	3	3	records/p3/flag-certificates/837913592.json
-837995455	3	3	3	records/p3/flag-certificates/837995455.json
-838269667	3	3	3	records/p3/flag-certificates/838269667.json
-838344607	3	3	3	records/p3/flag-certificates/838344607.json
-838422971	3	3	3	records/p3/flag-certificates/838422971.json
-838651739	3	3	9	records/p3/flag-certificates/838651739.json
-838988627	3	3	3	records/p3/flag-certificates/838988627.json
-838994887	3	3	3	records/p3/flag-certificates/838994887.json
-839042024	3	3	3	records/p3/flag-certificates/839042024.json
-839364980	3	3	3	records/p3/flag-certificates/839364980.json
-839409007	3	3	3	records/p3/flag-certificates/839409007.json
-839491928	3	3	3	records/p3/flag-certificates/839491928.json
-839635764	3	3	3	records/p3/flag-certificates/839635764.json
-839869144	3	3	3	records/p3/flag-certificates/839869144.json
-839948027	3	3	9	records/p3/flag-certificates/839948027.json
-839951515	3	3	3	records/p3/flag-certificates/839951515.json
-840057031	3	3	3	records/p3/flag-certificates/840057031.json
-840141460	3	3	3	records/p3/flag-certificates/840141460.json
-840286463	3	3	3	records/p3/flag-certificates/840286463.json
-840302387	3	3	3	records/p3/flag-certificates/840302387.json
-840385595	3	3	3	records/p3/flag-certificates/840385595.json
-840428983	3	3	3	records/p3/flag-certificates/840428983.json
-840492319	3	3	9	records/p3/flag-certificates/840492319.json
-840568324	3	3	3	records/p3/flag-certificates/840568324.json
-840583203	3	3	3	records/p3/flag-certificates/840583203.json
-840588036	3	3	3	records/p3/flag-certificates/840588036.json
-840828011	3	3	3	records/p3/flag-certificates/840828011.json
-840840116	3	3	27	records/p3/flag-certificates/840840116.json
-840871927	3	3	27	records/p3/flag-certificates/840871927.json
-840928091	3	3	3	records/p3/flag-certificates/840928091.json
-840988936	3	3	3	records/p3/flag-certificates/840988936.json
-841084539	3	3	3	records/p3/flag-certificates/841084539.json
-841105448	3	3	3	records/p3/flag-certificates/841105448.json
-841519927	3	3	3	records/p3/flag-certificates/841519927.json
-841622827	3	3	3	records/p3/flag-certificates/841622827.json
-841626803	3	3	3	records/p3/flag-certificates/841626803.json
-841658196	3	3	3	records/p3/flag-certificates/841658196.json
-841721236	3	3	3	records/p3/flag-certificates/841721236.json
-841789192	3	3	3	records/p3/flag-certificates/841789192.json
-841884979	3	3	3	records/p3/flag-certificates/841884979.json
-841926696	3	3	3	records/p3/flag-certificates/841926696.json
-841962319	3	3	3	records/p3/flag-certificates/841962319.json
-842017171	3	3	81	records/p3/flag-certificates/842017171.json
-842088116	3	3	3	records/p3/flag-certificates/842088116.json
-842151755	3	3	3	records/p3/flag-certificates/842151755.json
-842422831	3	3	3	records/p3/flag-certificates/842422831.json
-842432407	3	3	3	records/p3/flag-certificates/842432407.json
-842500931	3	3	3	records/p3/flag-certificates/842500931.json
-842636543	3	3	3	records/p3/flag-certificates/842636543.json
-842796179	3	3	3	records/p3/flag-certificates/842796179.json
-842803751	3	3	3	records/p3/flag-certificates/842803751.json
-842850628	3	3	3	records/p3/flag-certificates/842850628.json
-842871304	3	3	3	records/p3/flag-certificates/842871304.json
-842924459	3	3	9	records/p3/flag-certificates/842924459.json
-843127307	3	3	3	records/p3/flag-certificates/843127307.json
-843170099	3	3	3	records/p3/flag-certificates/843170099.json
-843324083	3	3	3	records/p3/flag-certificates/843324083.json
-843465551	3	3	3	records/p3/flag-certificates/843465551.json
-843640291	3	3	3	records/p3/flag-certificates/843640291.json
-843670103	3	3	3	records/p3/flag-certificates/843670103.json
-843682627	3	3	3	records/p3/flag-certificates/843682627.json
-843695687	3	3	3	records/p3/flag-certificates/843695687.json
-843952643	3	3	3	records/p3/flag-certificates/843952643.json
-843976559	3	3	3	records/p3/flag-certificates/843976559.json
-844181428	3	3	3	records/p3/flag-certificates/844181428.json
-844189279	3	3	3	records/p3/flag-certificates/844189279.json
-844204739	3	3	3	records/p3/flag-certificates/844204739.json
-844297295	3	3	3	records/p3/flag-certificates/844297295.json
-844330003	3	3	3	records/p3/flag-certificates/844330003.json
-844359224	3	3	3	records/p3/flag-certificates/844359224.json
-844506383	3	3	3	records/p3/flag-certificates/844506383.json
-844595131	3	3	3	records/p3/flag-certificates/844595131.json
-844655739	3	3	3	records/p3/flag-certificates/844655739.json
-844659652	3	3	3	records/p3/flag-certificates/844659652.json
-844705219	3	3	9	records/p3/flag-certificates/844705219.json
-844765076	3	3	3	records/p3/flag-certificates/844765076.json
-844782767	3	3	3	records/p3/flag-certificates/844782767.json
-844913251	3	3	3	records/p3/flag-certificates/844913251.json
-844970251	3	3	9	records/p3/flag-certificates/844970251.json
-845269403	3	3	3	records/p3/flag-certificates/845269403.json
-845294863	3	3	3	records/p3/flag-certificates/845294863.json
-845311560	3	3	3	records/p3/flag-certificates/845311560.json
-845406919	3	3	3	records/p3/flag-certificates/845406919.json
-845449912	3	3	3	records/p3/flag-certificates/845449912.json
-845656239	3	3	3	records/p3/flag-certificates/845656239.json
-845697847	3	3	3	records/p3/flag-certificates/845697847.json
-845784627	3	3	3	records/p3/flag-certificates/845784627.json
-845888207	3	3	3	records/p3/flag-certificates/845888207.json
-845953087	3	3	3	records/p3/flag-certificates/845953087.json
-846196619	3	3	3	records/p3/flag-certificates/846196619.json
-846300392	3	3	3	records/p3/flag-certificates/846300392.json
-846357359	3	3	3	records/p3/flag-certificates/846357359.json
-846521608	3	3	9	records/p3/flag-certificates/846521608.json
-846543668	3	3	3	records/p3/flag-certificates/846543668.json
-846587095	3	3	729	records/p3/flag-certificates/846587095.json
-846609423	3	3	9	records/p3/flag-certificates/846609423.json
-846674995	3	3	3	records/p3/flag-certificates/846674995.json
-846751691	3	3	3	records/p3/flag-certificates/846751691.json
-846868679	3	3	9	records/p3/flag-certificates/846868679.json
-847034807	3	3	9	records/p3/flag-certificates/847034807.json
-847255303	3	3	3	records/p3/flag-certificates/847255303.json
-847285851	3	3	3	records/p3/flag-certificates/847285851.json
-847422008	3	3	3	records/p3/flag-certificates/847422008.json
-847456411	3	3	3	records/p3/flag-certificates/847456411.json
-847628519	3	3	3	records/p3/flag-certificates/847628519.json
-847808699	3	3	3	records/p3/flag-certificates/847808699.json
-847843019	3	3	3	records/p3/flag-certificates/847843019.json
-847924855	3	3	3	records/p3/flag-certificates/847924855.json
-847952371	3	3	3	records/p3/flag-certificates/847952371.json
-848017783	3	3	3	records/p3/flag-certificates/848017783.json
-848144647	3	3	3	records/p3/flag-certificates/848144647.json
-848502392	3	3	3	records/p3/flag-certificates/848502392.json
-848529551	3	3	3	records/p3/flag-certificates/848529551.json
-848659107	3	3	3	records/p3/flag-certificates/848659107.json
-848784911	3	3	3	records/p3/flag-certificates/848784911.json
-848882479	3	3	3	records/p3/flag-certificates/848882479.json
-848915764	3	3	3	records/p3/flag-certificates/848915764.json
-848921044	3	3	3	records/p3/flag-certificates/848921044.json
-848948467	3	3	3	records/p3/flag-certificates/848948467.json
-849060859	3	3	3	records/p3/flag-certificates/849060859.json
-849129604	3	3	3	records/p3/flag-certificates/849129604.json
-849130667	3	3	3	records/p3/flag-certificates/849130667.json
-849235076	3	3	3	records/p3/flag-certificates/849235076.json
-849332335	3	3	81	records/p3/flag-certificates/849332335.json
-849602548	3	3	9	records/p3/flag-certificates/849602548.json
-849665659	3	3	3	records/p3/flag-certificates/849665659.json
-849702443	3	3	3	records/p3/flag-certificates/849702443.json
-849793667	3	3	9	records/p3/flag-certificates/849793667.json
-849843291	3	3	3	records/p3/flag-certificates/849843291.json
-849908335	3	3	3	records/p3/flag-certificates/849908335.json
-849911347	3	3	3	records/p3/flag-certificates/849911347.json
-850058943	3	3	3	records/p3/flag-certificates/850058943.json
-850107399	3	3	3	records/p3/flag-certificates/850107399.json
-850115507	3	3	3	records/p3/flag-certificates/850115507.json
-850201060	3	3	3	records/p3/flag-certificates/850201060.json
-850329139	3	3	3	records/p3/flag-certificates/850329139.json
-850446899	3	3	3	records/p3/flag-certificates/850446899.json
-850468719	3	3	3	records/p3/flag-certificates/850468719.json
-850534888	3	3	3	records/p3/flag-certificates/850534888.json
-850543556	3	3	3	records/p3/flag-certificates/850543556.json
-850576359	3	3	3	records/p3/flag-certificates/850576359.json
-850583460	3	3	3	records/p3/flag-certificates/850583460.json
-850719003	3	3	3	records/p3/flag-certificates/850719003.json
-850750987	3	3	9	records/p3/flag-certificates/850750987.json
-850787124	3	3	3	records/p3/flag-certificates/850787124.json
-850862296	3	3	3	records/p3/flag-certificates/850862296.json
-850888952	3	3	3	records/p3/flag-certificates/850888952.json
-851106324	3	3	3	records/p3/flag-certificates/851106324.json
-851154415	3	3	3	records/p3/flag-certificates/851154415.json
-851205336	3	3	27	records/p3/flag-certificates/851205336.json
-851267839	3	3	3	records/p3/flag-certificates/851267839.json
-851268247	3	3	3	records/p3/flag-certificates/851268247.json
-851349767	3	3	3	records/p3/flag-certificates/851349767.json
-851360615	3	3	3	records/p3/flag-certificates/851360615.json
-851395352	3	3	3	records/p3/flag-certificates/851395352.json
-851406067	3	3	81	records/p3/flag-certificates/851406067.json
-851615891	3	3	3	records/p3/flag-certificates/851615891.json
-851670563	3	3	3	records/p3/flag-certificates/851670563.json
-851726420	3	3	9	records/p3/flag-certificates/851726420.json
-851794420	3	3	3	records/p3/flag-certificates/851794420.json
-851870651	3	3	3	records/p3/flag-certificates/851870651.json
-852076011	3	3	3	records/p3/flag-certificates/852076011.json
-852167476	3	3	3	records/p3/flag-certificates/852167476.json
-852202543	3	3	3	records/p3/flag-certificates/852202543.json
-852371639	3	3	9	records/p3/flag-certificates/852371639.json
-852454948	3	3	3	records/p3/flag-certificates/852454948.json
-852551272	3	3	3	records/p3/flag-certificates/852551272.json
-852618760	3	3	3	records/p3/flag-certificates/852618760.json
-852652707	3	3	3	records/p3/flag-certificates/852652707.json
-852722227	3	3	3	records/p3/flag-certificates/852722227.json
-852724756	3	3	3	records/p3/flag-certificates/852724756.json
-852981784	3	3	3	records/p3/flag-certificates/852981784.json
-853053416	3	3	3	records/p3/flag-certificates/853053416.json
-853146523	3	3	3	records/p3/flag-certificates/853146523.json
-853203667	3	3	3	records/p3/flag-certificates/853203667.json
-853308347	3	3	3	records/p3/flag-certificates/853308347.json
-853366712	3	3	2187	records/p3/flag-certificates/853366712.json
-853376239	3	3	3	records/p3/flag-certificates/853376239.json
-853383671	3	3	3	records/p3/flag-certificates/853383671.json
-853569784	3	3	3	records/p3/flag-certificates/853569784.json
-853651943	3	3	3	records/p3/flag-certificates/853651943.json
-853680479	3	3	3	records/p3/flag-certificates/853680479.json
-853959896	3	3	3	records/p3/flag-certificates/853959896.json
-853994132	3	3	3	records/p3/flag-certificates/853994132.json
-854084404	3	3	3	records/p3/flag-certificates/854084404.json
-854127095	3	3	3	records/p3/flag-certificates/854127095.json
-854299871	3	3	3	records/p3/flag-certificates/854299871.json
-854322115	3	3	3	records/p3/flag-certificates/854322115.json
-854347528	3	3	3	records/p3/flag-certificates/854347528.json
-854428207	3	3	3	records/p3/flag-certificates/854428207.json
-854481739	3	3	3	records/p3/flag-certificates/854481739.json
-854752388	3	3	3	records/p3/flag-certificates/854752388.json
-854887611	3	3	3	records/p3/flag-certificates/854887611.json
-854919124	3	3	3	records/p3/flag-certificates/854919124.json
-854992531	3	3	3	records/p3/flag-certificates/854992531.json
-855077044	3	3	3	records/p3/flag-certificates/855077044.json
-855082551	3	3	3	records/p3/flag-certificates/855082551.json
-855091283	3	3	3	records/p3/flag-certificates/855091283.json
-855096195	3	3	3	records/p3/flag-certificates/855096195.json
-855188483	3	3	3	records/p3/flag-certificates/855188483.json
-855257539	3	3	3	records/p3/flag-certificates/855257539.json
-855379659	3	3	3	records/p3/flag-certificates/855379659.json
-855506920	3	3	3	records/p3/flag-certificates/855506920.json
-855583591	3	3	3	records/p3/flag-certificates/855583591.json
-855670259	3	3	3	records/p3/flag-certificates/855670259.json
-856000664	3	3	3	records/p3/flag-certificates/856000664.json
-856342787	3	3	3	records/p3/flag-certificates/856342787.json
-856438264	3	3	3	records/p3/flag-certificates/856438264.json
-856716063	3	3	3	records/p3/flag-certificates/856716063.json
-856716168	3	3	3	records/p3/flag-certificates/856716168.json
-856830763	3	3	9	records/p3/flag-certificates/856830763.json
-856897287	3	3	3	records/p3/flag-certificates/856897287.json
-856920499	3	3	3	records/p3/flag-certificates/856920499.json
-857014331	3	3	3	records/p3/flag-certificates/857014331.json
-857209451	3	3	27	records/p3/flag-certificates/857209451.json
-857218184	3	3	3	records/p3/flag-certificates/857218184.json
-857302683	3	3	3	records/p3/flag-certificates/857302683.json
-857644655	3	3	3	records/p3/flag-certificates/857644655.json
-857919395	3	3	3	records/p3/flag-certificates/857919395.json
-857936708	3	3	3	records/p3/flag-certificates/857936708.json
-857946527	3	3	3	records/p3/flag-certificates/857946527.json
-857990872	3	3	3	records/p3/flag-certificates/857990872.json
-858005256	3	3	3	records/p3/flag-certificates/858005256.json
-858172996	3	3	3	records/p3/flag-certificates/858172996.json
-858219279	3	3	3	records/p3/flag-certificates/858219279.json
-858339380	3	3	3	records/p3/flag-certificates/858339380.json
-858465912	3	3	9	records/p3/flag-certificates/858465912.json
-858936415	3	3	9	records/p3/flag-certificates/858936415.json
-859076111	3	3	3	records/p3/flag-certificates/859076111.json
-859132903	3	3	3	records/p3/flag-certificates/859132903.json
-859193528	3	3	3	records/p3/flag-certificates/859193528.json
-859229251	3	3	3	records/p3/flag-certificates/859229251.json
-859245243	3	3	3	records/p3/flag-certificates/859245243.json
-859245863	3	3	3	records/p3/flag-certificates/859245863.json
-859933956	3	3	3	records/p3/flag-certificates/859933956.json
-860036287	3	3	3	records/p3/flag-certificates/860036287.json
-860077955	3	3	3	records/p3/flag-certificates/860077955.json
-860110340	3	3	3	records/p3/flag-certificates/860110340.json
-860140376	3	3	3	records/p3/flag-certificates/860140376.json
-860244443	3	3	3	records/p3/flag-certificates/860244443.json
-860246248	3	3	3	records/p3/flag-certificates/860246248.json
-860246804	3	3	3	records/p3/flag-certificates/860246804.json
-860291924	3	3	3	records/p3/flag-certificates/860291924.json
-860312651	3	3	3	records/p3/flag-certificates/860312651.json
-860425519	3	3	3	records/p3/flag-certificates/860425519.json
-860572552	3	3	9	records/p3/flag-certificates/860572552.json
-860603399	3	3	3	records/p3/flag-certificates/860603399.json
-860825719	3	3	3	records/p3/flag-certificates/860825719.json
-860852644	3	3	3	records/p3/flag-certificates/860852644.json
-861000792	3	3	3	records/p3/flag-certificates/861000792.json
-861246728	3	3	81	records/p3/flag-certificates/861246728.json
-861562283	3	3	9	records/p3/flag-certificates/861562283.json
-861602455	3	3	3	records/p3/flag-certificates/861602455.json
-861620287	3	3	3	records/p3/flag-certificates/861620287.json
-861683320	3	3	3	records/p3/flag-certificates/861683320.json
-861864607	3	3	3	records/p3/flag-certificates/861864607.json
-861871639	3	3	3	records/p3/flag-certificates/861871639.json
-861881991	3	3	3	records/p3/flag-certificates/861881991.json
-862037835	3	3	3	records/p3/flag-certificates/862037835.json
-862054007	3	3	3	records/p3/flag-certificates/862054007.json
-862102159	3	3	3	records/p3/flag-certificates/862102159.json
-862145339	3	3	3	records/p3/flag-certificates/862145339.json
-862164635	3	3	3	records/p3/flag-certificates/862164635.json
-862168283	3	3	3	records/p3/flag-certificates/862168283.json
-862307396	3	3	3	records/p3/flag-certificates/862307396.json
-862376595	3	3	3	records/p3/flag-certificates/862376595.json
-862556527	3	3	3	records/p3/flag-certificates/862556527.json
-862999535	3	3	3	records/p3/flag-certificates/862999535.json
-863017540	3	3	3	records/p3/flag-certificates/863017540.json
-863044516	3	3	3	records/p3/flag-certificates/863044516.json
-863227751	3	3	3	records/p3/flag-certificates/863227751.json
-863372840	3	3	3	records/p3/flag-certificates/863372840.json
-863448243	3	3	3	records/p3/flag-certificates/863448243.json
-863464196	3	3	27	records/p3/flag-certificates/863464196.json
-863584987	3	3	3	records/p3/flag-certificates/863584987.json
-863914999	3	3	3	records/p3/flag-certificates/863914999.json
-864163687	3	3	3	records/p3/flag-certificates/864163687.json
-864166031	3	3	3	records/p3/flag-certificates/864166031.json
-864527343	3	3	3	records/p3/flag-certificates/864527343.json
-864581144	3	3	3	records/p3/flag-certificates/864581144.json
-864620591	3	3	27	records/p3/flag-certificates/864620591.json
-864682276	3	3	9	records/p3/flag-certificates/864682276.json
-864853179	3	3	3	records/p3/flag-certificates/864853179.json
-864922647	3	3	3	records/p3/flag-certificates/864922647.json
-864988907	3	3	3	records/p3/flag-certificates/864988907.json
-864991795	3	3	3	records/p3/flag-certificates/864991795.json
-865278152	3	3	3	records/p3/flag-certificates/865278152.json
-865367907	3	3	3	records/p3/flag-certificates/865367907.json
-865411563	3	3	3	records/p3/flag-certificates/865411563.json
-865423711	3	3	3	records/p3/flag-certificates/865423711.json
-865436071	3	3	3	records/p3/flag-certificates/865436071.json
-865527531	3	3	3	records/p3/flag-certificates/865527531.json
-865696195	3	3	3	records/p3/flag-certificates/865696195.json
-865830479	3	3	3	records/p3/flag-certificates/865830479.json
-865849119	3	3	3	records/p3/flag-certificates/865849119.json
-865871059	3	3	3	records/p3/flag-certificates/865871059.json
-865973624	3	3	3	records/p3/flag-certificates/865973624.json
-865983743	3	3	3	records/p3/flag-certificates/865983743.json
-866021347	3	3	3	records/p3/flag-certificates/866021347.json
-866248063	3	3	3	records/p3/flag-certificates/866248063.json
-866358183	3	3	3	records/p3/flag-certificates/866358183.json
-866375491	3	3	3	records/p3/flag-certificates/866375491.json
-866406243	3	3	3	records/p3/flag-certificates/866406243.json
-866459911	3	3	3	records/p3/flag-certificates/866459911.json
-866545240	3	3	3	records/p3/flag-certificates/866545240.json
-866561540	3	3	3	records/p3/flag-certificates/866561540.json
-866626907	3	3	3	records/p3/flag-certificates/866626907.json
-866689896	3	3	3	records/p3/flag-certificates/866689896.json
-866810891	3	3	81	records/p3/flag-certificates/866810891.json
-866979563	3	3	3	records/p3/flag-certificates/866979563.json
-867046271	3	3	3	records/p3/flag-certificates/867046271.json
-867088047	3	3	3	records/p3/flag-certificates/867088047.json
-867138296	3	3	3	records/p3/flag-certificates/867138296.json
-867169835	3	3	3	records/p3/flag-certificates/867169835.json
-867181352	3	3	3	records/p3/flag-certificates/867181352.json
-867209028	3	3	3	records/p3/flag-certificates/867209028.json
-867219812	3	3	3	records/p3/flag-certificates/867219812.json
-867291288	3	3	3	records/p3/flag-certificates/867291288.json
-867356311	3	3	243	records/p3/flag-certificates/867356311.json
-867423828	3	3	3	records/p3/flag-certificates/867423828.json
-867665267	3	3	3	records/p3/flag-certificates/867665267.json
-867714115	3	3	3	records/p3/flag-certificates/867714115.json
-867889135	3	3	3	records/p3/flag-certificates/867889135.json
-867905227	3	3	3	records/p3/flag-certificates/867905227.json
-867913951	3	3	3	records/p3/flag-certificates/867913951.json
-867916759	3	3	3	records/p3/flag-certificates/867916759.json
-868061135	3	3	3	records/p3/flag-certificates/868061135.json
-868081619	3	3	3	records/p3/flag-certificates/868081619.json
-868214168	3	3	3	records/p3/flag-certificates/868214168.json
-868241291	3	3	3	records/p3/flag-certificates/868241291.json
-868272071	3	3	3	records/p3/flag-certificates/868272071.json
-868318683	3	3	3	records/p3/flag-certificates/868318683.json
-868329871	3	3	3	records/p3/flag-certificates/868329871.json
-868346887	3	3	3	records/p3/flag-certificates/868346887.json
-868435160	3	3	3	records/p3/flag-certificates/868435160.json
-868442955	3	3	3	records/p3/flag-certificates/868442955.json
-868480548	3	3	3	records/p3/flag-certificates/868480548.json
-868566299	3	3	3	records/p3/flag-certificates/868566299.json
-868729411	3	3	3	records/p3/flag-certificates/868729411.json
-868873459	3	3	3	records/p3/flag-certificates/868873459.json
-869052099	3	3	81	records/p3/flag-certificates/869052099.json
-869097935	3	3	3	records/p3/flag-certificates/869097935.json
-869103427	3	3	3	records/p3/flag-certificates/869103427.json
-869119051	3	3	3	records/p3/flag-certificates/869119051.json
-869201924	3	3	3	records/p3/flag-certificates/869201924.json
-869445607	3	3	3	records/p3/flag-certificates/869445607.json
-869508023	3	3	3	records/p3/flag-certificates/869508023.json
-869708135	3	3	3	records/p3/flag-certificates/869708135.json
-869842879	3	3	3	records/p3/flag-certificates/869842879.json
-869906263	3	3	3	records/p3/flag-certificates/869906263.json
-869945880	3	3	3	records/p3/flag-certificates/869945880.json
-869985031	3	3	3	records/p3/flag-certificates/869985031.json
-870026199	3	3	3	records/p3/flag-certificates/870026199.json
-870067655	3	3	3	records/p3/flag-certificates/870067655.json
-870138391	3	3	3	records/p3/flag-certificates/870138391.json
-870537624	3	3	243	records/p3/flag-certificates/870537624.json
-870560715	3	3	3	records/p3/flag-certificates/870560715.json
-870565955	3	3	3	records/p3/flag-certificates/870565955.json
-870643119	3	3	3	records/p3/flag-certificates/870643119.json
-870793876	3	3	9	records/p3/flag-certificates/870793876.json
-870827812	3	3	3	records/p3/flag-certificates/870827812.json
-870923512	3	3	3	records/p3/flag-certificates/870923512.json
-870923672	3	3	3	records/p3/flag-certificates/870923672.json
-871074024	3	3	3	records/p3/flag-certificates/871074024.json
-871083751	3	3	3	records/p3/flag-certificates/871083751.json
-871114691	3	3	3	records/p3/flag-certificates/871114691.json
-871247779	3	3	3	records/p3/flag-certificates/871247779.json
-871278467	3	3	3	records/p3/flag-certificates/871278467.json
-871381384	3	3	3	records/p3/flag-certificates/871381384.json
-871559256	3	3	3	records/p3/flag-certificates/871559256.json
-871568328	3	3	3	records/p3/flag-certificates/871568328.json
-871626547	3	3	27	records/p3/flag-certificates/871626547.json
-871732356	3	3	3	records/p3/flag-certificates/871732356.json
-871785355	3	3	3	records/p3/flag-certificates/871785355.json
-871897819	3	3	3	records/p3/flag-certificates/871897819.json
-872262212	3	3	3	records/p3/flag-certificates/872262212.json
-872458295	3	3	3	records/p3/flag-certificates/872458295.json
-872505892	3	3	3	records/p3/flag-certificates/872505892.json
-872513351	3	3	3	records/p3/flag-certificates/872513351.json
-872522171	3	3	3	records/p3/flag-certificates/872522171.json
-872531663	3	3	3	records/p3/flag-certificates/872531663.json
-872535607	3	3	3	records/p3/flag-certificates/872535607.json
-872735032	3	3	3	records/p3/flag-certificates/872735032.json
-872855039	3	3	3	records/p3/flag-certificates/872855039.json
-872955023	3	3	3	records/p3/flag-certificates/872955023.json
-872999563	3	3	3	records/p3/flag-certificates/872999563.json
-873172703	3	3	3	records/p3/flag-certificates/873172703.json
-873206871	3	3	3	records/p3/flag-certificates/873206871.json
-873229919	3	3	9	records/p3/flag-certificates/873229919.json
-873278152	3	3	3	records/p3/flag-certificates/873278152.json
-873340283	3	3	3	records/p3/flag-certificates/873340283.json
-873376871	3	3	3	records/p3/flag-certificates/873376871.json
-873416148	3	3	3	records/p3/flag-certificates/873416148.json
-873659067	3	3	27	records/p3/flag-certificates/873659067.json
-873759659	3	3	9	records/p3/flag-certificates/873759659.json
-873968104	3	3	3	records/p3/flag-certificates/873968104.json
-874196339	3	3	3	records/p3/flag-certificates/874196339.json
-874223367	3	3	3	records/p3/flag-certificates/874223367.json
-874349812	3	3	3	records/p3/flag-certificates/874349812.json
-874396907	3	3	3	records/p3/flag-certificates/874396907.json
-874451051	3	3	3	records/p3/flag-certificates/874451051.json
-874623112	3	3	3	records/p3/flag-certificates/874623112.json
-874660391	3	3	3	records/p3/flag-certificates/874660391.json
-874884180	3	3	3	records/p3/flag-certificates/874884180.json
-875002187	3	3	3	records/p3/flag-certificates/875002187.json
-875076724	3	3	3	records/p3/flag-certificates/875076724.json
-875107319	3	3	3	records/p3/flag-certificates/875107319.json
-875175771	3	3	3	records/p3/flag-certificates/875175771.json
-875254295	3	3	3	records/p3/flag-certificates/875254295.json
-875264739	3	3	3	records/p3/flag-certificates/875264739.json
-875285924	3	3	3	records/p3/flag-certificates/875285924.json
-875372295	3	3	3	records/p3/flag-certificates/875372295.json
-875484836	3	3	3	records/p3/flag-certificates/875484836.json
-875535767	3	3	3	records/p3/flag-certificates/875535767.json
-875566267	3	3	3	records/p3/flag-certificates/875566267.json
-875625860	3	3	3	records/p3/flag-certificates/875625860.json
-875766939	3	3	3	records/p3/flag-certificates/875766939.json
-875989428	3	3	9	records/p3/flag-certificates/875989428.json
-876234819	3	3	3	records/p3/flag-certificates/876234819.json
-876257944	3	3	3	records/p3/flag-certificates/876257944.json
-876356535	3	3	3	records/p3/flag-certificates/876356535.json
-876701928	3	3	3	records/p3/flag-certificates/876701928.json
-876812907	3	3	3	records/p3/flag-certificates/876812907.json
-876846107	3	3	3	records/p3/flag-certificates/876846107.json
-876878219	3	3	3	records/p3/flag-certificates/876878219.json
-876894168	3	3	3	records/p3/flag-certificates/876894168.json
-876952447	3	3	9	records/p3/flag-certificates/876952447.json
-876972847	3	3	3	records/p3/flag-certificates/876972847.json
-877054031	3	3	3	records/p3/flag-certificates/877054031.json
-877366532	3	3	3	records/p3/flag-certificates/877366532.json
-877490803	3	3	3	records/p3/flag-certificates/877490803.json
-877553547	3	3	3	records/p3/flag-certificates/877553547.json
-877693603	3	3	3	records/p3/flag-certificates/877693603.json
-877733428	3	3	3	records/p3/flag-certificates/877733428.json
-877888664	3	3	3	records/p3/flag-certificates/877888664.json
-878040371	3	3	3	records/p3/flag-certificates/878040371.json
-878137512	3	3	3	records/p3/flag-certificates/878137512.json
-878169991	3	3	3	records/p3/flag-certificates/878169991.json
-878269451	3	3	3	records/p3/flag-certificates/878269451.json
-878312824	3	3	3	records/p3/flag-certificates/878312824.json
-878341259	3	3	3	records/p3/flag-certificates/878341259.json
-878358815	3	3	3	records/p3/flag-certificates/878358815.json
-878378287	3	3	3	records/p3/flag-certificates/878378287.json
-878406484	3	3	3	records/p3/flag-certificates/878406484.json
-878471416	3	3	3	records/p3/flag-certificates/878471416.json
-878492123	3	3	3	records/p3/flag-certificates/878492123.json
-878582395	3	3	3	records/p3/flag-certificates/878582395.json
-878635720	3	3	9	records/p3/flag-certificates/878635720.json
-878728719	3	3	3	records/p3/flag-certificates/878728719.json
-878778579	3	3	3	records/p3/flag-certificates/878778579.json
-878787368	3	3	3	records/p3/flag-certificates/878787368.json
-878817667	3	3	3	records/p3/flag-certificates/878817667.json
-878850676	3	3	3	records/p3/flag-certificates/878850676.json
-878913627	3	3	3	records/p3/flag-certificates/878913627.json
-878984223	3	3	27	records/p3/flag-certificates/878984223.json
-879036436	3	3	3	records/p3/flag-certificates/879036436.json
-879187423	3	3	3	records/p3/flag-certificates/879187423.json
-879316683	3	3	3	records/p3/flag-certificates/879316683.json
-879328856	3	3	3	records/p3/flag-certificates/879328856.json
-879340235	3	3	3	records/p3/flag-certificates/879340235.json
-879340927	3	3	9	records/p3/flag-certificates/879340927.json
-879448819	3	3	3	records/p3/flag-certificates/879448819.json
-879509908	3	3	3	records/p3/flag-certificates/879509908.json
-879520916	3	3	3	records/p3/flag-certificates/879520916.json
-879555544	3	3	3	records/p3/flag-certificates/879555544.json
-879627443	3	3	3	records/p3/flag-certificates/879627443.json
-879776040	3	3	3	records/p3/flag-certificates/879776040.json
-879794255	3	3	3	records/p3/flag-certificates/879794255.json
-880039919	3	3	3	records/p3/flag-certificates/880039919.json
-880148195	3	3	27	records/p3/flag-certificates/880148195.json
-880228591	3	3	729	records/p3/flag-certificates/880228591.json
-880249339	3	3	3	records/p3/flag-certificates/880249339.json
-880306091	3	3	3	records/p3/flag-certificates/880306091.json
-880363883	3	3	3	records/p3/flag-certificates/880363883.json
-880365323	3	3	3	records/p3/flag-certificates/880365323.json
-880438359	3	3	3	records/p3/flag-certificates/880438359.json
-880458740	3	3	3	records/p3/flag-certificates/880458740.json
-880479439	3	3	3	records/p3/flag-certificates/880479439.json
-880491620	3	3	3	records/p3/flag-certificates/880491620.json
-880585267	3	3	3	records/p3/flag-certificates/880585267.json
-880707187	3	3	3	records/p3/flag-certificates/880707187.json
-880754691	3	3	3	records/p3/flag-certificates/880754691.json
-880767060	3	3	3	records/p3/flag-certificates/880767060.json
-880933615	3	3	3	records/p3/flag-certificates/880933615.json
-881151396	3	3	3	records/p3/flag-certificates/881151396.json
-881156456	3	3	3	records/p3/flag-certificates/881156456.json
-881217919	3	3	3	records/p3/flag-certificates/881217919.json
-881376744	3	3	9	records/p3/flag-certificates/881376744.json
-881428868	3	3	3	records/p3/flag-certificates/881428868.json
-881450691	3	3	3	records/p3/flag-certificates/881450691.json
-881462647	3	3	3	records/p3/flag-certificates/881462647.json
-881482107	3	3	3	records/p3/flag-certificates/881482107.json
-881533183	3	3	3	records/p3/flag-certificates/881533183.json
-881973503	3	3	3	records/p3/flag-certificates/881973503.json
-882071876	3	3	3	records/p3/flag-certificates/882071876.json
-882170407	3	3	3	records/p3/flag-certificates/882170407.json
-882217880	3	3	27	records/p3/flag-certificates/882217880.json
-882298063	3	3	3	records/p3/flag-certificates/882298063.json
-882320819	3	3	3	records/p3/flag-certificates/882320819.json
-882334463	3	3	27	records/p3/flag-certificates/882334463.json
-882411979	3	3	27	records/p3/flag-certificates/882411979.json
-882490055	3	3	3	records/p3/flag-certificates/882490055.json
-882530872	3	3	3	records/p3/flag-certificates/882530872.json
-882582836	3	3	3	records/p3/flag-certificates/882582836.json
-882676111	3	3	27	records/p3/flag-certificates/882676111.json
-882735956	3	3	3	records/p3/flag-certificates/882735956.json
-882777403	3	3	3	records/p3/flag-certificates/882777403.json
-882943735	3	3	3	records/p3/flag-certificates/882943735.json
-883081023	3	3	3	records/p3/flag-certificates/883081023.json
-883163635	3	3	3	records/p3/flag-certificates/883163635.json
-883210435	3	3	3	records/p3/flag-certificates/883210435.json
-883359908	3	3	3	records/p3/flag-certificates/883359908.json
-883445268	3	3	3	records/p3/flag-certificates/883445268.json
-883536235	3	3	3	records/p3/flag-certificates/883536235.json
-883572107	3	3	3	records/p3/flag-certificates/883572107.json
-883618383	3	3	27	records/p3/flag-certificates/883618383.json
-883902820	3	3	3	records/p3/flag-certificates/883902820.json
-883915892	3	3	3	records/p3/flag-certificates/883915892.json
-883938247	3	3	3	records/p3/flag-certificates/883938247.json
-884090055	3	3	3	records/p3/flag-certificates/884090055.json
-884093543	3	3	3	records/p3/flag-certificates/884093543.json
-884122403	3	3	3	records/p3/flag-certificates/884122403.json
-884146308	3	3	3	records/p3/flag-certificates/884146308.json
-884156468	3	3	3	records/p3/flag-certificates/884156468.json
-884582563	3	3	3	records/p3/flag-certificates/884582563.json
-884594903	3	3	81	records/p3/flag-certificates/884594903.json
-884619719	3	3	3	records/p3/flag-certificates/884619719.json
-884925604	3	3	3	records/p3/flag-certificates/884925604.json
-884953864	3	3	3	records/p3/flag-certificates/884953864.json
-884991487	3	3	3	records/p3/flag-certificates/884991487.json
-885103720	3	3	3	records/p3/flag-certificates/885103720.json
-885106459	3	3	3	records/p3/flag-certificates/885106459.json
-885111668	3	3	3	records/p3/flag-certificates/885111668.json
-885145451	3	3	3	records/p3/flag-certificates/885145451.json
-885292595	3	3	9	records/p3/flag-certificates/885292595.json
-885360271	3	3	3	records/p3/flag-certificates/885360271.json
-885388915	3	3	3	records/p3/flag-certificates/885388915.json
-885472059	3	3	3	records/p3/flag-certificates/885472059.json
-885522667	3	3	3	records/p3/flag-certificates/885522667.json
-885667083	3	3	3	records/p3/flag-certificates/885667083.json
-885745592	3	3	3	records/p3/flag-certificates/885745592.json
-885985115	3	3	9	records/p3/flag-certificates/885985115.json
-886123455	3	3	3	records/p3/flag-certificates/886123455.json
-886200212	3	3	3	records/p3/flag-certificates/886200212.json
-886229927	3	3	3	records/p3/flag-certificates/886229927.json
-886247828	3	3	81	records/p3/flag-certificates/886247828.json
-886278487	3	3	3	records/p3/flag-certificates/886278487.json
-886400295	3	3	3	records/p3/flag-certificates/886400295.json
-886702567	3	3	9	records/p3/flag-certificates/886702567.json
-886866203	3	3	3	records/p3/flag-certificates/886866203.json
-886998779	3	3	3	records/p3/flag-certificates/886998779.json
-887119503	3	3	3	records/p3/flag-certificates/887119503.json
-887169839	3	3	3	records/p3/flag-certificates/887169839.json
-887191763	3	3	3	records/p3/flag-certificates/887191763.json
-887198052	3	3	3	records/p3/flag-certificates/887198052.json
-887364803	3	3	3	records/p3/flag-certificates/887364803.json
-887401759	3	3	3	records/p3/flag-certificates/887401759.json
-887415711	3	3	3	records/p3/flag-certificates/887415711.json
-887420131	3	3	3	records/p3/flag-certificates/887420131.json
-887452203	3	3	3	records/p3/flag-certificates/887452203.json
-887513428	3	3	3	records/p3/flag-certificates/887513428.json
-887597012	3	3	3	records/p3/flag-certificates/887597012.json
-887783032	3	3	3	records/p3/flag-certificates/887783032.json
-887812707	3	3	3	records/p3/flag-certificates/887812707.json
-887833967	3	3	3	records/p3/flag-certificates/887833967.json
-887839496	3	3	3	records/p3/flag-certificates/887839496.json
-887858203	3	3	3	records/p3/flag-certificates/887858203.json
-887902968	3	3	3	records/p3/flag-certificates/887902968.json
-887948071	3	3	9	records/p3/flag-certificates/887948071.json
-887958903	3	3	3	records/p3/flag-certificates/887958903.json
-887968895	3	3	3	records/p3/flag-certificates/887968895.json
-888072015	3	3	27	records/p3/flag-certificates/888072015.json
-888271928	3	3	3	records/p3/flag-certificates/888271928.json
-888453847	3	3	3	records/p3/flag-certificates/888453847.json
-888518571	3	3	3	records/p3/flag-certificates/888518571.json
-888622807	3	3	3	records/p3/flag-certificates/888622807.json
-888639976	3	3	3	records/p3/flag-certificates/888639976.json
-888654895	3	3	3	records/p3/flag-certificates/888654895.json
-888864323	3	3	3	records/p3/flag-certificates/888864323.json
-888907747	3	3	3	records/p3/flag-certificates/888907747.json
-888921759	3	3	3	records/p3/flag-certificates/888921759.json
-888949315	3	3	3	records/p3/flag-certificates/888949315.json
-889071544	3	3	3	records/p3/flag-certificates/889071544.json
-889174967	3	3	9	records/p3/flag-certificates/889174967.json
-889270959	3	3	3	records/p3/flag-certificates/889270959.json
-889357163	3	3	3	records/p3/flag-certificates/889357163.json
-889569172	3	3	3	records/p3/flag-certificates/889569172.json
-889585195	3	3	9	records/p3/flag-certificates/889585195.json
-889636019	3	3	3	records/p3/flag-certificates/889636019.json
-889652147	3	3	3	records/p3/flag-certificates/889652147.json
-889836627	3	3	3	records/p3/flag-certificates/889836627.json
-889849823	3	3	3	records/p3/flag-certificates/889849823.json
-889957607	3	3	3	records/p3/flag-certificates/889957607.json
-890012739	3	3	3	records/p3/flag-certificates/890012739.json
-890133611	3	3	3	records/p3/flag-certificates/890133611.json
-890178907	3	3	3	records/p3/flag-certificates/890178907.json
-890190136	3	3	3	records/p3/flag-certificates/890190136.json
-890190311	3	3	3	records/p3/flag-certificates/890190311.json
-890265268	3	3	3	records/p3/flag-certificates/890265268.json
-890270404	3	3	3	records/p3/flag-certificates/890270404.json
-890427572	3	3	3	records/p3/flag-certificates/890427572.json
-890494627	3	3	9	records/p3/flag-certificates/890494627.json
-890565559	3	3	3	records/p3/flag-certificates/890565559.json
-890631455	3	3	3	records/p3/flag-certificates/890631455.json
-890780515	3	3	3	records/p3/flag-certificates/890780515.json
-890920388	3	3	3	records/p3/flag-certificates/890920388.json
-890955471	3	3	3	records/p3/flag-certificates/890955471.json
-891020971	3	3	3	records/p3/flag-certificates/891020971.json
-891136443	3	3	3	records/p3/flag-certificates/891136443.json
-891176515	3	3	3	records/p3/flag-certificates/891176515.json
-891202007	3	3	3	records/p3/flag-certificates/891202007.json
-891264115	3	3	3	records/p3/flag-certificates/891264115.json
-891350339	3	3	3	records/p3/flag-certificates/891350339.json
-891426491	3	3	3	records/p3/flag-certificates/891426491.json
-891426939	3	3	3	records/p3/flag-certificates/891426939.json
-891458099	3	3	3	records/p3/flag-certificates/891458099.json
-891458247	3	3	3	records/p3/flag-certificates/891458247.json
-891459668	3	3	3	records/p3/flag-certificates/891459668.json
-891558247	3	3	3	records/p3/flag-certificates/891558247.json
-891567479	3	3	3	records/p3/flag-certificates/891567479.json
-891748959	3	3	9	records/p3/flag-certificates/891748959.json
-891957940	3	3	3	records/p3/flag-certificates/891957940.json
-891978504	3	3	3	records/p3/flag-certificates/891978504.json
-892075928	3	3	3	records/p3/flag-certificates/892075928.json
-892341592	3	3	3	records/p3/flag-certificates/892341592.json
-892362628	3	3	3	records/p3/flag-certificates/892362628.json
-892453951	3	3	3	records/p3/flag-certificates/892453951.json
-892461931	3	3	3	records/p3/flag-certificates/892461931.json
-892497151	3	3	3	records/p3/flag-certificates/892497151.json
-892543211	3	3	3	records/p3/flag-certificates/892543211.json
-892553687	3	3	3	records/p3/flag-certificates/892553687.json
-892584856	3	3	3	records/p3/flag-certificates/892584856.json
-892697032	3	3	3	records/p3/flag-certificates/892697032.json
-892825016	3	3	3	records/p3/flag-certificates/892825016.json
-892847015	3	3	3	records/p3/flag-certificates/892847015.json
-892902687	3	3	3	records/p3/flag-certificates/892902687.json
-892905736	3	3	3	records/p3/flag-certificates/892905736.json
-892928019	3	3	3	records/p3/flag-certificates/892928019.json
-892994691	3	3	3	records/p3/flag-certificates/892994691.json
-893174852	3	3	3	records/p3/flag-certificates/893174852.json
-893380767	3	3	9	records/p3/flag-certificates/893380767.json
-893439811	3	3	9	records/p3/flag-certificates/893439811.json
-893511159	3	3	3	records/p3/flag-certificates/893511159.json
-893532596	3	3	3	records/p3/flag-certificates/893532596.json
-893819892	3	3	3	records/p3/flag-certificates/893819892.json
-894069807	3	3	3	records/p3/flag-certificates/894069807.json
-894079640	3	3	3	records/p3/flag-certificates/894079640.json
-894314036	3	3	3	records/p3/flag-certificates/894314036.json
-894582499	3	3	9	records/p3/flag-certificates/894582499.json
-894593443	3	3	3	records/p3/flag-certificates/894593443.json
-894983252	3	3	3	records/p3/flag-certificates/894983252.json
-895114555	3	3	3	records/p3/flag-certificates/895114555.json
-895184852	3	3	3	records/p3/flag-certificates/895184852.json
-895431415	3	3	3	records/p3/flag-certificates/895431415.json
-895451204	3	3	3	records/p3/flag-certificates/895451204.json
-895631624	3	3	3	records/p3/flag-certificates/895631624.json
-895663380	3	3	3	records/p3/flag-certificates/895663380.json
-895688423	3	3	3	records/p3/flag-certificates/895688423.json
-895803879	3	3	3	records/p3/flag-certificates/895803879.json
-895860644	3	3	3	records/p3/flag-certificates/895860644.json
-895913231	3	3	3	records/p3/flag-certificates/895913231.json
-895964068	3	3	3	records/p3/flag-certificates/895964068.json
-895965387	3	3	9	records/p3/flag-certificates/895965387.json
-896135316	3	3	3	records/p3/flag-certificates/896135316.json
-896288728	3	3	3	records/p3/flag-certificates/896288728.json
-896408087	3	3	3	records/p3/flag-certificates/896408087.json
-896465991	3	3	3	records/p3/flag-certificates/896465991.json
-896488655	3	3	9	records/p3/flag-certificates/896488655.json
-896609060	3	3	3	records/p3/flag-certificates/896609060.json
-896627603	3	3	3	records/p3/flag-certificates/896627603.json
-896635556	3	3	3	records/p3/flag-certificates/896635556.json
-896724964	3	3	3	records/p3/flag-certificates/896724964.json
-896788948	3	3	9	records/p3/flag-certificates/896788948.json
-896833716	3	3	3	records/p3/flag-certificates/896833716.json
-896939524	3	3	3	records/p3/flag-certificates/896939524.json
-897078612	3	3	3	records/p3/flag-certificates/897078612.json
-897113684	3	3	3	records/p3/flag-certificates/897113684.json
-897507319	3	3	3	records/p3/flag-certificates/897507319.json
-897657771	3	3	3	records/p3/flag-certificates/897657771.json
-897666611	3	3	3	records/p3/flag-certificates/897666611.json
-897667940	3	3	3	records/p3/flag-certificates/897667940.json
-897675659	3	3	3	records/p3/flag-certificates/897675659.json
-897740387	3	3	3	records/p3/flag-certificates/897740387.json
-897759107	3	3	3	records/p3/flag-certificates/897759107.json
-897959267	3	3	3	records/p3/flag-certificates/897959267.json
-898141935	3	3	3	records/p3/flag-certificates/898141935.json
-898182312	3	3	3	records/p3/flag-certificates/898182312.json
-898194804	3	3	3	records/p3/flag-certificates/898194804.json
-898306084	3	3	3	records/p3/flag-certificates/898306084.json
-898405079	3	3	3	records/p3/flag-certificates/898405079.json
-898451535	3	3	729	records/p3/flag-certificates/898451535.json
-898581855	3	3	3	records/p3/flag-certificates/898581855.json
-898641255	3	3	3	records/p3/flag-certificates/898641255.json
-898647227	3	3	3	records/p3/flag-certificates/898647227.json
-898684291	3	3	3	records/p3/flag-certificates/898684291.json
-898733508	3	3	3	records/p3/flag-certificates/898733508.json
-899046427	3	3	81	records/p3/flag-certificates/899046427.json
-899091748	3	3	3	records/p3/flag-certificates/899091748.json
-899176856	3	3	3	records/p3/flag-certificates/899176856.json
-899278959	3	3	3	records/p3/flag-certificates/899278959.json
-899338280	3	3	3	records/p3/flag-certificates/899338280.json
-899445743	3	3	3	records/p3/flag-certificates/899445743.json
-899455835	3	3	3	records/p3/flag-certificates/899455835.json
-899474843	3	3	3	records/p3/flag-certificates/899474843.json
-899475279	3	3	3	records/p3/flag-certificates/899475279.json
-899524011	3	3	3	records/p3/flag-certificates/899524011.json
-899610703	3	3	3	records/p3/flag-certificates/899610703.json
-899790979	3	3	3	records/p3/flag-certificates/899790979.json
-899897204	3	3	3	records/p3/flag-certificates/899897204.json
-900124532	3	3	3	records/p3/flag-certificates/900124532.json
-900212827	3	3	9	records/p3/flag-certificates/900212827.json
-900234527	3	3	3	records/p3/flag-certificates/900234527.json
-900361743	3	3	3	records/p3/flag-certificates/900361743.json
-900415427	3	3	3	records/p3/flag-certificates/900415427.json
-900484639	3	3	3	records/p3/flag-certificates/900484639.json
-900605723	3	3	3	records/p3/flag-certificates/900605723.json
-900636244	3	3	3	records/p3/flag-certificates/900636244.json
-900658891	3	3	3	records/p3/flag-certificates/900658891.json
-900763127	3	3	3	records/p3/flag-certificates/900763127.json
-900790887	3	3	9	records/p3/flag-certificates/900790887.json
-900880591	3	3	3	records/p3/flag-certificates/900880591.json
-900983751	3	3	3	records/p3/flag-certificates/900983751.json
-901008579	3	3	3	records/p3/flag-certificates/901008579.json
-901242051	3	3	3	records/p3/flag-certificates/901242051.json
-901301624	3	3	3	records/p3/flag-certificates/901301624.json
-901409259	3	3	3	records/p3/flag-certificates/901409259.json
-901435016	3	3	9	records/p3/flag-certificates/901435016.json
-901468927	3	3	3	records/p3/flag-certificates/901468927.json
-901521655	3	3	3	records/p3/flag-certificates/901521655.json
-901575896	3	3	3	records/p3/flag-certificates/901575896.json
-901711976	3	3	3	records/p3/flag-certificates/901711976.json
-901714739	3	3	3	records/p3/flag-certificates/901714739.json
-901796536	3	3	3	records/p3/flag-certificates/901796536.json
-901921067	3	3	3	records/p3/flag-certificates/901921067.json
-902000551	3	3	3	records/p3/flag-certificates/902000551.json
-902092139	3	3	3	records/p3/flag-certificates/902092139.json
-902247223	3	3	3	records/p3/flag-certificates/902247223.json
-902406067	3	3	3	records/p3/flag-certificates/902406067.json
-902811755	3	3	3	records/p3/flag-certificates/902811755.json
-902931380	3	3	3	records/p3/flag-certificates/902931380.json
-902962020	3	3	3	records/p3/flag-certificates/902962020.json
-903105203	3	3	3	records/p3/flag-certificates/903105203.json
-903112315	3	3	3	records/p3/flag-certificates/903112315.json
-903183531	3	3	3	records/p3/flag-certificates/903183531.json
-903249224	3	3	3	records/p3/flag-certificates/903249224.json
-903386923	3	3	3	records/p3/flag-certificates/903386923.json
-903490871	3	3	3	records/p3/flag-certificates/903490871.json
-903511924	3	3	3	records/p3/flag-certificates/903511924.json
-903760024	3	3	3	records/p3/flag-certificates/903760024.json
-903856916	3	3	3	records/p3/flag-certificates/903856916.json
-904014535	3	3	3	records/p3/flag-certificates/904014535.json
-904254595	3	3	3	records/p3/flag-certificates/904254595.json
-904427247	3	3	9	records/p3/flag-certificates/904427247.json
-904497331	3	3	3	records/p3/flag-certificates/904497331.json
-904747103	3	3	3	records/p3/flag-certificates/904747103.json
-904770679	3	3	3	records/p3/flag-certificates/904770679.json
-904852264	3	3	9	records/p3/flag-certificates/904852264.json
-904898040	3	3	3	records/p3/flag-certificates/904898040.json
-905014495	3	3	3	records/p3/flag-certificates/905014495.json
-905265048	3	3	9	records/p3/flag-certificates/905265048.json
-905381003	3	3	9	records/p3/flag-certificates/905381003.json
-905389663	3	3	3	records/p3/flag-certificates/905389663.json
-905449940	3	3	3	records/p3/flag-certificates/905449940.json
-905516903	3	3	3	records/p3/flag-certificates/905516903.json
-905675092	3	3	3	records/p3/flag-certificates/905675092.json
-905696431	3	3	3	records/p3/flag-certificates/905696431.json
-905794043	3	3	3	records/p3/flag-certificates/905794043.json
-905849935	3	3	3	records/p3/flag-certificates/905849935.json
-906035851	3	3	9	records/p3/flag-certificates/906035851.json
-906315864	3	3	3	records/p3/flag-certificates/906315864.json
-906372419	3	3	9	records/p3/flag-certificates/906372419.json
-906374483	3	3	3	records/p3/flag-certificates/906374483.json
-906382531	3	3	3	records/p3/flag-certificates/906382531.json
-906463399	3	3	3	records/p3/flag-certificates/906463399.json
-906734708	3	3	3	records/p3/flag-certificates/906734708.json
-906745763	3	3	3	records/p3/flag-certificates/906745763.json
-906793351	3	3	3	records/p3/flag-certificates/906793351.json
-906821891	3	3	3	records/p3/flag-certificates/906821891.json
-906999076	3	3	3	records/p3/flag-certificates/906999076.json
-907030507	3	3	3	records/p3/flag-certificates/907030507.json
-907073727	3	3	3	records/p3/flag-certificates/907073727.json
-907104136	3	3	3	records/p3/flag-certificates/907104136.json
-907246567	3	3	3	records/p3/flag-certificates/907246567.json
-907308983	3	3	3	records/p3/flag-certificates/907308983.json
-907373460	3	3	3	records/p3/flag-certificates/907373460.json
-907413967	3	3	3	records/p3/flag-certificates/907413967.json
-907420591	3	3	3	records/p3/flag-certificates/907420591.json
-907502843	3	3	3	records/p3/flag-certificates/907502843.json
-907656987	3	3	9	records/p3/flag-certificates/907656987.json
-907689236	3	3	9	records/p3/flag-certificates/907689236.json
-907809079	3	3	3	records/p3/flag-certificates/907809079.json
-907860004	3	3	3	records/p3/flag-certificates/907860004.json
-907961611	3	3	3	records/p3/flag-certificates/907961611.json
-908057395	3	3	81	records/p3/flag-certificates/908057395.json
-908077515	3	3	3	records/p3/flag-certificates/908077515.json
-908400408	3	3	3	records/p3/flag-certificates/908400408.json
-908581976	3	3	3	records/p3/flag-certificates/908581976.json
-908755591	3	3	3	records/p3/flag-certificates/908755591.json
-908790472	3	3	3	records/p3/flag-certificates/908790472.json
-908822055	3	3	3	records/p3/flag-certificates/908822055.json
-908836183	3	3	3	records/p3/flag-certificates/908836183.json
-908939123	3	3	81	records/p3/flag-certificates/908939123.json
-908991683	3	3	3	records/p3/flag-certificates/908991683.json
-909115779	3	3	3	records/p3/flag-certificates/909115779.json
-909161459	3	3	3	records/p3/flag-certificates/909161459.json
-909193288	3	3	27	records/p3/flag-certificates/909193288.json
-909314248	3	3	3	records/p3/flag-certificates/909314248.json
-909418024	3	3	3	records/p3/flag-certificates/909418024.json
-909714916	3	3	3	records/p3/flag-certificates/909714916.json
-909831047	3	3	3	records/p3/flag-certificates/909831047.json
-909961671	3	3	3	records/p3/flag-certificates/909961671.json
-909974167	3	3	3	records/p3/flag-certificates/909974167.json
-910174079	3	3	3	records/p3/flag-certificates/910174079.json
-910182916	3	3	3	records/p3/flag-certificates/910182916.json
-910195363	3	3	3	records/p3/flag-certificates/910195363.json
-910416543	3	3	81	records/p3/flag-certificates/910416543.json
-910416867	3	3	3	records/p3/flag-certificates/910416867.json
-910497131	3	3	3	records/p3/flag-certificates/910497131.json
-910771339	3	3	3	records/p3/flag-certificates/910771339.json
-910784184	3	3	3	records/p3/flag-certificates/910784184.json
-910893448	3	3	9	records/p3/flag-certificates/910893448.json
-910908211	3	3	3	records/p3/flag-certificates/910908211.json
-910936363	3	3	3	records/p3/flag-certificates/910936363.json
-911003171	3	3	3	records/p3/flag-certificates/911003171.json
-911062435	3	3	3	records/p3/flag-certificates/911062435.json
-911088611	3	3	81	records/p3/flag-certificates/911088611.json
-911109880	3	3	9	records/p3/flag-certificates/911109880.json
-911146756	3	3	3	records/p3/flag-certificates/911146756.json
-911304435	3	3	3	records/p3/flag-certificates/911304435.json
-911396983	3	3	3	records/p3/flag-certificates/911396983.json
-911856395	3	3	3	records/p3/flag-certificates/911856395.json
-912006091	3	3	3	records/p3/flag-certificates/912006091.json
-912053128	3	3	3	records/p3/flag-certificates/912053128.json
-912123659	3	3	3	records/p3/flag-certificates/912123659.json
-912167416	3	3	3	records/p3/flag-certificates/912167416.json
-912206855	3	3	3	records/p3/flag-certificates/912206855.json
-912245284	3	3	3	records/p3/flag-certificates/912245284.json
-912317956	3	3	3	records/p3/flag-certificates/912317956.json
-912324163	3	3	3	records/p3/flag-certificates/912324163.json
-912361507	3	3	3	records/p3/flag-certificates/912361507.json
-912512584	3	3	3	records/p3/flag-certificates/912512584.json
-912585679	3	3	9	records/p3/flag-certificates/912585679.json
-912681748	3	3	3	records/p3/flag-certificates/912681748.json
-912838515	3	3	3	records/p3/flag-certificates/912838515.json
-912945268	3	3	3	records/p3/flag-certificates/912945268.json
-912955199	3	3	3	records/p3/flag-certificates/912955199.json
-913027019	3	3	3	records/p3/flag-certificates/913027019.json
-913169227	3	3	3	records/p3/flag-certificates/913169227.json
-913170808	3	3	3	records/p3/flag-certificates/913170808.json
-913178235	3	3	3	records/p3/flag-certificates/913178235.json
-913526807	3	3	3	records/p3/flag-certificates/913526807.json
-913549619	3	3	3	records/p3/flag-certificates/913549619.json
-913637847	3	3	3	records/p3/flag-certificates/913637847.json
-913669528	3	3	3	records/p3/flag-certificates/913669528.json
-913679907	3	3	3	records/p3/flag-certificates/913679907.json
-913702235	3	3	3	records/p3/flag-certificates/913702235.json
-913725191	3	3	81	records/p3/flag-certificates/913725191.json
-913892547	3	3	3	records/p3/flag-certificates/913892547.json
-914001979	3	3	3	records/p3/flag-certificates/914001979.json
-914459348	3	3	9	records/p3/flag-certificates/914459348.json
-914498231	3	3	3	records/p3/flag-certificates/914498231.json
-914505972	3	3	3	records/p3/flag-certificates/914505972.json
-914572036	3	3	3	records/p3/flag-certificates/914572036.json
-914576351	3	3	3	records/p3/flag-certificates/914576351.json
-914776091	3	3	3	records/p3/flag-certificates/914776091.json
-914784404	3	3	3	records/p3/flag-certificates/914784404.json
-914799235	3	3	3	records/p3/flag-certificates/914799235.json
-914849491	3	3	3	records/p3/flag-certificates/914849491.json
-914986831	3	3	3	records/p3/flag-certificates/914986831.json
-915165943	3	3	3	records/p3/flag-certificates/915165943.json
-915447003	3	3	3	records/p3/flag-certificates/915447003.json
-915711331	3	3	3	records/p3/flag-certificates/915711331.json
-915733867	3	3	3	records/p3/flag-certificates/915733867.json
-915780660	3	3	3	records/p3/flag-certificates/915780660.json
-915799672	3	3	3	records/p3/flag-certificates/915799672.json
-915860851	3	3	3	records/p3/flag-certificates/915860851.json
-915889195	3	3	3	records/p3/flag-certificates/915889195.json
-916107859	3	3	3	records/p3/flag-certificates/916107859.json
-916117480	3	3	3	records/p3/flag-certificates/916117480.json
-916140035	3	3	3	records/p3/flag-certificates/916140035.json
-916159351	3	3	3	records/p3/flag-certificates/916159351.json
-916197235	3	3	3	records/p3/flag-certificates/916197235.json
-916209035	3	3	3	records/p3/flag-certificates/916209035.json
-916240523	3	3	3	records/p3/flag-certificates/916240523.json
-916343031	3	3	3	records/p3/flag-certificates/916343031.json
-916409220	3	3	3	records/p3/flag-certificates/916409220.json
-916569028	3	3	3	records/p3/flag-certificates/916569028.json
-916572407	3	3	3	records/p3/flag-certificates/916572407.json
-916580111	3	3	9	records/p3/flag-certificates/916580111.json
-916618547	3	3	27	records/p3/flag-certificates/916618547.json
-916706788	3	3	3	records/p3/flag-certificates/916706788.json
-916756683	3	3	3	records/p3/flag-certificates/916756683.json
-916789155	3	3	3	records/p3/flag-certificates/916789155.json
-916841656	3	3	3	records/p3/flag-certificates/916841656.json
-916893555	3	3	3	records/p3/flag-certificates/916893555.json
-916964135	3	3	3	records/p3/flag-certificates/916964135.json
-916986091	3	3	3	records/p3/flag-certificates/916986091.json
-917040883	3	3	3	records/p3/flag-certificates/917040883.json
-917306563	3	3	3	records/p3/flag-certificates/917306563.json
-917423755	3	3	3	records/p3/flag-certificates/917423755.json
-917554487	3	3	3	records/p3/flag-certificates/917554487.json
-917671115	3	3	3	records/p3/flag-certificates/917671115.json
-917680863	3	3	3	records/p3/flag-certificates/917680863.json
-917962431	3	3	3	records/p3/flag-certificates/917962431.json
-918011751	3	3	3	records/p3/flag-certificates/918011751.json
-918107768	3	3	3	records/p3/flag-certificates/918107768.json
-918126111	3	3	81	records/p3/flag-certificates/918126111.json
-918158548	3	3	3	records/p3/flag-certificates/918158548.json
-918221588	3	3	3	records/p3/flag-certificates/918221588.json
-918404392	3	3	3	records/p3/flag-certificates/918404392.json
-918451219	3	3	3	records/p3/flag-certificates/918451219.json
-918485591	3	3	27	records/p3/flag-certificates/918485591.json
-918566195	3	3	3	records/p3/flag-certificates/918566195.json
-918579851	3	3	3	records/p3/flag-certificates/918579851.json
-918646355	3	3	3	records/p3/flag-certificates/918646355.json
-918693672	3	3	81	records/p3/flag-certificates/918693672.json
-918808804	3	3	6561	records/p3/flag-certificates/918808804.json
-918948567	3	3	3	records/p3/flag-certificates/918948567.json
-918991959	3	3	3	records/p3/flag-certificates/918991959.json
-919014248	3	3	3	records/p3/flag-certificates/919014248.json
-919082040	3	3	3	records/p3/flag-certificates/919082040.json
-919147364	3	3	3	records/p3/flag-certificates/919147364.json
-919228296	3	3	3	records/p3/flag-certificates/919228296.json
-919341659	3	3	3	records/p3/flag-certificates/919341659.json
-919348915	3	3	3	records/p3/flag-certificates/919348915.json
-919500456	3	3	3	records/p3/flag-certificates/919500456.json
-919544519	3	3	3	records/p3/flag-certificates/919544519.json
-919652639	3	3	6561	records/p3/flag-certificates/919652639.json
-919667384	3	3	3	records/p3/flag-certificates/919667384.json
-919717763	3	3	3	records/p3/flag-certificates/919717763.json
-919727096	3	3	9	records/p3/flag-certificates/919727096.json
-919812419	3	3	3	records/p3/flag-certificates/919812419.json
-919816887	3	3	3	records/p3/flag-certificates/919816887.json
-919834904	3	3	3	records/p3/flag-certificates/919834904.json
-919901947	3	3	3	records/p3/flag-certificates/919901947.json
-919904071	3	3	3	records/p3/flag-certificates/919904071.json
-919986747	3	3	3	records/p3/flag-certificates/919986747.json
-919995416	3	3	3	records/p3/flag-certificates/919995416.json
-919995555	3	3	3	records/p3/flag-certificates/919995555.json
-920022047	3	3	3	records/p3/flag-certificates/920022047.json
-920070552	3	3	3	records/p3/flag-certificates/920070552.json
-920442439	3	3	3	records/p3/flag-certificates/920442439.json
-920457496	3	3	27	records/p3/flag-certificates/920457496.json
-920460271	3	3	3	records/p3/flag-certificates/920460271.json
-920473095	3	3	3	records/p3/flag-certificates/920473095.json
-920551759	3	3	3	records/p3/flag-certificates/920551759.json
-920747711	3	3	3	records/p3/flag-certificates/920747711.json
-920777691	3	3	3	records/p3/flag-certificates/920777691.json
-921035224	3	3	9	records/p3/flag-certificates/921035224.json
-921047151	3	3	3	records/p3/flag-certificates/921047151.json
-921053748	3	3	3	records/p3/flag-certificates/921053748.json
-921111067	3	3	3	records/p3/flag-certificates/921111067.json
-921166212	3	3	3	records/p3/flag-certificates/921166212.json
-921215044	3	3	3	records/p3/flag-certificates/921215044.json
-921260983	3	3	3	records/p3/flag-certificates/921260983.json
-921334132	3	3	3	records/p3/flag-certificates/921334132.json
-921389835	3	3	3	records/p3/flag-certificates/921389835.json
-921540891	3	3	3	records/p3/flag-certificates/921540891.json
-921597571	3	3	3	records/p3/flag-certificates/921597571.json
-921721348	3	3	3	records/p3/flag-certificates/921721348.json
-922033567	3	3	3	records/p3/flag-certificates/922033567.json
-922105959	3	3	9	records/p3/flag-certificates/922105959.json
-922190203	3	3	3	records/p3/flag-certificates/922190203.json
-922334287	3	3	3	records/p3/flag-certificates/922334287.json
-922481156	3	3	3	records/p3/flag-certificates/922481156.json
-922576579	3	3	27	records/p3/flag-certificates/922576579.json
-922624472	3	3	3	records/p3/flag-certificates/922624472.json
-922627848	3	3	81	records/p3/flag-certificates/922627848.json
-922828660	3	3	3	records/p3/flag-certificates/922828660.json
-922829919	3	3	3	records/p3/flag-certificates/922829919.json
-922977643	3	3	3	records/p3/flag-certificates/922977643.json
-923209707	3	3	3	records/p3/flag-certificates/923209707.json
-923241327	3	3	3	records/p3/flag-certificates/923241327.json
-923340856	3	3	3	records/p3/flag-certificates/923340856.json
-923557287	3	3	3	records/p3/flag-certificates/923557287.json
-923654507	3	3	27	records/p3/flag-certificates/923654507.json
-923695111	3	3	27	records/p3/flag-certificates/923695111.json
-923706199	3	3	3	records/p3/flag-certificates/923706199.json
-923711207	3	3	3	records/p3/flag-certificates/923711207.json
-923764408	3	3	3	records/p3/flag-certificates/923764408.json
-923830984	3	3	3	records/p3/flag-certificates/923830984.json
-923846123	3	3	3	records/p3/flag-certificates/923846123.json
-923940447	3	3	3	records/p3/flag-certificates/923940447.json
-923940728	3	3	3	records/p3/flag-certificates/923940728.json
-923947384	3	3	3	records/p3/flag-certificates/923947384.json
-924007508	3	3	729	records/p3/flag-certificates/924007508.json
-924182787	3	3	3	records/p3/flag-certificates/924182787.json
-924203627	3	3	3	records/p3/flag-certificates/924203627.json
-924213268	3	3	3	records/p3/flag-certificates/924213268.json
-924410739	3	3	3	records/p3/flag-certificates/924410739.json
-924411407	3	3	3	records/p3/flag-certificates/924411407.json
-924689723	3	3	3	records/p3/flag-certificates/924689723.json
-924700552	3	3	81	records/p3/flag-certificates/924700552.json
-924727576	3	3	3	records/p3/flag-certificates/924727576.json
-924763271	3	3	3	records/p3/flag-certificates/924763271.json
-924808407	3	3	3	records/p3/flag-certificates/924808407.json
-924850676	3	3	3	records/p3/flag-certificates/924850676.json
-924862083	3	3	3	records/p3/flag-certificates/924862083.json
-924867155	3	3	3	records/p3/flag-certificates/924867155.json
-924878280	3	3	3	records/p3/flag-certificates/924878280.json
-925030851	3	3	3	records/p3/flag-certificates/925030851.json
-925034063	3	3	3	records/p3/flag-certificates/925034063.json
-925168771	3	3	9	records/p3/flag-certificates/925168771.json
-925278539	3	3	3	records/p3/flag-certificates/925278539.json
-925365608	3	3	3	records/p3/flag-certificates/925365608.json
-925404979	3	3	3	records/p3/flag-certificates/925404979.json
-925414323	3	3	3	records/p3/flag-certificates/925414323.json
-925574003	3	3	3	records/p3/flag-certificates/925574003.json
-925632484	3	3	3	records/p3/flag-certificates/925632484.json
-925653979	3	3	3	records/p3/flag-certificates/925653979.json
-925702367	3	3	3	records/p3/flag-certificates/925702367.json
-925715672	3	3	3	records/p3/flag-certificates/925715672.json
-925725587	3	3	27	records/p3/flag-certificates/925725587.json
-925873939	3	3	3	records/p3/flag-certificates/925873939.json
-925892776	3	3	3	records/p3/flag-certificates/925892776.json
-925930727	3	3	3	records/p3/flag-certificates/925930727.json
-925937771	3	3	3	records/p3/flag-certificates/925937771.json
-925977039	3	3	3	records/p3/flag-certificates/925977039.json
-926073123	3	3	3	records/p3/flag-certificates/926073123.json
-926165863	3	3	3	records/p3/flag-certificates/926165863.json
-926176079	3	3	3	records/p3/flag-certificates/926176079.json
-926390372	3	3	243	records/p3/flag-certificates/926390372.json
-926414579	3	3	3	records/p3/flag-certificates/926414579.json
-926496232	3	3	9	records/p3/flag-certificates/926496232.json
-926698663	3	3	3	records/p3/flag-certificates/926698663.json
-926827399	3	3	9	records/p3/flag-certificates/926827399.json
-926831876	3	3	3	records/p3/flag-certificates/926831876.json
-926973519	3	3	3	records/p3/flag-certificates/926973519.json
-927038499	3	3	3	records/p3/flag-certificates/927038499.json
-927202852	3	3	27	records/p3/flag-certificates/927202852.json
-927342184	3	3	3	records/p3/flag-certificates/927342184.json
-927478808	3	3	3	records/p3/flag-certificates/927478808.json
-927520584	3	3	3	records/p3/flag-certificates/927520584.json
-927521155	3	3	9	records/p3/flag-certificates/927521155.json
-927551704	3	3	3	records/p3/flag-certificates/927551704.json
-927574719	3	3	3	records/p3/flag-certificates/927574719.json
-927627172	3	3	3	records/p3/flag-certificates/927627172.json
-927750847	3	3	3	records/p3/flag-certificates/927750847.json
-927773603	3	3	3	records/p3/flag-certificates/927773603.json
-927857203	3	3	3	records/p3/flag-certificates/927857203.json
-927919979	3	3	3	records/p3/flag-certificates/927919979.json
-927946427	3	3	9	records/p3/flag-certificates/927946427.json
-928068664	3	3	3	records/p3/flag-certificates/928068664.json
-928127983	3	3	3	records/p3/flag-certificates/928127983.json
-928162148	3	3	3	records/p3/flag-certificates/928162148.json
-928307599	3	3	3	records/p3/flag-certificates/928307599.json
-928388803	3	3	9	records/p3/flag-certificates/928388803.json
-928501592	3	3	3	records/p3/flag-certificates/928501592.json
-928757303	3	3	3	records/p3/flag-certificates/928757303.json
-928916567	3	3	3	records/p3/flag-certificates/928916567.json
-929061748	3	3	3	records/p3/flag-certificates/929061748.json
-929338084	3	3	3	records/p3/flag-certificates/929338084.json
-929441828	3	3	3	records/p3/flag-certificates/929441828.json
-929553656	3	3	3	records/p3/flag-certificates/929553656.json
-929593528	3	3	3	records/p3/flag-certificates/929593528.json
-929605240	3	3	3	records/p3/flag-certificates/929605240.json
-929827335	3	3	3	records/p3/flag-certificates/929827335.json
-929847992	3	3	3	records/p3/flag-certificates/929847992.json
-929889476	3	3	3	records/p3/flag-certificates/929889476.json
-929987347	3	3	3	records/p3/flag-certificates/929987347.json
-930068719	3	3	3	records/p3/flag-certificates/930068719.json
-930094999	3	3	3	records/p3/flag-certificates/930094999.json
-930144056	3	3	3	records/p3/flag-certificates/930144056.json
-930194699	3	3	3	records/p3/flag-certificates/930194699.json
-930287183	3	3	3	records/p3/flag-certificates/930287183.json
-930423752	3	3	9	records/p3/flag-certificates/930423752.json
-930426611	3	3	3	records/p3/flag-certificates/930426611.json
-930440312	3	3	3	records/p3/flag-certificates/930440312.json
-930533835	3	3	3	records/p3/flag-certificates/930533835.json
-930566279	3	3	3	records/p3/flag-certificates/930566279.json
-930590291	3	3	3	records/p3/flag-certificates/930590291.json
-930605279	3	3	3	records/p3/flag-certificates/930605279.json
-930614152	3	3	3	records/p3/flag-certificates/930614152.json
-930633387	3	3	3	records/p3/flag-certificates/930633387.json
-930760424	3	3	3	records/p3/flag-certificates/930760424.json
-930782104	3	3	3	records/p3/flag-certificates/930782104.json
-930861703	3	3	3	records/p3/flag-certificates/930861703.json
-930929992	3	3	3	records/p3/flag-certificates/930929992.json
-930956179	3	3	3	records/p3/flag-certificates/930956179.json
-931202139	3	3	3	records/p3/flag-certificates/931202139.json
-931208971	3	3	3	records/p3/flag-certificates/931208971.json
-931220767	3	3	27	records/p3/flag-certificates/931220767.json
-931304743	3	3	3	records/p3/flag-certificates/931304743.json
-931391051	3	3	3	records/p3/flag-certificates/931391051.json
-931413352	3	3	3	records/p3/flag-certificates/931413352.json
-931433351	3	3	3	records/p3/flag-certificates/931433351.json
-931453988	3	3	3	records/p3/flag-certificates/931453988.json
-931457636	3	3	3	records/p3/flag-certificates/931457636.json
-931528580	3	3	3	records/p3/flag-certificates/931528580.json
-931604564	3	3	3	records/p3/flag-certificates/931604564.json
-931645412	3	3	3	records/p3/flag-certificates/931645412.json
-931683608	3	3	3	records/p3/flag-certificates/931683608.json
-931751443	3	3	3	records/p3/flag-certificates/931751443.json
-931882404	3	3	3	records/p3/flag-certificates/931882404.json
-932011215	3	3	3	records/p3/flag-certificates/932011215.json
-932144459	3	3	3	records/p3/flag-certificates/932144459.json
-932339764	3	3	3	records/p3/flag-certificates/932339764.json
-932352308	3	3	3	records/p3/flag-certificates/932352308.json
-932451844	3	3	3	records/p3/flag-certificates/932451844.json
-932495807	3	3	3	records/p3/flag-certificates/932495807.json
-932522351	3	3	3	records/p3/flag-certificates/932522351.json
-932566255	3	3	3	records/p3/flag-certificates/932566255.json
-932639267	3	3	27	records/p3/flag-certificates/932639267.json
-932847704	3	3	3	records/p3/flag-certificates/932847704.json
-932873167	3	3	3	records/p3/flag-certificates/932873167.json
-932888740	3	3	3	records/p3/flag-certificates/932888740.json
-932942315	3	3	9	records/p3/flag-certificates/932942315.json
-932944623	3	3	3	records/p3/flag-certificates/932944623.json
-933102952	3	3	3	records/p3/flag-certificates/933102952.json
-933124280	3	3	3	records/p3/flag-certificates/933124280.json
-933233048	3	3	9	records/p3/flag-certificates/933233048.json
-933248815	3	3	3	records/p3/flag-certificates/933248815.json
-933344051	3	3	3	records/p3/flag-certificates/933344051.json
-933356879	3	3	3	records/p3/flag-certificates/933356879.json
-933439643	3	3	3	records/p3/flag-certificates/933439643.json
-933462663	3	3	3	records/p3/flag-certificates/933462663.json
-933469007	3	3	3	records/p3/flag-certificates/933469007.json
-933562083	3	3	3	records/p3/flag-certificates/933562083.json
-933586079	3	3	3	records/p3/flag-certificates/933586079.json
-933696283	3	3	3	records/p3/flag-certificates/933696283.json
-933752612	3	3	9	records/p3/flag-certificates/933752612.json
-933897507	3	3	3	records/p3/flag-certificates/933897507.json
-934011403	3	3	3	records/p3/flag-certificates/934011403.json
-934128463	3	3	3	records/p3/flag-certificates/934128463.json
-934141567	3	3	3	records/p3/flag-certificates/934141567.json
-934188531	3	3	3	records/p3/flag-certificates/934188531.json
-934255235	3	3	3	records/p3/flag-certificates/934255235.json
-934340595	3	3	3	records/p3/flag-certificates/934340595.json
-934533703	3	3	3	records/p3/flag-certificates/934533703.json
-934716280	3	3	9	records/p3/flag-certificates/934716280.json
-934789960	3	3	3	records/p3/flag-certificates/934789960.json
-934812164	3	3	3	records/p3/flag-certificates/934812164.json
-934881947	3	3	3	records/p3/flag-certificates/934881947.json
-934919079	3	3	243	records/p3/flag-certificates/934919079.json
-934980724	3	3	3	records/p3/flag-certificates/934980724.json
-934995252	3	3	9	records/p3/flag-certificates/934995252.json
-935193451	3	3	3	records/p3/flag-certificates/935193451.json
-935334548	3	3	3	records/p3/flag-certificates/935334548.json
-935369107	3	3	9	records/p3/flag-certificates/935369107.json
-935441336	3	3	3	records/p3/flag-certificates/935441336.json
-935450440	3	3	3	records/p3/flag-certificates/935450440.json
-935715876	3	3	3	records/p3/flag-certificates/935715876.json
-935719588	3	3	3	records/p3/flag-certificates/935719588.json
-935724487	3	3	27	records/p3/flag-certificates/935724487.json
-935747099	3	3	3	records/p3/flag-certificates/935747099.json
-935826260	3	3	3	records/p3/flag-certificates/935826260.json
-935924195	3	3	9	records/p3/flag-certificates/935924195.json
-935989895	3	3	3	records/p3/flag-certificates/935989895.json
-936275727	3	3	3	records/p3/flag-certificates/936275727.json
-936418328	3	3	81	records/p3/flag-certificates/936418328.json
-936444068	3	3	3	records/p3/flag-certificates/936444068.json
-936529303	3	3	3	records/p3/flag-certificates/936529303.json
-936651831	3	3	9	records/p3/flag-certificates/936651831.json
-936664179	3	3	3	records/p3/flag-certificates/936664179.json
-936704667	3	3	3	records/p3/flag-certificates/936704667.json
-936788915	3	3	3	records/p3/flag-certificates/936788915.json
-936921443	3	3	3	records/p3/flag-certificates/936921443.json
-936972219	3	3	9	records/p3/flag-certificates/936972219.json
-936980679	3	3	3	records/p3/flag-certificates/936980679.json
-937019239	3	3	9	records/p3/flag-certificates/937019239.json
-937037892	3	3	3	records/p3/flag-certificates/937037892.json
-937109643	3	3	3	records/p3/flag-certificates/937109643.json
-937145435	3	3	27	records/p3/flag-certificates/937145435.json
-937194303	3	3	3	records/p3/flag-certificates/937194303.json
-937309908	3	3	3	records/p3/flag-certificates/937309908.json
-937461499	3	3	3	records/p3/flag-certificates/937461499.json
-937502315	3	3	3	records/p3/flag-certificates/937502315.json
-937515883	3	3	3	records/p3/flag-certificates/937515883.json
-937666927	3	3	3	records/p3/flag-certificates/937666927.json
-937695287	3	3	3	records/p3/flag-certificates/937695287.json
-937816223	3	3	3	records/p3/flag-certificates/937816223.json
-937952724	3	3	3	records/p3/flag-certificates/937952724.json
-937953931	3	3	3	records/p3/flag-certificates/937953931.json
-938052696	3	3	3	records/p3/flag-certificates/938052696.json
-938068647	3	3	3	records/p3/flag-certificates/938068647.json
-938075063	3	3	9	records/p3/flag-certificates/938075063.json
-938139415	3	3	3	records/p3/flag-certificates/938139415.json
-938169211	3	3	3	records/p3/flag-certificates/938169211.json
-938235784	3	3	3	records/p3/flag-certificates/938235784.json
-938281867	3	3	3	records/p3/flag-certificates/938281867.json
-938339023	3	3	3	records/p3/flag-certificates/938339023.json
-938346980	3	3	3	records/p3/flag-certificates/938346980.json
-938461591	3	3	27	records/p3/flag-certificates/938461591.json
-938563187	3	3	3	records/p3/flag-certificates/938563187.json
-938783371	3	3	3	records/p3/flag-certificates/938783371.json
-938787428	3	3	3	records/p3/flag-certificates/938787428.json
-938825796	3	3	3	records/p3/flag-certificates/938825796.json
-938878411	3	3	3	records/p3/flag-certificates/938878411.json
-939122792	3	3	27	records/p3/flag-certificates/939122792.json
-939203935	3	3	243	records/p3/flag-certificates/939203935.json
-939379208	3	3	3	records/p3/flag-certificates/939379208.json
-939519987	3	3	3	records/p3/flag-certificates/939519987.json
-939629688	3	3	3	records/p3/flag-certificates/939629688.json
-939692743	3	3	3	records/p3/flag-certificates/939692743.json
-939709439	3	3	3	records/p3/flag-certificates/939709439.json
-939715832	3	3	3	records/p3/flag-certificates/939715832.json
-940167959	3	3	3	records/p3/flag-certificates/940167959.json
-940414371	3	3	3	records/p3/flag-certificates/940414371.json
-940436308	3	3	9	records/p3/flag-certificates/940436308.json
-940566104	3	3	3	records/p3/flag-certificates/940566104.json
-940725859	3	3	3	records/p3/flag-certificates/940725859.json
-940739876	3	3	9	records/p3/flag-certificates/940739876.json
-940854824	3	3	3	records/p3/flag-certificates/940854824.json
-940883880	3	3	3	records/p3/flag-certificates/940883880.json
-940890395	3	3	3	records/p3/flag-certificates/940890395.json
-940905016	3	3	3	records/p3/flag-certificates/940905016.json
-940926403	3	3	3	records/p3/flag-certificates/940926403.json
-940980343	3	3	3	records/p3/flag-certificates/940980343.json
-941002019	3	3	3	records/p3/flag-certificates/941002019.json
-941013240	3	3	9	records/p3/flag-certificates/941013240.json
-941075540	3	3	3	records/p3/flag-certificates/941075540.json
-941167364	3	3	3	records/p3/flag-certificates/941167364.json
-941172379	3	3	3	records/p3/flag-certificates/941172379.json
-941206935	3	3	3	records/p3/flag-certificates/941206935.json
-941310519	3	3	3	records/p3/flag-certificates/941310519.json
-941432180	3	3	3	records/p3/flag-certificates/941432180.json
-941436091	3	3	3	records/p3/flag-certificates/941436091.json
-941685812	3	3	3	records/p3/flag-certificates/941685812.json
-941701688	3	3	3	records/p3/flag-certificates/941701688.json
-941808323	3	3	9	records/p3/flag-certificates/941808323.json
-942305459	3	3	3	records/p3/flag-certificates/942305459.json
-942395268	3	3	3	records/p3/flag-certificates/942395268.json
-942423603	3	3	2187	records/p3/flag-certificates/942423603.json
-942434419	3	3	3	records/p3/flag-certificates/942434419.json
-942775843	3	3	3	records/p3/flag-certificates/942775843.json
-942804467	3	3	3	records/p3/flag-certificates/942804467.json
-942954267	3	3	3	records/p3/flag-certificates/942954267.json
-942958815	3	3	3	records/p3/flag-certificates/942958815.json
-943047480	3	3	3	records/p3/flag-certificates/943047480.json
-943049476	3	3	3	records/p3/flag-certificates/943049476.json
-943133579	3	3	3	records/p3/flag-certificates/943133579.json
-943162664	3	3	3	records/p3/flag-certificates/943162664.json
-943236611	3	3	3	records/p3/flag-certificates/943236611.json
-943357615	3	3	3	records/p3/flag-certificates/943357615.json
-943487319	3	3	3	records/p3/flag-certificates/943487319.json
-943598399	3	3	3	records/p3/flag-certificates/943598399.json
-943615019	3	3	9	records/p3/flag-certificates/943615019.json
-943645727	3	3	3	records/p3/flag-certificates/943645727.json
-943658056	3	3	3	records/p3/flag-certificates/943658056.json
-943685284	3	3	9	records/p3/flag-certificates/943685284.json
-943815343	3	3	3	records/p3/flag-certificates/943815343.json
-943855819	3	3	3	records/p3/flag-certificates/943855819.json
-943876616	3	3	3	records/p3/flag-certificates/943876616.json
-943905799	3	3	3	records/p3/flag-certificates/943905799.json
-943932103	3	3	3	records/p3/flag-certificates/943932103.json
-944097331	3	3	3	records/p3/flag-certificates/944097331.json
-944173304	3	3	3	records/p3/flag-certificates/944173304.json
-944325303	3	3	27	records/p3/flag-certificates/944325303.json
-944570179	3	3	3	records/p3/flag-certificates/944570179.json
-944716647	3	3	3	records/p3/flag-certificates/944716647.json
-944753291	3	3	3	records/p3/flag-certificates/944753291.json
-944846167	3	3	3	records/p3/flag-certificates/944846167.json
-945131451	3	3	9	records/p3/flag-certificates/945131451.json
-945150148	3	3	3	records/p3/flag-certificates/945150148.json
-945178999	3	3	3	records/p3/flag-certificates/945178999.json
-945185559	3	3	3	records/p3/flag-certificates/945185559.json
-945192271	3	3	3	records/p3/flag-certificates/945192271.json
-945215256	3	3	3	records/p3/flag-certificates/945215256.json
-945272055	3	3	3	records/p3/flag-certificates/945272055.json
-945413103	3	3	3	records/p3/flag-certificates/945413103.json
-945458579	3	3	3	records/p3/flag-certificates/945458579.json
-945543391	3	3	3	records/p3/flag-certificates/945543391.json
-945606488	3	3	3	records/p3/flag-certificates/945606488.json
-945608024	3	3	9	records/p3/flag-certificates/945608024.json
-945631236	3	3	3	records/p3/flag-certificates/945631236.json
-945652852	3	3	3	records/p3/flag-certificates/945652852.json
-945665311	3	3	3	records/p3/flag-certificates/945665311.json
-945919891	3	3	3	records/p3/flag-certificates/945919891.json
-945922091	3	3	9	records/p3/flag-certificates/945922091.json
-946001784	3	3	3	records/p3/flag-certificates/946001784.json
-946026267	3	3	3	records/p3/flag-certificates/946026267.json
-946027455	3	3	3	records/p3/flag-certificates/946027455.json
-946069595	3	3	3	records/p3/flag-certificates/946069595.json
-946073407	3	3	9	records/p3/flag-certificates/946073407.json
-946125931	3	3	3	records/p3/flag-certificates/946125931.json
-946138811	3	3	3	records/p3/flag-certificates/946138811.json
-946230119	3	3	3	records/p3/flag-certificates/946230119.json
-946265320	3	3	3	records/p3/flag-certificates/946265320.json
-946399111	3	3	3	records/p3/flag-certificates/946399111.json
-946566983	3	3	3	records/p3/flag-certificates/946566983.json
-946617544	3	3	9	records/p3/flag-certificates/946617544.json
-946700219	3	3	3	records/p3/flag-certificates/946700219.json
-946813103	3	3	81	records/p3/flag-certificates/946813103.json
-946888856	3	3	9	records/p3/flag-certificates/946888856.json
-946947235	3	3	3	records/p3/flag-certificates/946947235.json
-946998659	3	3	3	records/p3/flag-certificates/946998659.json
-947102676	3	3	3	records/p3/flag-certificates/947102676.json
-947138815	3	3	3	records/p3/flag-certificates/947138815.json
-947269199	3	3	3	records/p3/flag-certificates/947269199.json
-947390219	3	3	9	records/p3/flag-certificates/947390219.json
-947398047	3	3	3	records/p3/flag-certificates/947398047.json
-947409044	3	3	3	records/p3/flag-certificates/947409044.json
-947411736	3	3	3	records/p3/flag-certificates/947411736.json
-947714584	3	3	81	records/p3/flag-certificates/947714584.json
-947953447	3	3	3	records/p3/flag-certificates/947953447.json
-948585487	3	3	3	records/p3/flag-certificates/948585487.json
-948669623	3	3	3	records/p3/flag-certificates/948669623.json
-948694315	3	3	3	records/p3/flag-certificates/948694315.json
-948754803	3	3	3	records/p3/flag-certificates/948754803.json
-948825044	3	3	3	records/p3/flag-certificates/948825044.json
-948912619	3	3	3	records/p3/flag-certificates/948912619.json
-948978631	3	3	3	records/p3/flag-certificates/948978631.json
-949184059	3	3	3	records/p3/flag-certificates/949184059.json
-949205011	3	3	3	records/p3/flag-certificates/949205011.json
-949248815	3	3	243	records/p3/flag-certificates/949248815.json
-949310511	3	3	9	records/p3/flag-certificates/949310511.json
-949437363	3	3	3	records/p3/flag-certificates/949437363.json
-949490984	3	3	3	records/p3/flag-certificates/949490984.json
-949591687	3	3	27	records/p3/flag-certificates/949591687.json
-949686963	3	3	3	records/p3/flag-certificates/949686963.json
-949900548	3	3	3	records/p3/flag-certificates/949900548.json
-949984759	3	3	3	records/p3/flag-certificates/949984759.json
-950047172	3	3	3	records/p3/flag-certificates/950047172.json
-950112051	3	3	9	records/p3/flag-certificates/950112051.json
-950127047	3	3	3	records/p3/flag-certificates/950127047.json
-950187767	3	3	3	records/p3/flag-certificates/950187767.json
-950274239	3	3	3	records/p3/flag-certificates/950274239.json
-950514779	3	3	3	records/p3/flag-certificates/950514779.json
-950665247	3	3	3	records/p3/flag-certificates/950665247.json
-950702564	3	3	9	records/p3/flag-certificates/950702564.json
-950725380	3	3	3	records/p3/flag-certificates/950725380.json
-950750719	3	3	3	records/p3/flag-certificates/950750719.json
-950860612	3	3	3	records/p3/flag-certificates/950860612.json
-950866703	3	3	3	records/p3/flag-certificates/950866703.json
-950957203	3	3	3	records/p3/flag-certificates/950957203.json
-951012987	3	3	3	records/p3/flag-certificates/951012987.json
-951072491	3	3	9	records/p3/flag-certificates/951072491.json
-951354427	3	3	3	records/p3/flag-certificates/951354427.json
-951465287	3	3	3	records/p3/flag-certificates/951465287.json
-951711112	3	3	3	records/p3/flag-certificates/951711112.json
-951816271	3	3	3	records/p3/flag-certificates/951816271.json
-951821159	3	3	3	records/p3/flag-certificates/951821159.json
-951905635	3	3	3	records/p3/flag-certificates/951905635.json
-952064456	3	3	3	records/p3/flag-certificates/952064456.json
-952336811	3	3	3	records/p3/flag-certificates/952336811.json
-952365279	3	3	3	records/p3/flag-certificates/952365279.json
-952382127	3	3	3	records/p3/flag-certificates/952382127.json
-952413720	3	3	3	records/p3/flag-certificates/952413720.json
-952480299	3	3	3	records/p3/flag-certificates/952480299.json
-952539880	3	3	3	records/p3/flag-certificates/952539880.json
-952555183	3	3	3	records/p3/flag-certificates/952555183.json
-952876527	3	3	3	records/p3/flag-certificates/952876527.json
-953072519	3	3	3	records/p3/flag-certificates/953072519.json
-953184395	3	3	3	records/p3/flag-certificates/953184395.json
-953221747	3	3	3	records/p3/flag-certificates/953221747.json
-953270036	3	3	3	records/p3/flag-certificates/953270036.json
-953295256	3	3	3	records/p3/flag-certificates/953295256.json
-953339471	3	3	3	records/p3/flag-certificates/953339471.json
-953383844	3	3	3	records/p3/flag-certificates/953383844.json
-953453879	3	3	3	records/p3/flag-certificates/953453879.json
-953692763	3	3	3	records/p3/flag-certificates/953692763.json
-953728052	3	3	3	records/p3/flag-certificates/953728052.json
-953728264	3	3	3	records/p3/flag-certificates/953728264.json
-953768839	3	3	3	records/p3/flag-certificates/953768839.json
-953818903	3	3	3	records/p3/flag-certificates/953818903.json
-953865267	3	3	3	records/p3/flag-certificates/953865267.json
-953898143	3	3	3	records/p3/flag-certificates/953898143.json
-953922559	3	3	3	records/p3/flag-certificates/953922559.json
-954198463	3	3	3	records/p3/flag-certificates/954198463.json
-954263679	3	3	3	records/p3/flag-certificates/954263679.json
-954334579	3	3	81	records/p3/flag-certificates/954334579.json
-954344351	3	3	3	records/p3/flag-certificates/954344351.json
-954356276	3	3	3	records/p3/flag-certificates/954356276.json
-954432008	3	3	27	records/p3/flag-certificates/954432008.json
-954772276	3	3	3	records/p3/flag-certificates/954772276.json
-954915415	3	3	9	records/p3/flag-certificates/954915415.json
-955012623	3	3	3	records/p3/flag-certificates/955012623.json
-955117067	3	3	3	records/p3/flag-certificates/955117067.json
-955251267	3	3	3	records/p3/flag-certificates/955251267.json
-955308283	3	3	3	records/p3/flag-certificates/955308283.json
-955332708	3	3	3	records/p3/flag-certificates/955332708.json
-955390571	3	3	9	records/p3/flag-certificates/955390571.json
-955460392	3	3	3	records/p3/flag-certificates/955460392.json
-955669619	3	3	3	records/p3/flag-certificates/955669619.json
-955759463	3	3	3	records/p3/flag-certificates/955759463.json
-955867780	3	3	3	records/p3/flag-certificates/955867780.json
-955871759	3	3	3	records/p3/flag-certificates/955871759.json
-955980635	3	3	9	records/p3/flag-certificates/955980635.json
-956013419	3	3	3	records/p3/flag-certificates/956013419.json
-956271828	3	3	81	records/p3/flag-certificates/956271828.json
-956312611	3	3	81	records/p3/flag-certificates/956312611.json
-956495444	3	3	3	records/p3/flag-certificates/956495444.json
-956604559	3	3	3	records/p3/flag-certificates/956604559.json
-956627779	3	3	3	records/p3/flag-certificates/956627779.json
-956787828	3	3	3	records/p3/flag-certificates/956787828.json
-956835992	3	3	3	records/p3/flag-certificates/956835992.json
-956898964	3	3	9	records/p3/flag-certificates/956898964.json
-957000127	3	3	3	records/p3/flag-certificates/957000127.json
-957028395	3	3	3	records/p3/flag-certificates/957028395.json
-957091303	3	3	3	records/p3/flag-certificates/957091303.json
-957108919	3	3	3	records/p3/flag-certificates/957108919.json
-957353396	3	3	3	records/p3/flag-certificates/957353396.json
-957476291	3	3	3	records/p3/flag-certificates/957476291.json
-957605747	3	3	3	records/p3/flag-certificates/957605747.json
-957635219	3	3	3	records/p3/flag-certificates/957635219.json
-957873603	3	3	3	records/p3/flag-certificates/957873603.json
-957929947	3	3	3	records/p3/flag-certificates/957929947.json
-958047891	3	3	3	records/p3/flag-certificates/958047891.json
-958054179	3	3	3	records/p3/flag-certificates/958054179.json
-958089511	3	3	3	records/p3/flag-certificates/958089511.json
-958277816	3	3	3	records/p3/flag-certificates/958277816.json
-958549188	3	3	3	records/p3/flag-certificates/958549188.json
-958590383	3	3	3	records/p3/flag-certificates/958590383.json
-958597204	3	3	3	records/p3/flag-certificates/958597204.json
-958626443	3	3	3	records/p3/flag-certificates/958626443.json
-958765823	3	3	3	records/p3/flag-certificates/958765823.json
-958791187	3	3	3	records/p3/flag-certificates/958791187.json
-958908692	3	3	3	records/p3/flag-certificates/958908692.json
-958931432	3	3	3	records/p3/flag-certificates/958931432.json
-959068491	3	3	3	records/p3/flag-certificates/959068491.json
-959098515	3	3	3	records/p3/flag-certificates/959098515.json
-959108388	3	3	3	records/p3/flag-certificates/959108388.json
-959218439	3	3	3	records/p3/flag-certificates/959218439.json
-959310451	3	3	3	records/p3/flag-certificates/959310451.json
-959340859	3	3	3	records/p3/flag-certificates/959340859.json
-959453384	3	3	3	records/p3/flag-certificates/959453384.json
-959540851	3	3	3	records/p3/flag-certificates/959540851.json
-959569927	3	3	27	records/p3/flag-certificates/959569927.json
-959579427	3	3	81	records/p3/flag-certificates/959579427.json
-959646379	3	3	3	records/p3/flag-certificates/959646379.json
-959764228	3	3	3	records/p3/flag-certificates/959764228.json
-960119291	3	3	3	records/p3/flag-certificates/960119291.json
-960235663	3	3	3	records/p3/flag-certificates/960235663.json
-960275944	3	3	3	records/p3/flag-certificates/960275944.json
-960607427	3	3	3	records/p3/flag-certificates/960607427.json
-960630491	3	3	3	records/p3/flag-certificates/960630491.json
-960638519	3	3	3	records/p3/flag-certificates/960638519.json
-960697992	3	3	9	records/p3/flag-certificates/960697992.json
-960709783	3	3	3	records/p3/flag-certificates/960709783.json
-960720511	3	3	3	records/p3/flag-certificates/960720511.json
-960861611	3	3	3	records/p3/flag-certificates/960861611.json
-960867732	3	3	3	records/p3/flag-certificates/960867732.json
-960961603	3	3	3	records/p3/flag-certificates/960961603.json
-960990515	3	3	3	records/p3/flag-certificates/960990515.json
-961059143	3	3	3	records/p3/flag-certificates/961059143.json
-961450331	3	3	3	records/p3/flag-certificates/961450331.json
-961602751	3	3	9	records/p3/flag-certificates/961602751.json
-961788568	3	3	3	records/p3/flag-certificates/961788568.json
-961904595	3	3	3	records/p3/flag-certificates/961904595.json
-962038772	3	3	27	records/p3/flag-certificates/962038772.json
-962057791	3	3	3	records/p3/flag-certificates/962057791.json
-962093780	3	3	3	records/p3/flag-certificates/962093780.json
-962107243	3	3	3	records/p3/flag-certificates/962107243.json
-962295511	3	3	3	records/p3/flag-certificates/962295511.json
-962347096	3	3	3	records/p3/flag-certificates/962347096.json
-962416407	3	3	3	records/p3/flag-certificates/962416407.json
-962423704	3	3	3	records/p3/flag-certificates/962423704.json
-962615363	3	3	3	records/p3/flag-certificates/962615363.json
-962713016	3	3	3	records/p3/flag-certificates/962713016.json
-962829716	3	3	3	records/p3/flag-certificates/962829716.json
-962857928	3	3	3	records/p3/flag-certificates/962857928.json
-962992779	3	3	3	records/p3/flag-certificates/962992779.json
-963100939	3	3	3	records/p3/flag-certificates/963100939.json
-963120615	3	3	3	records/p3/flag-certificates/963120615.json
-963123656	3	3	3	records/p3/flag-certificates/963123656.json
-963503908	3	3	3	records/p3/flag-certificates/963503908.json
-963632711	3	3	3	records/p3/flag-certificates/963632711.json
-963642047	3	3	3	records/p3/flag-certificates/963642047.json
-963748472	3	3	3	records/p3/flag-certificates/963748472.json
-964007364	3	3	3	records/p3/flag-certificates/964007364.json
-964084883	3	3	9	records/p3/flag-certificates/964084883.json
-964218055	3	3	3	records/p3/flag-certificates/964218055.json
-964419207	3	3	3	records/p3/flag-certificates/964419207.json
-964440020	3	3	9	records/p3/flag-certificates/964440020.json
-964468759	3	3	3	records/p3/flag-certificates/964468759.json
-964500295	3	3	3	records/p3/flag-certificates/964500295.json
-964522763	3	3	3	records/p3/flag-certificates/964522763.json
-964558087	3	3	3	records/p3/flag-certificates/964558087.json
-964807383	3	3	3	records/p3/flag-certificates/964807383.json
-964814051	3	3	3	records/p3/flag-certificates/964814051.json
-964892363	3	3	3	records/p3/flag-certificates/964892363.json
-964894195	3	3	3	records/p3/flag-certificates/964894195.json
-964912920	3	3	3	records/p3/flag-certificates/964912920.json
-964943063	3	3	9	records/p3/flag-certificates/964943063.json
-965014195	3	3	3	records/p3/flag-certificates/965014195.json
-965046235	3	3	3	records/p3/flag-certificates/965046235.json
-965150539	3	3	3	records/p3/flag-certificates/965150539.json
-965166360	3	3	3	records/p3/flag-certificates/965166360.json
-965256440	3	3	3	records/p3/flag-certificates/965256440.json
-965263047	3	3	3	records/p3/flag-certificates/965263047.json
-965303635	3	3	3	records/p3/flag-certificates/965303635.json
-965358283	3	3	3	records/p3/flag-certificates/965358283.json
-965438360	3	3	3	records/p3/flag-certificates/965438360.json
-965501044	3	3	3	records/p3/flag-certificates/965501044.json
-965553079	3	3	3	records/p3/flag-certificates/965553079.json
-965582916	3	3	3	records/p3/flag-certificates/965582916.json
-965614719	3	3	3	records/p3/flag-certificates/965614719.json
-965672419	3	3	6561	records/p3/flag-certificates/965672419.json
-965804083	3	3	3	records/p3/flag-certificates/965804083.json
-965879743	3	3	27	records/p3/flag-certificates/965879743.json
-965930772	3	3	3	records/p3/flag-certificates/965930772.json
-965933587	3	3	81	records/p3/flag-certificates/965933587.json
-966010879	3	3	3	records/p3/flag-certificates/966010879.json
-966088387	3	3	3	records/p3/flag-certificates/966088387.json
-966159172	3	3	3	records/p3/flag-certificates/966159172.json
-966406343	3	3	27	records/p3/flag-certificates/966406343.json
-966415076	3	3	9	records/p3/flag-certificates/966415076.json
-966592040	3	3	3	records/p3/flag-certificates/966592040.json
-966709992	3	3	3	records/p3/flag-certificates/966709992.json
-966735143	3	3	3	records/p3/flag-certificates/966735143.json
-966822328	3	3	9	records/p3/flag-certificates/966822328.json
-966828803	3	3	3	records/p3/flag-certificates/966828803.json
-966878327	3	3	3	records/p3/flag-certificates/966878327.json
-966982339	3	3	3	records/p3/flag-certificates/966982339.json
-967113779	3	3	3	records/p3/flag-certificates/967113779.json
-967150331	3	3	3	records/p3/flag-certificates/967150331.json
-967172755	3	3	3	records/p3/flag-certificates/967172755.json
-967187279	3	3	3	records/p3/flag-certificates/967187279.json
-967216823	3	3	3	records/p3/flag-certificates/967216823.json
-967294051	3	3	3	records/p3/flag-certificates/967294051.json
-967324436	3	3	3	records/p3/flag-certificates/967324436.json
-967326979	3	3	3	records/p3/flag-certificates/967326979.json
-967329679	3	3	3	records/p3/flag-certificates/967329679.json
-967373015	3	3	3	records/p3/flag-certificates/967373015.json
-967596612	3	3	3	records/p3/flag-certificates/967596612.json
-967608392	3	3	3	records/p3/flag-certificates/967608392.json
-967610035	3	3	3	records/p3/flag-certificates/967610035.json
-967684088	3	3	3	records/p3/flag-certificates/967684088.json
-967753659	3	3	3	records/p3/flag-certificates/967753659.json
-967819115	3	3	3	records/p3/flag-certificates/967819115.json
-967886299	3	3	9	records/p3/flag-certificates/967886299.json
-967932276	3	3	3	records/p3/flag-certificates/967932276.json
-968063752	3	3	3	records/p3/flag-certificates/968063752.json
-968179747	3	3	3	records/p3/flag-certificates/968179747.json
-968184695	3	3	3	records/p3/flag-certificates/968184695.json
-968218567	3	3	3	records/p3/flag-certificates/968218567.json
-968246639	3	3	3	records/p3/flag-certificates/968246639.json
-968271272	3	3	3	records/p3/flag-certificates/968271272.json
-968381508	3	3	3	records/p3/flag-certificates/968381508.json
-968437895	3	3	3	records/p3/flag-certificates/968437895.json
-968639959	3	3	3	records/p3/flag-certificates/968639959.json
-968669960	3	3	3	records/p3/flag-certificates/968669960.json
-968931271	3	3	3	records/p3/flag-certificates/968931271.json
-968994451	3	3	3	records/p3/flag-certificates/968994451.json
-969023435	3	3	3	records/p3/flag-certificates/969023435.json
-969025443	3	3	3	records/p3/flag-certificates/969025443.json
-969105595	3	3	3	records/p3/flag-certificates/969105595.json
-969140564	3	3	3	records/p3/flag-certificates/969140564.json
-969329271	3	3	9	records/p3/flag-certificates/969329271.json
-969375176	3	3	81	records/p3/flag-certificates/969375176.json
-969384023	3	3	3	records/p3/flag-certificates/969384023.json
-969530687	3	3	3	records/p3/flag-certificates/969530687.json
-969580047	3	3	3	records/p3/flag-certificates/969580047.json
-969611828	3	3	3	records/p3/flag-certificates/969611828.json
-969912116	3	3	27	records/p3/flag-certificates/969912116.json
-970016991	3	3	3	records/p3/flag-certificates/970016991.json
-970051327	3	3	3	records/p3/flag-certificates/970051327.json
-970284983	3	3	3	records/p3/flag-certificates/970284983.json
-970287923	3	3	3	records/p3/flag-certificates/970287923.json
-970676932	3	3	3	records/p3/flag-certificates/970676932.json
-970770376	3	3	3	records/p3/flag-certificates/970770376.json
-971246852	3	3	3	records/p3/flag-certificates/971246852.json
-971301956	3	3	3	records/p3/flag-certificates/971301956.json
-971327471	3	3	3	records/p3/flag-certificates/971327471.json
-971353279	3	3	3	records/p3/flag-certificates/971353279.json
-971366287	3	3	3	records/p3/flag-certificates/971366287.json
-971398536	3	3	3	records/p3/flag-certificates/971398536.json
-971411172	3	3	3	records/p3/flag-certificates/971411172.json
-971590436	3	3	3	records/p3/flag-certificates/971590436.json
-971601083	3	3	2187	records/p3/flag-certificates/971601083.json
-971616927	3	3	3	records/p3/flag-certificates/971616927.json
-971959999	3	3	3	records/p3/flag-certificates/971959999.json
-972086712	3	3	3	records/p3/flag-certificates/972086712.json
-972179203	3	3	3	records/p3/flag-certificates/972179203.json
-972218740	3	3	3	records/p3/flag-certificates/972218740.json
-972352583	3	3	3	records/p3/flag-certificates/972352583.json
-972434095	3	3	3	records/p3/flag-certificates/972434095.json
-972455699	3	3	3	records/p3/flag-certificates/972455699.json
-972493988	3	3	3	records/p3/flag-certificates/972493988.json
-972501027	3	3	3	records/p3/flag-certificates/972501027.json
-972527448	3	3	3	records/p3/flag-certificates/972527448.json
-972614495	3	3	3	records/p3/flag-certificates/972614495.json
-972701115	3	3	3	records/p3/flag-certificates/972701115.json
-972763355	3	3	3	records/p3/flag-certificates/972763355.json
-972791247	3	3	3	records/p3/flag-certificates/972791247.json
-972836923	3	3	3	records/p3/flag-certificates/972836923.json
-973065047	3	3	3	records/p3/flag-certificates/973065047.json
-973161079	3	3	3	records/p3/flag-certificates/973161079.json
-973180087	3	3	3	records/p3/flag-certificates/973180087.json
-973188607	3	3	3	records/p3/flag-certificates/973188607.json
-973236795	3	3	3	records/p3/flag-certificates/973236795.json
-973293035	3	3	3	records/p3/flag-certificates/973293035.json
-973464536	3	3	9	records/p3/flag-certificates/973464536.json
-973517588	3	3	3	records/p3/flag-certificates/973517588.json
-973615976	3	3	3	records/p3/flag-certificates/973615976.json
-973664071	3	3	3	records/p3/flag-certificates/973664071.json
-973701095	3	3	3	records/p3/flag-certificates/973701095.json
-973712119	3	3	3	records/p3/flag-certificates/973712119.json
-973766139	3	3	3	records/p3/flag-certificates/973766139.json
-973914499	3	3	3	records/p3/flag-certificates/973914499.json
-973944699	3	3	3	records/p3/flag-certificates/973944699.json
-973947156	3	3	3	records/p3/flag-certificates/973947156.json
-973995431	3	3	27	records/p3/flag-certificates/973995431.json
-974087663	3	3	3	records/p3/flag-certificates/974087663.json
-974157663	3	3	3	records/p3/flag-certificates/974157663.json
-974165203	3	3	3	records/p3/flag-certificates/974165203.json
-974208315	3	3	3	records/p3/flag-certificates/974208315.json
-974218120	3	3	3	records/p3/flag-certificates/974218120.json
-974252559	3	3	3	records/p3/flag-certificates/974252559.json
-974311447	3	3	3	records/p3/flag-certificates/974311447.json
-974545843	3	3	3	records/p3/flag-certificates/974545843.json
-974629555	3	3	3	records/p3/flag-certificates/974629555.json
-974649811	3	3	3	records/p3/flag-certificates/974649811.json
-974697251	3	3	9	records/p3/flag-certificates/974697251.json
-974740343	3	3	3	records/p3/flag-certificates/974740343.json
-974796439	3	3	3	records/p3/flag-certificates/974796439.json
-974817871	3	3	3	records/p3/flag-certificates/974817871.json
-974854471	3	3	3	records/p3/flag-certificates/974854471.json
-974872111	3	3	3	records/p3/flag-certificates/974872111.json
-974903419	3	3	3	records/p3/flag-certificates/974903419.json
-974907247	3	3	3	records/p3/flag-certificates/974907247.json
-975034356	3	3	3	records/p3/flag-certificates/975034356.json
-975105695	3	3	3	records/p3/flag-certificates/975105695.json
-975177923	3	3	3	records/p3/flag-certificates/975177923.json
-975310339	3	3	3	records/p3/flag-certificates/975310339.json
-975380187	3	3	3	records/p3/flag-certificates/975380187.json
-975642152	3	3	3	records/p3/flag-certificates/975642152.json
-975662516	3	3	3	records/p3/flag-certificates/975662516.json
-975763592	3	3	3	records/p3/flag-certificates/975763592.json
-975796703	3	3	9	records/p3/flag-certificates/975796703.json
-975830311	3	3	3	records/p3/flag-certificates/975830311.json
-975841771	3	3	3	records/p3/flag-certificates/975841771.json
-975884804	3	3	3	records/p3/flag-certificates/975884804.json
-975978884	3	3	3	records/p3/flag-certificates/975978884.json
-976098671	3	3	3	records/p3/flag-certificates/976098671.json
-976254439	3	3	3	records/p3/flag-certificates/976254439.json
-976310143	3	3	9	records/p3/flag-certificates/976310143.json
-976314111	3	3	3	records/p3/flag-certificates/976314111.json
-976359407	3	3	3	records/p3/flag-certificates/976359407.json
-976413176	3	3	3	records/p3/flag-certificates/976413176.json
-976416695	3	3	3	records/p3/flag-certificates/976416695.json
-976432984	3	3	3	records/p3/flag-certificates/976432984.json
-976491411	3	3	3	records/p3/flag-certificates/976491411.json
-976541044	3	3	3	records/p3/flag-certificates/976541044.json
-976751512	3	3	3	records/p3/flag-certificates/976751512.json
-976765631	3	3	3	records/p3/flag-certificates/976765631.json
-976767815	3	3	3	records/p3/flag-certificates/976767815.json
-976837431	3	3	3	records/p3/flag-certificates/976837431.json
-976863019	3	3	3	records/p3/flag-certificates/976863019.json
-977023491	3	3	9	records/p3/flag-certificates/977023491.json
-977106308	3	3	3	records/p3/flag-certificates/977106308.json
-977134216	3	3	3	records/p3/flag-certificates/977134216.json
-977256523	3	3	3	records/p3/flag-certificates/977256523.json
-977352452	3	3	27	records/p3/flag-certificates/977352452.json
-977458155	3	3	27	records/p3/flag-certificates/977458155.json
-977714708	3	3	3	records/p3/flag-certificates/977714708.json
-977802772	3	3	3	records/p3/flag-certificates/977802772.json
-977803843	3	3	3	records/p3/flag-certificates/977803843.json
-977945727	3	3	9	records/p3/flag-certificates/977945727.json
-978005991	3	3	3	records/p3/flag-certificates/978005991.json
-978085631	3	3	3	records/p3/flag-certificates/978085631.json
-978224647	3	3	3	records/p3/flag-certificates/978224647.json
-978298696	3	3	3	records/p3/flag-certificates/978298696.json
-978311011	3	3	3	records/p3/flag-certificates/978311011.json
-978379211	3	3	3	records/p3/flag-certificates/978379211.json
-978384823	3	3	81	records/p3/flag-certificates/978384823.json
-978398635	3	3	3	records/p3/flag-certificates/978398635.json
-978419499	3	3	3	records/p3/flag-certificates/978419499.json
-978462728	3	3	3	records/p3/flag-certificates/978462728.json
-978482488	3	3	3	records/p3/flag-certificates/978482488.json
-978588859	3	3	3	records/p3/flag-certificates/978588859.json
-978691476	3	3	81	records/p3/flag-certificates/978691476.json
-978810551	3	3	3	records/p3/flag-certificates/978810551.json
-978833044	3	3	3	records/p3/flag-certificates/978833044.json
-978882431	3	3	3	records/p3/flag-certificates/978882431.json
-979190799	3	3	3	records/p3/flag-certificates/979190799.json
-979227735	3	3	3	records/p3/flag-certificates/979227735.json
-979331331	3	3	3	records/p3/flag-certificates/979331331.json
-979436552	3	3	3	records/p3/flag-certificates/979436552.json
-979626839	3	3	3	records/p3/flag-certificates/979626839.json
-979819507	3	3	3	records/p3/flag-certificates/979819507.json
-979829419	3	3	3	records/p3/flag-certificates/979829419.json
-979911911	3	3	3	records/p3/flag-certificates/979911911.json
-979974023	3	3	3	records/p3/flag-certificates/979974023.json
-980143579	3	3	3	records/p3/flag-certificates/980143579.json
-980257099	3	3	3	records/p3/flag-certificates/980257099.json
-980494504	3	3	3	records/p3/flag-certificates/980494504.json
-980538344	3	3	3	records/p3/flag-certificates/980538344.json
-980596059	3	3	3	records/p3/flag-certificates/980596059.json
-980711288	3	3	3	records/p3/flag-certificates/980711288.json
-980725531	3	3	3	records/p3/flag-certificates/980725531.json
-980765891	3	3	27	records/p3/flag-certificates/980765891.json
-980826760	3	3	3	records/p3/flag-certificates/980826760.json
-980830807	3	3	3	records/p3/flag-certificates/980830807.json
-980909583	3	3	3	records/p3/flag-certificates/980909583.json
-981046867	3	3	3	records/p3/flag-certificates/981046867.json
-981049848	3	3	3	records/p3/flag-certificates/981049848.json
-981066011	3	3	3	records/p3/flag-certificates/981066011.json
-981265060	3	3	3	records/p3/flag-certificates/981265060.json
-981301208	3	3	3	records/p3/flag-certificates/981301208.json
-981347747	3	3	3	records/p3/flag-certificates/981347747.json
-981517587	3	3	3	records/p3/flag-certificates/981517587.json
-981593108	3	3	3	records/p3/flag-certificates/981593108.json
-981620695	3	3	3	records/p3/flag-certificates/981620695.json
-981636599	3	3	3	records/p3/flag-certificates/981636599.json
-981639123	3	3	3	records/p3/flag-certificates/981639123.json
-981710004	3	3	3	records/p3/flag-certificates/981710004.json
-981744295	3	3	3	records/p3/flag-certificates/981744295.json
-981837096	3	3	3	records/p3/flag-certificates/981837096.json
-981863803	3	3	3	records/p3/flag-certificates/981863803.json
-982009496	3	3	3	records/p3/flag-certificates/982009496.json
-982070203	3	3	3	records/p3/flag-certificates/982070203.json
-982159843	3	3	3	records/p3/flag-certificates/982159843.json
-982299191	3	3	3	records/p3/flag-certificates/982299191.json
-982350127	3	3	3	records/p3/flag-certificates/982350127.json
-982382628	3	3	3	records/p3/flag-certificates/982382628.json
-982400351	3	3	3	records/p3/flag-certificates/982400351.json
-982511603	3	3	3	records/p3/flag-certificates/982511603.json
-982568503	3	3	3	records/p3/flag-certificates/982568503.json
-982775047	3	3	3	records/p3/flag-certificates/982775047.json
-982787087	3	3	3	records/p3/flag-certificates/982787087.json
-982806479	3	3	3	records/p3/flag-certificates/982806479.json
-982852827	3	3	3	records/p3/flag-certificates/982852827.json
-982951719	3	3	3	records/p3/flag-certificates/982951719.json
-983044132	3	3	3	records/p3/flag-certificates/983044132.json
-983096715	3	3	3	records/p3/flag-certificates/983096715.json
-983273587	3	3	3	records/p3/flag-certificates/983273587.json
-983276180	3	3	3	records/p3/flag-certificates/983276180.json
-983289844	3	3	3	records/p3/flag-certificates/983289844.json
-983317327	3	3	3	records/p3/flag-certificates/983317327.json
-983349663	3	3	27	records/p3/flag-certificates/983349663.json
-983370568	3	3	3	records/p3/flag-certificates/983370568.json
-983458871	3	3	3	records/p3/flag-certificates/983458871.json
-983479448	3	3	3	records/p3/flag-certificates/983479448.json
-983628984	3	3	3	records/p3/flag-certificates/983628984.json
-983994760	3	3	3	records/p3/flag-certificates/983994760.json
-984059031	3	3	27	records/p3/flag-certificates/984059031.json
-984169736	3	3	3	records/p3/flag-certificates/984169736.json
-984180424	3	3	3	records/p3/flag-certificates/984180424.json
-984303627	3	3	3	records/p3/flag-certificates/984303627.json
-984359896	3	3	3	records/p3/flag-certificates/984359896.json
-984606024	3	3	3	records/p3/flag-certificates/984606024.json
-984644039	3	3	3	records/p3/flag-certificates/984644039.json
-984662827	3	3	3	records/p3/flag-certificates/984662827.json
-984821880	3	3	3	records/p3/flag-certificates/984821880.json
-984962964	3	3	3	records/p3/flag-certificates/984962964.json
-985017956	3	3	27	records/p3/flag-certificates/985017956.json
-985287912	3	3	3	records/p3/flag-certificates/985287912.json
-985379539	3	3	6561	records/p3/flag-certificates/985379539.json
-985379944	3	3	3	records/p3/flag-certificates/985379944.json
-985453316	3	3	3	records/p3/flag-certificates/985453316.json
-985621543	3	3	3	records/p3/flag-certificates/985621543.json
-985646840	3	3	3	records/p3/flag-certificates/985646840.json
-985648276	3	3	3	records/p3/flag-certificates/985648276.json
-985651188	3	3	3	records/p3/flag-certificates/985651188.json
-985780903	3	3	3	records/p3/flag-certificates/985780903.json
-985843128	3	3	9	records/p3/flag-certificates/985843128.json
-985883587	3	3	3	records/p3/flag-certificates/985883587.json
-985897923	3	3	3	records/p3/flag-certificates/985897923.json
-986057899	3	3	3	records/p3/flag-certificates/986057899.json
-986150903	3	3	3	records/p3/flag-certificates/986150903.json
-986161507	3	3	3	records/p3/flag-certificates/986161507.json
-986179459	3	3	3	records/p3/flag-certificates/986179459.json
-986183272	3	3	3	records/p3/flag-certificates/986183272.json
-986199287	3	3	3	records/p3/flag-certificates/986199287.json
-986248424	3	3	3	records/p3/flag-certificates/986248424.json
-986250127	3	3	3	records/p3/flag-certificates/986250127.json
-986382815	3	3	27	records/p3/flag-certificates/986382815.json
-986397535	3	3	3	records/p3/flag-certificates/986397535.json
-986464519	3	3	9	records/p3/flag-certificates/986464519.json
-986476504	3	3	3	records/p3/flag-certificates/986476504.json
-986509531	3	3	3	records/p3/flag-certificates/986509531.json
-986555723	3	3	3	records/p3/flag-certificates/986555723.json
-986569352	3	3	3	records/p3/flag-certificates/986569352.json
-986645924	3	3	3	records/p3/flag-certificates/986645924.json
-986675747	3	3	3	records/p3/flag-certificates/986675747.json
-986749860	3	3	3	records/p3/flag-certificates/986749860.json
-986786324	3	3	3	records/p3/flag-certificates/986786324.json
-986867979	3	3	3	records/p3/flag-certificates/986867979.json
-986930603	3	3	3	records/p3/flag-certificates/986930603.json
-987046067	3	3	3	records/p3/flag-certificates/987046067.json
-987169607	3	3	3	records/p3/flag-certificates/987169607.json
-987212263	3	3	3	records/p3/flag-certificates/987212263.json
-987289951	3	3	3	records/p3/flag-certificates/987289951.json
-987315479	3	3	3	records/p3/flag-certificates/987315479.json
-987329091	3	3	3	records/p3/flag-certificates/987329091.json
-987417128	3	3	3	records/p3/flag-certificates/987417128.json
-987442015	3	3	3	records/p3/flag-certificates/987442015.json
-987528059	3	3	3	records/p3/flag-certificates/987528059.json
-987561476	3	3	3	records/p3/flag-certificates/987561476.json
-987592612	3	3	3	records/p3/flag-certificates/987592612.json
-987772719	3	3	27	records/p3/flag-certificates/987772719.json
-987867259	3	3	3	records/p3/flag-certificates/987867259.json
-987898371	3	3	3	records/p3/flag-certificates/987898371.json
-987913671	3	3	3	records/p3/flag-certificates/987913671.json
-987914971	3	3	3	records/p3/flag-certificates/987914971.json
-987964007	3	3	3	records/p3/flag-certificates/987964007.json
-988024047	3	3	3	records/p3/flag-certificates/988024047.json
-988072471	3	3	3	records/p3/flag-certificates/988072471.json
-988124856	3	3	3	records/p3/flag-certificates/988124856.json
-988167931	3	3	3	records/p3/flag-certificates/988167931.json
-988238443	3	3	9	records/p3/flag-certificates/988238443.json
-988296131	3	3	3	records/p3/flag-certificates/988296131.json
-988365444	3	3	3	records/p3/flag-certificates/988365444.json
-988447540	3	3	3	records/p3/flag-certificates/988447540.json
-988583208	3	3	27	records/p3/flag-certificates/988583208.json
-988699351	3	3	3	records/p3/flag-certificates/988699351.json
-988744287	3	3	3	records/p3/flag-certificates/988744287.json
-988870451	3	3	9	records/p3/flag-certificates/988870451.json
-988957427	3	3	9	records/p3/flag-certificates/988957427.json
-989097891	3	3	3	records/p3/flag-certificates/989097891.json
-989233396	3	3	3	records/p3/flag-certificates/989233396.json
-989311983	3	3	3	records/p3/flag-certificates/989311983.json
-989351603	3	3	3	records/p3/flag-certificates/989351603.json
-989461572	3	3	3	records/p3/flag-certificates/989461572.json
-989706756	3	3	3	records/p3/flag-certificates/989706756.json
-989717444	3	3	3	records/p3/flag-certificates/989717444.json
-989722987	3	3	3	records/p3/flag-certificates/989722987.json
-990017972	3	3	3	records/p3/flag-certificates/990017972.json
-990243748	3	3	3	records/p3/flag-certificates/990243748.json
-990328436	3	3	3	records/p3/flag-certificates/990328436.json
-990347387	3	3	3	records/p3/flag-certificates/990347387.json
-990347899	3	3	3	records/p3/flag-certificates/990347899.json
-990425019	3	3	3	records/p3/flag-certificates/990425019.json
-990453831	3	3	3	records/p3/flag-certificates/990453831.json
-990800399	3	3	3	records/p3/flag-certificates/990800399.json
-990844788	3	3	3	records/p3/flag-certificates/990844788.json
-990849428	3	3	3	records/p3/flag-certificates/990849428.json
-990958907	3	3	3	records/p3/flag-certificates/990958907.json
-991103172	3	3	3	records/p3/flag-certificates/991103172.json
-991210243	3	3	3	records/p3/flag-certificates/991210243.json
-991226199	3	3	3	records/p3/flag-certificates/991226199.json
-991531299	3	3	27	records/p3/flag-certificates/991531299.json
-991781011	3	3	3	records/p3/flag-certificates/991781011.json
-991933327	3	3	3	records/p3/flag-certificates/991933327.json
-991949032	3	3	3	records/p3/flag-certificates/991949032.json
-991980247	3	3	3	records/p3/flag-certificates/991980247.json
-992065071	3	3	3	records/p3/flag-certificates/992065071.json
-992134776	3	3	3	records/p3/flag-certificates/992134776.json
-992233063	3	3	3	records/p3/flag-certificates/992233063.json
-992287799	3	3	3	records/p3/flag-certificates/992287799.json
-992364212	3	3	3	records/p3/flag-certificates/992364212.json
-992462964	3	3	3	records/p3/flag-certificates/992462964.json
-992564707	3	3	3	records/p3/flag-certificates/992564707.json
-992692795	3	3	3	records/p3/flag-certificates/992692795.json
-992744835	3	3	3	records/p3/flag-certificates/992744835.json
-992931347	3	3	3	records/p3/flag-certificates/992931347.json
-992977267	3	3	3	records/p3/flag-certificates/992977267.json
-993010807	3	3	3	records/p3/flag-certificates/993010807.json
-993030820	3	3	3	records/p3/flag-certificates/993030820.json
-993202927	3	3	3	records/p3/flag-certificates/993202927.json
-993312987	3	3	3	records/p3/flag-certificates/993312987.json
-993417415	3	3	3	records/p3/flag-certificates/993417415.json
-993497163	3	3	3	records/p3/flag-certificates/993497163.json
-993577115	3	3	3	records/p3/flag-certificates/993577115.json
-993579351	3	3	3	records/p3/flag-certificates/993579351.json
-993611591	3	3	3	records/p3/flag-certificates/993611591.json
-993827444	3	3	3	records/p3/flag-certificates/993827444.json
-994072052	3	3	3	records/p3/flag-certificates/994072052.json
-994223155	3	3	9	records/p3/flag-certificates/994223155.json
-994250119	3	3	3	records/p3/flag-certificates/994250119.json
-994260547	3	3	3	records/p3/flag-certificates/994260547.json
-994471615	3	3	81	records/p3/flag-certificates/994471615.json
-994479223	3	3	3	records/p3/flag-certificates/994479223.json
-994508167	3	3	3	records/p3/flag-certificates/994508167.json
-994511983	3	3	3	records/p3/flag-certificates/994511983.json
-994569871	3	3	3	records/p3/flag-certificates/994569871.json
-994643043	3	3	3	records/p3/flag-certificates/994643043.json
-994718680	3	3	3	records/p3/flag-certificates/994718680.json
-994813752	3	3	3	records/p3/flag-certificates/994813752.json
-995051427	3	3	3	records/p3/flag-certificates/995051427.json
-995097515	3	3	3	records/p3/flag-certificates/995097515.json
-995178119	3	3	3	records/p3/flag-certificates/995178119.json
-995188679	3	3	27	records/p3/flag-certificates/995188679.json
-995233231	3	3	3	records/p3/flag-certificates/995233231.json
-995276703	3	3	9	records/p3/flag-certificates/995276703.json
-995516664	3	3	3	records/p3/flag-certificates/995516664.json
-995519351	3	3	3	records/p3/flag-certificates/995519351.json
-995747995	3	3	3	records/p3/flag-certificates/995747995.json
-995934203	3	3	3	records/p3/flag-certificates/995934203.json
-995936180	3	3	3	records/p3/flag-certificates/995936180.json
-995950651	3	3	3	records/p3/flag-certificates/995950651.json
-995983747	3	3	3	records/p3/flag-certificates/995983747.json
-996095811	3	3	3	records/p3/flag-certificates/996095811.json
-996140543	3	3	3	records/p3/flag-certificates/996140543.json
-996452911	3	3	3	records/p3/flag-certificates/996452911.json
-996480599	3	3	3	records/p3/flag-certificates/996480599.json
-996692791	3	3	3	records/p3/flag-certificates/996692791.json
-996758963	3	3	3	records/p3/flag-certificates/996758963.json
-996764903	3	3	3	records/p3/flag-certificates/996764903.json
-996813172	3	3	3	records/p3/flag-certificates/996813172.json
-996946751	3	3	3	records/p3/flag-certificates/996946751.json
-997034916	3	3	81	records/p3/flag-certificates/997034916.json
-997041092	3	3	3	records/p3/flag-certificates/997041092.json
-997145791	3	3	3	records/p3/flag-certificates/997145791.json
-997156751	3	3	3	records/p3/flag-certificates/997156751.json
-997224251	3	3	9	records/p3/flag-certificates/997224251.json
-997275431	3	3	3	records/p3/flag-certificates/997275431.json
-997275896	3	3	3	records/p3/flag-certificates/997275896.json
-997770115	3	3	3	records/p3/flag-certificates/997770115.json
-997862063	3	3	3	records/p3/flag-certificates/997862063.json
-997964040	3	3	3	records/p3/flag-certificates/997964040.json
-997996587	3	3	3	records/p3/flag-certificates/997996587.json
-998089779	3	3	3	records/p3/flag-certificates/998089779.json
-998122835	3	3	3	records/p3/flag-certificates/998122835.json
-998137027	3	3	3	records/p3/flag-certificates/998137027.json
-998161915	3	3	3	records/p3/flag-certificates/998161915.json
-998177988	3	3	3	records/p3/flag-certificates/998177988.json
-998224531	3	3	3	records/p3/flag-certificates/998224531.json
-998310088	3	3	3	records/p3/flag-certificates/998310088.json
-998323591	3	3	3	records/p3/flag-certificates/998323591.json
-998325163	3	3	3	records/p3/flag-certificates/998325163.json
-998611032	3	3	3	records/p3/flag-certificates/998611032.json
-998669399	3	3	3	records/p3/flag-certificates/998669399.json
-998683303	3	3	27	records/p3/flag-certificates/998683303.json
-998719240	3	3	3	records/p3/flag-certificates/998719240.json
-998786392	3	3	3	records/p3/flag-certificates/998786392.json
-998958484	3	3	3	records/p3/flag-certificates/998958484.json
-998987695	3	3	3	records/p3/flag-certificates/998987695.json
-999009411	3	3	243	records/p3/flag-certificates/999009411.json
-999067395	3	3	3	records/p3/flag-certificates/999067395.json
-999412567	3	3	3	records/p3/flag-certificates/999412567.json
-999418679	3	3	3	records/p3/flag-certificates/999418679.json
-999585268	3	3	3	records/p3/flag-certificates/999585268.json
-999593108	3	3	3	records/p3/flag-certificates/999593108.json
-999631591	3	3	3	records/p3/flag-certificates/999631591.json
-999842216	3	3	3	records/p3/flag-certificates/999842216.json
-999923207	3	3	3	records/p3/flag-certificates/999923207.json
-999990363	3	3	3	records/p3/flag-certificates/999990363.json
-1000114823	3	3	3	records/p3/flag-certificates/1000114823.json
-1000230135	3	3	3	records/p3/flag-certificates/1000230135.json
-1000237659	3	3	3	records/p3/flag-certificates/1000237659.json
-1000260916	3	3	3	records/p3/flag-certificates/1000260916.json
-1000352083	3	3	3	records/p3/flag-certificates/1000352083.json
-1000369428	3	3	9	records/p3/flag-certificates/1000369428.json
-1000488436	3	3	3	records/p3/flag-certificates/1000488436.json
-1000715032	3	3	9	records/p3/flag-certificates/1000715032.json
-1000719988	3	3	3	records/p3/flag-certificates/1000719988.json
-1000758548	3	3	3	records/p3/flag-certificates/1000758548.json
-1000774808	3	3	3	records/p3/flag-certificates/1000774808.json
-1000877423	3	3	3	records/p3/flag-certificates/1000877423.json
-1000954571	3	3	3	records/p3/flag-certificates/1000954571.json
-1000976836	3	3	81	records/p3/flag-certificates/1000976836.json
-1001081903	3	3	3	records/p3/flag-certificates/1001081903.json
-1001113339	3	3	3	records/p3/flag-certificates/1001113339.json
-1001131588	3	3	3	records/p3/flag-certificates/1001131588.json
-1001185556	3	3	3	records/p3/flag-certificates/1001185556.json
-1001260135	3	3	3	records/p3/flag-certificates/1001260135.json
-1001291784	3	3	3	records/p3/flag-certificates/1001291784.json
-1001300071	3	3	3	records/p3/flag-certificates/1001300071.json
-1001376767	3	3	3	records/p3/flag-certificates/1001376767.json
-1001459896	3	3	3	records/p3/flag-certificates/1001459896.json
-1001505227	3	3	3	records/p3/flag-certificates/1001505227.json
-1001578792	3	3	3	records/p3/flag-certificates/1001578792.json
-1001655716	3	3	3	records/p3/flag-certificates/1001655716.json
-1001788139	3	3	3	records/p3/flag-certificates/1001788139.json
-1001851508	3	3	3	records/p3/flag-certificates/1001851508.json
-1001993080	3	3	3	records/p3/flag-certificates/1001993080.json
-1002037112	3	3	3	records/p3/flag-certificates/1002037112.json
-1002222947	3	3	3	records/p3/flag-certificates/1002222947.json
-1002289480	3	3	3	records/p3/flag-certificates/1002289480.json
-1002361823	3	3	3	records/p3/flag-certificates/1002361823.json
-1002439095	3	3	3	records/p3/flag-certificates/1002439095.json
-1002466824	3	3	3	records/p3/flag-certificates/1002466824.json
-1002726312	3	3	3	records/p3/flag-certificates/1002726312.json
-1002748004	3	3	3	records/p3/flag-certificates/1002748004.json
-1002875835	3	3	3	records/p3/flag-certificates/1002875835.json
-1002878840	3	3	9	records/p3/flag-certificates/1002878840.json
-1003015955	3	3	3	records/p3/flag-certificates/1003015955.json
-1003177736	3	3	3	records/p3/flag-certificates/1003177736.json
-1003368280	3	3	3	records/p3/flag-certificates/1003368280.json
-1003444763	3	3	3	records/p3/flag-certificates/1003444763.json
-1003452308	3	3	3	records/p3/flag-certificates/1003452308.json
-1003510955	3	3	3	records/p3/flag-certificates/1003510955.json
-1003512783	3	3	3	records/p3/flag-certificates/1003512783.json
-1003550971	3	3	3	records/p3/flag-certificates/1003550971.json
-1003674019	3	3	3	records/p3/flag-certificates/1003674019.json
-1003685187	3	3	3	records/p3/flag-certificates/1003685187.json
-1003773992	3	3	3	records/p3/flag-certificates/1003773992.json
-1003805531	3	3	3	records/p3/flag-certificates/1003805531.json
-1003889863	3	3	3	records/p3/flag-certificates/1003889863.json
-1003913043	3	3	3	records/p3/flag-certificates/1003913043.json
-1003962839	3	3	3	records/p3/flag-certificates/1003962839.json
-1004111060	3	3	3	records/p3/flag-certificates/1004111060.json
-1004166527	3	3	3	records/p3/flag-certificates/1004166527.json
-1004236627	3	3	3	records/p3/flag-certificates/1004236627.json
-1004306932	3	3	3	records/p3/flag-certificates/1004306932.json
-1004331127	3	3	3	records/p3/flag-certificates/1004331127.json
-1004384851	3	3	3	records/p3/flag-certificates/1004384851.json
-1004449112	3	3	3	records/p3/flag-certificates/1004449112.json
-1004549691	3	3	81	records/p3/flag-certificates/1004549691.json
-1004577032	3	3	9	records/p3/flag-certificates/1004577032.json
-1004698219	3	3	3	records/p3/flag-certificates/1004698219.json
-1004713951	3	3	27	records/p3/flag-certificates/1004713951.json
-1004819764	3	3	3	records/p3/flag-certificates/1004819764.json
-1004955448	3	3	3	records/p3/flag-certificates/1004955448.json
-1004955963	3	3	27	records/p3/flag-certificates/1004955963.json
-1005095479	3	3	3	records/p3/flag-certificates/1005095479.json
-1005202039	3	3	3	records/p3/flag-certificates/1005202039.json
-1005322271	3	3	3	records/p3/flag-certificates/1005322271.json
-1005509443	3	3	3	records/p3/flag-certificates/1005509443.json
-1005649944	3	3	3	records/p3/flag-certificates/1005649944.json
-1005707315	3	3	3	records/p3/flag-certificates/1005707315.json
-1005785972	3	3	3	records/p3/flag-certificates/1005785972.json
-1005855387	3	3	9	records/p3/flag-certificates/1005855387.json
-1005868356	3	3	3	records/p3/flag-certificates/1005868356.json
-1005912907	3	3	3	records/p3/flag-certificates/1005912907.json
-1005976132	3	3	3	records/p3/flag-certificates/1005976132.json
-1006011940	3	3	3	records/p3/flag-certificates/1006011940.json
-1006062467	3	3	9	records/p3/flag-certificates/1006062467.json
-1006204547	3	3	3	records/p3/flag-certificates/1006204547.json
-1006235699	3	3	3	records/p3/flag-certificates/1006235699.json
-1006255144	3	3	3	records/p3/flag-certificates/1006255144.json
-1006459283	3	3	3	records/p3/flag-certificates/1006459283.json
-1006480631	3	3	9	records/p3/flag-certificates/1006480631.json
-1006571476	3	3	3	records/p3/flag-certificates/1006571476.json
-1006606723	3	3	3	records/p3/flag-certificates/1006606723.json
-1006651727	3	3	3	records/p3/flag-certificates/1006651727.json
-1006959047	3	3	3	records/p3/flag-certificates/1006959047.json
-1006966319	3	3	3	records/p3/flag-certificates/1006966319.json
-1006979320	3	3	3	records/p3/flag-certificates/1006979320.json
-1007023999	3	3	3	records/p3/flag-certificates/1007023999.json
-1007087028	3	3	3	records/p3/flag-certificates/1007087028.json
-1007187908	3	3	3	records/p3/flag-certificates/1007187908.json
-1007263271	3	3	3	records/p3/flag-certificates/1007263271.json
-1007351363	3	3	3	records/p3/flag-certificates/1007351363.json
-1007404264	3	3	3	records/p3/flag-certificates/1007404264.json
-1007517032	3	3	3	records/p3/flag-certificates/1007517032.json
-1007595188	3	3	3	records/p3/flag-certificates/1007595188.json
-1007634739	3	3	3	records/p3/flag-certificates/1007634739.json
-1007650964	3	3	3	records/p3/flag-certificates/1007650964.json
-1007739903	3	3	3	records/p3/flag-certificates/1007739903.json
-1007753711	3	3	3	records/p3/flag-certificates/1007753711.json
-1007812095	3	3	3	records/p3/flag-certificates/1007812095.json
-1007893320	3	3	3	records/p3/flag-certificates/1007893320.json
-1008019987	3	3	3	records/p3/flag-certificates/1008019987.json
-1008098011	3	3	3	records/p3/flag-certificates/1008098011.json
-1008482035	3	3	3	records/p3/flag-certificates/1008482035.json
-1008505787	3	3	3	records/p3/flag-certificates/1008505787.json
-1008611063	3	3	3	records/p3/flag-certificates/1008611063.json
-1008772607	3	3	3	records/p3/flag-certificates/1008772607.json
-1008914564	3	3	3	records/p3/flag-certificates/1008914564.json
-1008930927	3	3	3	records/p3/flag-certificates/1008930927.json
-1008940699	3	3	3	records/p3/flag-certificates/1008940699.json
-1009055599	3	3	3	records/p3/flag-certificates/1009055599.json
-1009284312	3	3	3	records/p3/flag-certificates/1009284312.json
-1009428772	3	3	3	records/p3/flag-certificates/1009428772.json
-1009494147	3	3	3	records/p3/flag-certificates/1009494147.json
-1009592563	3	3	3	records/p3/flag-certificates/1009592563.json
-1009627247	3	3	3	records/p3/flag-certificates/1009627247.json
-1009710383	3	3	3	records/p3/flag-certificates/1009710383.json
-1009743143	3	3	3	records/p3/flag-certificates/1009743143.json
-1009775204	3	3	729	records/p3/flag-certificates/1009775204.json
-1009881604	3	3	3	records/p3/flag-certificates/1009881604.json
-1010014831	3	3	3	records/p3/flag-certificates/1010014831.json
-1010038295	3	3	3	records/p3/flag-certificates/1010038295.json
-1010059476	3	3	3	records/p3/flag-certificates/1010059476.json
-1010133928	3	3	3	records/p3/flag-certificates/1010133928.json
-1010173796	3	3	3	records/p3/flag-certificates/1010173796.json
-1010312884	3	3	3	records/p3/flag-certificates/1010312884.json
-1010390151	3	3	3	records/p3/flag-certificates/1010390151.json
-1010395252	3	3	3	records/p3/flag-certificates/1010395252.json
-1010398399	3	3	3	records/p3/flag-certificates/1010398399.json
-1010454899	3	3	3	records/p3/flag-certificates/1010454899.json
-1010618084	3	3	3	records/p3/flag-certificates/1010618084.json
-1010620319	3	3	3	records/p3/flag-certificates/1010620319.json
-1010621540	3	3	9	records/p3/flag-certificates/1010621540.json
-1010647304	3	3	3	records/p3/flag-certificates/1010647304.json
-1010671352	3	3	3	records/p3/flag-certificates/1010671352.json
-1010723204	3	3	3	records/p3/flag-certificates/1010723204.json
-1010741972	3	3	3	records/p3/flag-certificates/1010741972.json
-1010850319	3	3	3	records/p3/flag-certificates/1010850319.json
-1010958596	3	3	3	records/p3/flag-certificates/1010958596.json
-1010966791	3	3	3	records/p3/flag-certificates/1010966791.json
-1011129620	3	3	9	records/p3/flag-certificates/1011129620.json
-1011160967	3	3	3	records/p3/flag-certificates/1011160967.json
-1011194356	3	3	3	records/p3/flag-certificates/1011194356.json
-1011202163	3	3	3	records/p3/flag-certificates/1011202163.json
-1011230943	3	3	3	records/p3/flag-certificates/1011230943.json
-1011296132	3	3	3	records/p3/flag-certificates/1011296132.json
-1011415783	3	3	3	records/p3/flag-certificates/1011415783.json
-1011482131	3	3	3	records/p3/flag-certificates/1011482131.json
-1011589203	3	3	3	records/p3/flag-certificates/1011589203.json
-1011663220	3	3	3	records/p3/flag-certificates/1011663220.json
-1011687555	3	3	3	records/p3/flag-certificates/1011687555.json
-1011896699	3	3	3	records/p3/flag-certificates/1011896699.json
-1012023239	3	3	3	records/p3/flag-certificates/1012023239.json
-1012025271	3	3	3	records/p3/flag-certificates/1012025271.json
-1012075611	3	3	3	records/p3/flag-certificates/1012075611.json
-1012454851	3	3	3	records/p3/flag-certificates/1012454851.json
-1012465887	3	3	3	records/p3/flag-certificates/1012465887.json
-1012481795	3	3	3	records/p3/flag-certificates/1012481795.json
-1012602859	3	3	27	records/p3/flag-certificates/1012602859.json
-1012725687	3	3	3	records/p3/flag-certificates/1012725687.json
-1012816164	3	3	3	records/p3/flag-certificates/1012816164.json
-1013068651	3	3	3	records/p3/flag-certificates/1013068651.json
-1013113103	3	3	3	records/p3/flag-certificates/1013113103.json
-1013229016	3	3	3	records/p3/flag-certificates/1013229016.json
-1013444455	3	3	3	records/p3/flag-certificates/1013444455.json
-1013672095	3	3	3	records/p3/flag-certificates/1013672095.json
-1013675835	3	3	9	records/p3/flag-certificates/1013675835.json
-1013761471	3	3	3	records/p3/flag-certificates/1013761471.json
-1013766551	3	3	9	records/p3/flag-certificates/1013766551.json
-1013794167	3	3	3	records/p3/flag-certificates/1013794167.json
-1013816067	3	3	27	records/p3/flag-certificates/1013816067.json
-1013887867	3	3	9	records/p3/flag-certificates/1013887867.json
-1014143812	3	3	3	records/p3/flag-certificates/1014143812.json
-1014178991	3	3	27	records/p3/flag-certificates/1014178991.json
-1014205912	3	3	3	records/p3/flag-certificates/1014205912.json
-1014216395	3	3	3	records/p3/flag-certificates/1014216395.json
-1014217799	3	3	3	records/p3/flag-certificates/1014217799.json
-1014238787	3	3	3	records/p3/flag-certificates/1014238787.json
-1014417003	3	3	3	records/p3/flag-certificates/1014417003.json
-1014491667	3	3	3	records/p3/flag-certificates/1014491667.json
-1014505059	3	3	3	records/p3/flag-certificates/1014505059.json
-1014590164	3	3	9	records/p3/flag-certificates/1014590164.json
-1014591736	3	3	3	records/p3/flag-certificates/1014591736.json
-1014725976	3	3	9	records/p3/flag-certificates/1014725976.json
-1014736532	3	3	3	records/p3/flag-certificates/1014736532.json
-1014742531	3	3	3	records/p3/flag-certificates/1014742531.json
-1014927287	3	3	81	records/p3/flag-certificates/1014927287.json
-1014934447	3	3	3	records/p3/flag-certificates/1014934447.json
-1015089227	3	3	3	records/p3/flag-certificates/1015089227.json
-1015115416	3	3	3	records/p3/flag-certificates/1015115416.json
-1015206251	3	3	3	records/p3/flag-certificates/1015206251.json
-1015373188	3	3	3	records/p3/flag-certificates/1015373188.json
-1015387343	3	3	3	records/p3/flag-certificates/1015387343.json
-1015509464	3	3	3	records/p3/flag-certificates/1015509464.json
-1015547492	3	3	3	records/p3/flag-certificates/1015547492.json
-1015549336	3	3	3	records/p3/flag-certificates/1015549336.json
-1015583172	3	3	3	records/p3/flag-certificates/1015583172.json
-1015776967	3	3	3	records/p3/flag-certificates/1015776967.json
-1015828919	3	3	3	records/p3/flag-certificates/1015828919.json
-1015836027	3	3	3	records/p3/flag-certificates/1015836027.json
-1015881599	3	3	3	records/p3/flag-certificates/1015881599.json
-1015937812	3	3	3	records/p3/flag-certificates/1015937812.json
-1015960459	3	3	3	records/p3/flag-certificates/1015960459.json
-1016079160	3	3	3	records/p3/flag-certificates/1016079160.json
-1016099643	3	3	3	records/p3/flag-certificates/1016099643.json
-1016105659	3	3	3	records/p3/flag-certificates/1016105659.json
-1016233355	3	3	3	records/p3/flag-certificates/1016233355.json
-1016422676	3	3	3	records/p3/flag-certificates/1016422676.json
-1016546243	3	3	3	records/p3/flag-certificates/1016546243.json
-1016792916	3	3	3	records/p3/flag-certificates/1016792916.json
-1016901592	3	3	3	records/p3/flag-certificates/1016901592.json
-1016960056	3	3	3	records/p3/flag-certificates/1016960056.json
-1017078456	3	3	27	records/p3/flag-certificates/1017078456.json
-1017191371	3	3	3	records/p3/flag-certificates/1017191371.json
-1017377747	3	3	3	records/p3/flag-certificates/1017377747.json
-1017410543	3	3	3	records/p3/flag-certificates/1017410543.json
-1017468920	3	3	3	records/p3/flag-certificates/1017468920.json
-1017688883	3	3	3	records/p3/flag-certificates/1017688883.json
-1017701687	3	3	9	records/p3/flag-certificates/1017701687.json
-1017780971	3	3	3	records/p3/flag-certificates/1017780971.json
-1017889192	3	3	3	records/p3/flag-certificates/1017889192.json
-1018069823	3	3	3	records/p3/flag-certificates/1018069823.json
-1018139143	3	3	81	records/p3/flag-certificates/1018139143.json
-1018169563	3	3	3	records/p3/flag-certificates/1018169563.json
-1018455092	3	3	3	records/p3/flag-certificates/1018455092.json
-1018548532	3	3	3	records/p3/flag-certificates/1018548532.json
-1018649767	3	3	3	records/p3/flag-certificates/1018649767.json
-1018670243	3	3	3	records/p3/flag-certificates/1018670243.json
-1018871283	3	3	9	records/p3/flag-certificates/1018871283.json
-1018918547	3	3	3	records/p3/flag-certificates/1018918547.json
-1018957191	3	3	3	records/p3/flag-certificates/1018957191.json
-1019048068	3	3	3	records/p3/flag-certificates/1019048068.json
-1019309791	3	3	3	records/p3/flag-certificates/1019309791.json
-1019510515	3	3	9	records/p3/flag-certificates/1019510515.json
-1019579523	3	3	3	records/p3/flag-certificates/1019579523.json
-1019642491	3	3	3	records/p3/flag-certificates/1019642491.json
-1019736196	3	3	3	records/p3/flag-certificates/1019736196.json
-1019798107	3	3	3	records/p3/flag-certificates/1019798107.json
-1019803695	3	3	3	records/p3/flag-certificates/1019803695.json
-1019966719	3	3	9	records/p3/flag-certificates/1019966719.json
-1019976691	3	3	3	records/p3/flag-certificates/1019976691.json
-1020019603	3	3	3	records/p3/flag-certificates/1020019603.json
-1020187195	3	3	3	records/p3/flag-certificates/1020187195.json
-1020197796	3	3	3	records/p3/flag-certificates/1020197796.json
-1020325827	3	3	3	records/p3/flag-certificates/1020325827.json
-1020368083	3	3	3	records/p3/flag-certificates/1020368083.json
-1020390820	3	3	3	records/p3/flag-certificates/1020390820.json
-1020616847	3	3	3	records/p3/flag-certificates/1020616847.json
-1020673988	3	3	27	records/p3/flag-certificates/1020673988.json
-1020925691	3	3	3	records/p3/flag-certificates/1020925691.json
-1020953379	3	3	3	records/p3/flag-certificates/1020953379.json
-1020994163	3	3	3	records/p3/flag-certificates/1020994163.json
-1021083816	3	3	3	records/p3/flag-certificates/1021083816.json
-1021170040	3	3	3	records/p3/flag-certificates/1021170040.json
-1021202587	3	3	3	records/p3/flag-certificates/1021202587.json
-1021207295	3	3	3	records/p3/flag-certificates/1021207295.json
-1021222239	3	3	3	records/p3/flag-certificates/1021222239.json
-1021357284	3	3	3	records/p3/flag-certificates/1021357284.json
-1021445419	3	3	3	records/p3/flag-certificates/1021445419.json
-1021485271	3	3	3	records/p3/flag-certificates/1021485271.json
-1021563704	3	3	27	records/p3/flag-certificates/1021563704.json
-1021609508	3	3	3	records/p3/flag-certificates/1021609508.json
-1021647983	3	3	3	records/p3/flag-certificates/1021647983.json
-1021681879	3	3	3	records/p3/flag-certificates/1021681879.json
-1021783927	3	3	3	records/p3/flag-certificates/1021783927.json
-1021950692	3	3	27	records/p3/flag-certificates/1021950692.json
-1022005579	3	3	3	records/p3/flag-certificates/1022005579.json
-1022210187	3	3	9	records/p3/flag-certificates/1022210187.json
-1022386936	3	3	3	records/p3/flag-certificates/1022386936.json
-1022472103	3	3	3	records/p3/flag-certificates/1022472103.json
-1022554283	3	3	3	records/p3/flag-certificates/1022554283.json
-1022606699	3	3	3	records/p3/flag-certificates/1022606699.json
-1022616551	3	3	3	records/p3/flag-certificates/1022616551.json
-1022625515	3	3	3	records/p3/flag-certificates/1022625515.json
-1022639647	3	3	3	records/p3/flag-certificates/1022639647.json
-1022640539	3	3	27	records/p3/flag-certificates/1022640539.json
-1022868647	3	3	3	records/p3/flag-certificates/1022868647.json
-1022879204	3	3	3	records/p3/flag-certificates/1022879204.json
-1023080372	3	3	3	records/p3/flag-certificates/1023080372.json
-1023132347	3	3	3	records/p3/flag-certificates/1023132347.json
-1023312712	3	3	3	records/p3/flag-certificates/1023312712.json
-1023337144	3	3	3	records/p3/flag-certificates/1023337144.json
-1023597947	3	3	3	records/p3/flag-certificates/1023597947.json
-1023641576	3	3	3	records/p3/flag-certificates/1023641576.json
-1023647987	3	3	3	records/p3/flag-certificates/1023647987.json
-1023698707	3	3	27	records/p3/flag-certificates/1023698707.json
-1023732392	3	3	3	records/p3/flag-certificates/1023732392.json
-1023745459	3	3	3	records/p3/flag-certificates/1023745459.json
-1023815919	3	3	3	records/p3/flag-certificates/1023815919.json
-1023946055	3	3	3	records/p3/flag-certificates/1023946055.json
-1024006547	3	3	3	records/p3/flag-certificates/1024006547.json
-1024114996	3	3	3	records/p3/flag-certificates/1024114996.json
-1024136436	3	3	3	records/p3/flag-certificates/1024136436.json
-1024138435	3	3	3	records/p3/flag-certificates/1024138435.json
-1024630771	3	3	3	records/p3/flag-certificates/1024630771.json
-1024643783	3	3	3	records/p3/flag-certificates/1024643783.json
-1024699704	3	3	3	records/p3/flag-certificates/1024699704.json
-1024846331	3	3	3	records/p3/flag-certificates/1024846331.json
-1024852891	3	3	3	records/p3/flag-certificates/1024852891.json
-1024893715	3	3	3	records/p3/flag-certificates/1024893715.json
-1024970711	3	3	3	records/p3/flag-certificates/1024970711.json
-1025186815	3	3	3	records/p3/flag-certificates/1025186815.json
-1025202003	3	3	3	records/p3/flag-certificates/1025202003.json
-1025244484	3	3	9	records/p3/flag-certificates/1025244484.json
-1025253211	3	3	3	records/p3/flag-certificates/1025253211.json
-1025442491	3	3	3	records/p3/flag-certificates/1025442491.json
-1025591863	3	3	3	records/p3/flag-certificates/1025591863.json
-1025657572	3	3	3	records/p3/flag-certificates/1025657572.json
-1025763956	3	3	3	records/p3/flag-certificates/1025763956.json
-1025940371	3	3	81	records/p3/flag-certificates/1025940371.json
-1025988635	3	3	3	records/p3/flag-certificates/1025988635.json
-1026000647	3	3	27	records/p3/flag-certificates/1026000647.json
-1026153496	3	3	3	records/p3/flag-certificates/1026153496.json
-1026167719	3	3	3	records/p3/flag-certificates/1026167719.json
-1026212131	3	3	3	records/p3/flag-certificates/1026212131.json
-1026383727	3	3	3	records/p3/flag-certificates/1026383727.json
-1026393320	3	3	3	records/p3/flag-certificates/1026393320.json
-1026403960	3	3	3	records/p3/flag-certificates/1026403960.json
-1026466979	3	3	3	records/p3/flag-certificates/1026466979.json
-1026526276	3	3	3	records/p3/flag-certificates/1026526276.json
-1026745807	3	3	3	records/p3/flag-certificates/1026745807.json
-1026891811	3	3	9	records/p3/flag-certificates/1026891811.json
-1026895071	3	3	3	records/p3/flag-certificates/1026895071.json
-1026902567	3	3	9	records/p3/flag-certificates/1026902567.json
-1026947364	3	3	9	records/p3/flag-certificates/1026947364.json
-1026984731	3	3	3	records/p3/flag-certificates/1026984731.json
-1027527211	3	3	3	records/p3/flag-certificates/1027527211.json
-1027746536	3	3	3	records/p3/flag-certificates/1027746536.json
-1027851956	3	3	9	records/p3/flag-certificates/1027851956.json
-1027886404	3	3	3	records/p3/flag-certificates/1027886404.json
-1027886851	3	3	3	records/p3/flag-certificates/1027886851.json
-1027929335	3	3	3	records/p3/flag-certificates/1027929335.json
-1028188056	3	3	3	records/p3/flag-certificates/1028188056.json
-1028282179	3	3	3	records/p3/flag-certificates/1028282179.json
-1028540696	3	3	3	records/p3/flag-certificates/1028540696.json
-1028545631	3	3	3	records/p3/flag-certificates/1028545631.json
-1028696467	3	3	3	records/p3/flag-certificates/1028696467.json
-1028731399	3	3	3	records/p3/flag-certificates/1028731399.json
-1028738003	3	3	9	records/p3/flag-certificates/1028738003.json
-1028753707	3	3	3	records/p3/flag-certificates/1028753707.json
-1028781716	3	3	3	records/p3/flag-certificates/1028781716.json
-1028893640	3	3	3	records/p3/flag-certificates/1028893640.json
-1028961544	3	3	3	records/p3/flag-certificates/1028961544.json
-1029105411	3	3	3	records/p3/flag-certificates/1029105411.json
-1029136719	3	3	3	records/p3/flag-certificates/1029136719.json
-1029164244	3	3	3	records/p3/flag-certificates/1029164244.json
-1029165720	3	3	3	records/p3/flag-certificates/1029165720.json
-1029224863	3	3	3	records/p3/flag-certificates/1029224863.json
-1029340003	3	3	3	records/p3/flag-certificates/1029340003.json
-1029550407	3	3	3	records/p3/flag-certificates/1029550407.json
-1029811623	3	3	3	records/p3/flag-certificates/1029811623.json
-1029910627	3	3	3	records/p3/flag-certificates/1029910627.json
-1029927144	3	3	3	records/p3/flag-certificates/1029927144.json
-1029996635	3	3	3	records/p3/flag-certificates/1029996635.json
-1030095604	3	3	3	records/p3/flag-certificates/1030095604.json
-1030126483	3	3	9	records/p3/flag-certificates/1030126483.json
-1030184059	3	3	3	records/p3/flag-certificates/1030184059.json
-1030190183	3	3	3	records/p3/flag-certificates/1030190183.json
-1030243035	3	3	3	records/p3/flag-certificates/1030243035.json
-1030445940	3	3	3	records/p3/flag-certificates/1030445940.json
-1030446120	3	3	3	records/p3/flag-certificates/1030446120.json
-1030615003	3	3	3	records/p3/flag-certificates/1030615003.json
-1030669252	3	3	9	records/p3/flag-certificates/1030669252.json
-1031032807	3	3	3	records/p3/flag-certificates/1031032807.json
-1031087451	3	3	3	records/p3/flag-certificates/1031087451.json
-1031170279	3	3	3	records/p3/flag-certificates/1031170279.json
-1031184152	3	3	3	records/p3/flag-certificates/1031184152.json
-1031220232	3	3	3	records/p3/flag-certificates/1031220232.json
-1031291347	3	3	3	records/p3/flag-certificates/1031291347.json
-1031392931	3	3	3	records/p3/flag-certificates/1031392931.json
-1031500735	3	3	3	records/p3/flag-certificates/1031500735.json
-1031645911	3	3	3	records/p3/flag-certificates/1031645911.json
-1031668788	3	3	3	records/p3/flag-certificates/1031668788.json
-1031669336	3	3	3	records/p3/flag-certificates/1031669336.json
-1031814276	3	3	3	records/p3/flag-certificates/1031814276.json
-1031860564	3	3	3	records/p3/flag-certificates/1031860564.json
-1032169047	3	3	3	records/p3/flag-certificates/1032169047.json
-1032215912	3	3	3	records/p3/flag-certificates/1032215912.json
-1032239748	3	3	3	records/p3/flag-certificates/1032239748.json
-1032244616	3	3	3	records/p3/flag-certificates/1032244616.json
-1032287407	3	3	3	records/p3/flag-certificates/1032287407.json
-1032297476	3	3	3	records/p3/flag-certificates/1032297476.json
-1032329683	3	3	27	records/p3/flag-certificates/1032329683.json
-1032669384	3	3	3	records/p3/flag-certificates/1032669384.json
-1032735135	3	3	3	records/p3/flag-certificates/1032735135.json
-1032866911	3	3	3	records/p3/flag-certificates/1032866911.json
-1032886787	3	3	3	records/p3/flag-certificates/1032886787.json
-1032915047	3	3	3	records/p3/flag-certificates/1032915047.json
-1032994632	3	3	9	records/p3/flag-certificates/1032994632.json
-1033063459	3	3	3	records/p3/flag-certificates/1033063459.json
-1033253023	3	3	3	records/p3/flag-certificates/1033253023.json
-1033287047	3	3	27	records/p3/flag-certificates/1033287047.json
-1033289639	3	3	3	records/p3/flag-certificates/1033289639.json
-1033458260	3	3	3	records/p3/flag-certificates/1033458260.json
-1033511507	3	3	3	records/p3/flag-certificates/1033511507.json
-1033573099	3	3	3	records/p3/flag-certificates/1033573099.json
-1033627927	3	3	3	records/p3/flag-certificates/1033627927.json
-1033699739	3	3	3	records/p3/flag-certificates/1033699739.json
-1033707511	3	3	3	records/p3/flag-certificates/1033707511.json
-1033898323	3	3	3	records/p3/flag-certificates/1033898323.json
-1033935016	3	3	3	records/p3/flag-certificates/1033935016.json
-1033977859	3	3	9	records/p3/flag-certificates/1033977859.json
-1034063767	3	3	3	records/p3/flag-certificates/1034063767.json
-1034203487	3	3	3	records/p3/flag-certificates/1034203487.json
-1034364035	3	3	9	records/p3/flag-certificates/1034364035.json
-1034380047	3	3	3	records/p3/flag-certificates/1034380047.json
-1034383827	3	3	3	records/p3/flag-certificates/1034383827.json
-1034403135	3	3	9	records/p3/flag-certificates/1034403135.json
-1034424584	3	3	9	records/p3/flag-certificates/1034424584.json
-1034570504	3	3	9	records/p3/flag-certificates/1034570504.json
-1034578196	3	3	3	records/p3/flag-certificates/1034578196.json
-1034600999	3	3	3	records/p3/flag-certificates/1034600999.json
-1034645483	3	3	3	records/p3/flag-certificates/1034645483.json
-1034702987	3	3	3	records/p3/flag-certificates/1034702987.json
-1034728376	3	3	3	records/p3/flag-certificates/1034728376.json
-1034757083	3	3	3	records/p3/flag-certificates/1034757083.json
-1034788115	3	3	3	records/p3/flag-certificates/1034788115.json
-1034996932	3	3	3	records/p3/flag-certificates/1034996932.json
-1035034388	3	3	3	records/p3/flag-certificates/1035034388.json
-1035044643	3	3	3	records/p3/flag-certificates/1035044643.json
-1035137935	3	3	3	records/p3/flag-certificates/1035137935.json
-1035272895	3	3	3	records/p3/flag-certificates/1035272895.json
-1035330495	3	3	3	records/p3/flag-certificates/1035330495.json
-1035349863	3	3	3	records/p3/flag-certificates/1035349863.json
-1035561999	3	3	3	records/p3/flag-certificates/1035561999.json
-1035588696	3	3	3	records/p3/flag-certificates/1035588696.json
-1035590707	3	3	3	records/p3/flag-certificates/1035590707.json
-1035661192	3	3	3	records/p3/flag-certificates/1035661192.json
-1035740931	3	3	27	records/p3/flag-certificates/1035740931.json
-1035867947	3	3	3	records/p3/flag-certificates/1035867947.json
-1036147263	3	3	3	records/p3/flag-certificates/1036147263.json
-1036204683	3	3	3	records/p3/flag-certificates/1036204683.json
-1036208740	3	3	3	records/p3/flag-certificates/1036208740.json
-1036328995	3	3	3	records/p3/flag-certificates/1036328995.json
-1036348003	3	3	3	records/p3/flag-certificates/1036348003.json
-1036373204	3	3	3	records/p3/flag-certificates/1036373204.json
-1036412903	3	3	3	records/p3/flag-certificates/1036412903.json
-1036421527	3	3	3	records/p3/flag-certificates/1036421527.json
-1036478296	3	3	3	records/p3/flag-certificates/1036478296.json
-1036510891	3	3	3	records/p3/flag-certificates/1036510891.json
-1036690539	3	3	3	records/p3/flag-certificates/1036690539.json
-1036783563	3	3	3	records/p3/flag-certificates/1036783563.json
-1036889567	3	3	3	records/p3/flag-certificates/1036889567.json
-1037017192	3	3	3	records/p3/flag-certificates/1037017192.json
-1037063731	3	3	9	records/p3/flag-certificates/1037063731.json
-1037066984	3	3	3	records/p3/flag-certificates/1037066984.json
-1037184455	3	3	3	records/p3/flag-certificates/1037184455.json
-1037207111	3	3	3	records/p3/flag-certificates/1037207111.json
-1037298084	3	3	9	records/p3/flag-certificates/1037298084.json
-1037329439	3	3	9	records/p3/flag-certificates/1037329439.json
-1037354232	3	3	3	records/p3/flag-certificates/1037354232.json
-1037405047	3	3	3	records/p3/flag-certificates/1037405047.json
-1037455527	3	3	3	records/p3/flag-certificates/1037455527.json
-1037460115	3	3	3	records/p3/flag-certificates/1037460115.json
-1037739588	3	3	3	records/p3/flag-certificates/1037739588.json
-1037863160	3	3	3	records/p3/flag-certificates/1037863160.json
-1037881812	3	3	3	records/p3/flag-certificates/1037881812.json
-1037998319	3	3	3	records/p3/flag-certificates/1037998319.json
-1038016743	3	3	3	records/p3/flag-certificates/1038016743.json
-1038018103	3	3	3	records/p3/flag-certificates/1038018103.json
-1038023220	3	3	3	records/p3/flag-certificates/1038023220.json
-1038308360	3	3	3	records/p3/flag-certificates/1038308360.json
-1038411123	3	3	3	records/p3/flag-certificates/1038411123.json
-1038438715	3	3	3	records/p3/flag-certificates/1038438715.json
-1038522559	3	3	9	records/p3/flag-certificates/1038522559.json
-1038555448	3	3	3	records/p3/flag-certificates/1038555448.json
-1038676772	3	3	3	records/p3/flag-certificates/1038676772.json
-1038824836	3	3	3	records/p3/flag-certificates/1038824836.json
-1038895723	3	3	3	records/p3/flag-certificates/1038895723.json
-1039111563	3	3	3	records/p3/flag-certificates/1039111563.json
-1039120359	3	3	3	records/p3/flag-certificates/1039120359.json
-1039243972	3	3	3	records/p3/flag-certificates/1039243972.json
-1039356331	3	3	3	records/p3/flag-certificates/1039356331.json
-1039365543	3	3	3	records/p3/flag-certificates/1039365543.json
-1039454472	3	3	3	records/p3/flag-certificates/1039454472.json
-1039606031	3	3	3	records/p3/flag-certificates/1039606031.json
-1039612979	3	3	3	records/p3/flag-certificates/1039612979.json
-1039630195	3	3	3	records/p3/flag-certificates/1039630195.json
-1039705780	3	3	3	records/p3/flag-certificates/1039705780.json
-1039769880	3	3	3	records/p3/flag-certificates/1039769880.json
-1040157876	3	3	3	records/p3/flag-certificates/1040157876.json
-1040193496	3	3	3	records/p3/flag-certificates/1040193496.json
-1040208683	3	3	3	records/p3/flag-certificates/1040208683.json
-1040272628	3	3	3	records/p3/flag-certificates/1040272628.json
-1040548036	3	3	3	records/p3/flag-certificates/1040548036.json
-1040574484	3	3	3	records/p3/flag-certificates/1040574484.json
-1040858039	3	3	3	records/p3/flag-certificates/1040858039.json
-1040864311	3	3	3	records/p3/flag-certificates/1040864311.json
-1040970244	3	3	3	records/p3/flag-certificates/1040970244.json
-1041018936	3	3	3	records/p3/flag-certificates/1041018936.json
-1041089768	3	3	3	records/p3/flag-certificates/1041089768.json
-1041220767	3	3	3	records/p3/flag-certificates/1041220767.json
-1041222163	3	3	3	records/p3/flag-certificates/1041222163.json
-1041342851	3	3	3	records/p3/flag-certificates/1041342851.json
-1041345384	3	3	3	records/p3/flag-certificates/1041345384.json
-1041347604	3	3	3	records/p3/flag-certificates/1041347604.json
-1041350676	3	3	3	records/p3/flag-certificates/1041350676.json
-1041412836	3	3	27	records/p3/flag-certificates/1041412836.json
-1041439871	3	3	3	records/p3/flag-certificates/1041439871.json
-1041535243	3	3	3	records/p3/flag-certificates/1041535243.json
-1042058191	3	3	3	records/p3/flag-certificates/1042058191.json
-1042114136	3	3	9	records/p3/flag-certificates/1042114136.json
-1042233447	3	3	3	records/p3/flag-certificates/1042233447.json
-1042308735	3	3	3	records/p3/flag-certificates/1042308735.json
-1042349599	3	3	3	records/p3/flag-certificates/1042349599.json
-1042354307	3	3	3	records/p3/flag-certificates/1042354307.json
-1042460040	3	3	3	records/p3/flag-certificates/1042460040.json
-1042528443	3	3	3	records/p3/flag-certificates/1042528443.json
-1042735267	3	3	3	records/p3/flag-certificates/1042735267.json
-1042739519	3	3	3	records/p3/flag-certificates/1042739519.json
-1042858520	3	3	3	records/p3/flag-certificates/1042858520.json
-1042920251	3	3	3	records/p3/flag-certificates/1042920251.json
-1043029364	3	3	3	records/p3/flag-certificates/1043029364.json
-1043182216	3	3	3	records/p3/flag-certificates/1043182216.json
-1043190435	3	3	81	records/p3/flag-certificates/1043190435.json
-1043298355	3	3	3	records/p3/flag-certificates/1043298355.json
-1043306823	3	3	3	records/p3/flag-certificates/1043306823.json
-1043344767	3	3	9	records/p3/flag-certificates/1043344767.json
-1043408963	3	3	3	records/p3/flag-certificates/1043408963.json
-1043481847	3	3	9	records/p3/flag-certificates/1043481847.json
-1043870980	3	3	3	records/p3/flag-certificates/1043870980.json
-1043913839	3	3	3	records/p3/flag-certificates/1043913839.json
-1043934415	3	3	3	records/p3/flag-certificates/1043934415.json
-1044036292	3	3	3	records/p3/flag-certificates/1044036292.json
-1044141191	3	3	3	records/p3/flag-certificates/1044141191.json
-1044163039	3	3	81	records/p3/flag-certificates/1044163039.json
-1044255544	3	3	27	records/p3/flag-certificates/1044255544.json
-1044311351	3	3	3	records/p3/flag-certificates/1044311351.json
-1044372836	3	3	3	records/p3/flag-certificates/1044372836.json
-1044374991	3	3	3	records/p3/flag-certificates/1044374991.json
-1044491559	3	3	3	records/p3/flag-certificates/1044491559.json
-1044602392	3	3	3	records/p3/flag-certificates/1044602392.json
-1044602947	3	3	3	records/p3/flag-certificates/1044602947.json
-1044635752	3	3	3	records/p3/flag-certificates/1044635752.json
-1044674052	3	3	3	records/p3/flag-certificates/1044674052.json
-1044725127	3	3	6561	records/p3/flag-certificates/1044725127.json
-1044874283	3	3	3	records/p3/flag-certificates/1044874283.json
-1044916791	3	3	3	records/p3/flag-certificates/1044916791.json
-1044951528	3	3	3	records/p3/flag-certificates/1044951528.json
-1044976227	3	3	3	records/p3/flag-certificates/1044976227.json
-1045013624	3	3	3	records/p3/flag-certificates/1045013624.json
-1045115971	3	3	3	records/p3/flag-certificates/1045115971.json
-1045141547	3	3	3	records/p3/flag-certificates/1045141547.json
-1045213608	3	3	3	records/p3/flag-certificates/1045213608.json
-1045217659	3	3	3	records/p3/flag-certificates/1045217659.json
-1045399727	3	3	3	records/p3/flag-certificates/1045399727.json
-1045450315	3	3	9	records/p3/flag-certificates/1045450315.json
-1045603119	3	3	3	records/p3/flag-certificates/1045603119.json
-1045607683	3	3	9	records/p3/flag-certificates/1045607683.json
-1045751899	3	3	3	records/p3/flag-certificates/1045751899.json
-1045922359	3	3	3	records/p3/flag-certificates/1045922359.json
-1046118583	3	3	3	records/p3/flag-certificates/1046118583.json
-1046317971	3	3	3	records/p3/flag-certificates/1046317971.json
-1046550280	3	3	3	records/p3/flag-certificates/1046550280.json
-1046576723	3	3	3	records/p3/flag-certificates/1046576723.json
-1046689172	3	3	9	records/p3/flag-certificates/1046689172.json
-1046765327	3	3	3	records/p3/flag-certificates/1046765327.json
-1046767723	3	3	3	records/p3/flag-certificates/1046767723.json
-1046991155	3	3	3	records/p3/flag-certificates/1046991155.json
-1047010427	3	3	9	records/p3/flag-certificates/1047010427.json
-1047145619	3	3	9	records/p3/flag-certificates/1047145619.json
-1047265016	3	3	3	records/p3/flag-certificates/1047265016.json
-1047285343	3	3	3	records/p3/flag-certificates/1047285343.json
-1047323279	3	3	3	records/p3/flag-certificates/1047323279.json
-1047559947	3	3	3	records/p3/flag-certificates/1047559947.json
-1047612340	3	3	3	records/p3/flag-certificates/1047612340.json
-1047654599	3	3	3	records/p3/flag-certificates/1047654599.json
-1047695603	3	3	3	records/p3/flag-certificates/1047695603.json
-1047719683	3	3	3	records/p3/flag-certificates/1047719683.json
-1047787035	3	3	3	records/p3/flag-certificates/1047787035.json
-1047805907	3	3	3	records/p3/flag-certificates/1047805907.json
-1047865611	3	3	3	records/p3/flag-certificates/1047865611.json
-1047983331	3	3	3	records/p3/flag-certificates/1047983331.json
-1048062403	3	3	3	records/p3/flag-certificates/1048062403.json
-1048096707	3	3	3	records/p3/flag-certificates/1048096707.json
-1048198579	3	3	3	records/p3/flag-certificates/1048198579.json
-1048234379	3	3	3	records/p3/flag-certificates/1048234379.json
-1048303304	3	3	3	records/p3/flag-certificates/1048303304.json
-1048308920	3	3	3	records/p3/flag-certificates/1048308920.json
-1048338831	3	3	3	records/p3/flag-certificates/1048338831.json
-1048657796	3	3	3	records/p3/flag-certificates/1048657796.json
-1048709823	3	3	3	records/p3/flag-certificates/1048709823.json
-1048720459	3	3	3	records/p3/flag-certificates/1048720459.json
-1048817524	3	3	3	records/p3/flag-certificates/1048817524.json
-1048825379	3	3	9	records/p3/flag-certificates/1048825379.json
-1048881959	3	3	3	records/p3/flag-certificates/1048881959.json
-1048937515	3	3	3	records/p3/flag-certificates/1048937515.json
-1048952479	3	3	3	records/p3/flag-certificates/1048952479.json
-1048953947	3	3	3	records/p3/flag-certificates/1048953947.json
-1048969947	3	3	81	records/p3/flag-certificates/1048969947.json
-1049008456	3	3	3	records/p3/flag-certificates/1049008456.json
-1049219979	3	3	3	records/p3/flag-certificates/1049219979.json
-1049283059	3	3	3	records/p3/flag-certificates/1049283059.json
-1049361320	3	3	3	records/p3/flag-certificates/1049361320.json
-1049464532	3	3	3	records/p3/flag-certificates/1049464532.json
-1049528995	3	3	3	records/p3/flag-certificates/1049528995.json
-1049600883	3	3	3	records/p3/flag-certificates/1049600883.json
-1049668195	3	3	3	records/p3/flag-certificates/1049668195.json
-1049770623	3	3	3	records/p3/flag-certificates/1049770623.json
-1049820359	3	3	3	records/p3/flag-certificates/1049820359.json
-1049946728	3	3	3	records/p3/flag-certificates/1049946728.json
-1050375587	3	3	3	records/p3/flag-certificates/1050375587.json
-1050444307	3	3	3	records/p3/flag-certificates/1050444307.json
-1050475267	3	3	3	records/p3/flag-certificates/1050475267.json
-1050571363	3	3	9	records/p3/flag-certificates/1050571363.json
-1050613439	3	3	3	records/p3/flag-certificates/1050613439.json
-1050684091	3	3	3	records/p3/flag-certificates/1050684091.json
-1050703748	3	3	3	records/p3/flag-certificates/1050703748.json
-1050704543	3	3	3	records/p3/flag-certificates/1050704543.json
-1051007467	3	3	3	records/p3/flag-certificates/1051007467.json
-1051024132	3	3	3	records/p3/flag-certificates/1051024132.json
-1051034120	3	3	9	records/p3/flag-certificates/1051034120.json
-1051040815	3	3	3	records/p3/flag-certificates/1051040815.json
-1051066523	3	3	3	records/p3/flag-certificates/1051066523.json
-1051196071	3	3	3	records/p3/flag-certificates/1051196071.json
-1051306052	3	3	3	records/p3/flag-certificates/1051306052.json
-1051352596	3	3	3	records/p3/flag-certificates/1051352596.json
-1051727323	3	3	3	records/p3/flag-certificates/1051727323.json
-1051772307	3	3	3	records/p3/flag-certificates/1051772307.json
-1051829347	3	3	27	records/p3/flag-certificates/1051829347.json
-1051879143	3	3	3	records/p3/flag-certificates/1051879143.json
-1051945331	3	3	3	records/p3/flag-certificates/1051945331.json
-1052119931	3	3	3	records/p3/flag-certificates/1052119931.json
-1052153435	3	3	3	records/p3/flag-certificates/1052153435.json
-1052197784	3	3	3	records/p3/flag-certificates/1052197784.json
-1052234351	3	3	3	records/p3/flag-certificates/1052234351.json
-1052257672	3	3	9	records/p3/flag-certificates/1052257672.json
-1052351935	3	3	3	records/p3/flag-certificates/1052351935.json
-1052423592	3	3	3	records/p3/flag-certificates/1052423592.json
-1052466159	3	3	3	records/p3/flag-certificates/1052466159.json
-1052490772	3	3	3	records/p3/flag-certificates/1052490772.json
-1052507192	3	3	3	records/p3/flag-certificates/1052507192.json
-1052680639	3	3	3	records/p3/flag-certificates/1052680639.json
-1052690543	3	3	3	records/p3/flag-certificates/1052690543.json
-1052738787	3	3	3	records/p3/flag-certificates/1052738787.json
-1052880632	3	3	3	records/p3/flag-certificates/1052880632.json
-1053023988	3	3	3	records/p3/flag-certificates/1053023988.json
-1053031171	3	3	3	records/p3/flag-certificates/1053031171.json
-1053045527	3	3	3	records/p3/flag-certificates/1053045527.json
-1053079935	3	3	3	records/p3/flag-certificates/1053079935.json
-1053094227	3	3	3	records/p3/flag-certificates/1053094227.json
-1053101827	3	3	3	records/p3/flag-certificates/1053101827.json
-1053165876	3	3	3	records/p3/flag-certificates/1053165876.json
-1053270683	3	3	3	records/p3/flag-certificates/1053270683.json
-1053367364	3	3	3	records/p3/flag-certificates/1053367364.json
-1053571451	3	3	9	records/p3/flag-certificates/1053571451.json
-1053693528	3	3	3	records/p3/flag-certificates/1053693528.json
-1053723911	3	3	3	records/p3/flag-certificates/1053723911.json
-1054037067	3	3	3	records/p3/flag-certificates/1054037067.json
-1054255127	3	3	3	records/p3/flag-certificates/1054255127.json
-1054308955	3	3	27	records/p3/flag-certificates/1054308955.json
-1054379780	3	3	3	records/p3/flag-certificates/1054379780.json
-1054399751	3	3	3	records/p3/flag-certificates/1054399751.json
-1054455691	3	3	3	records/p3/flag-certificates/1054455691.json
-1054555012	3	3	3	records/p3/flag-certificates/1054555012.json
-1054610004	3	3	3	records/p3/flag-certificates/1054610004.json
-1054684067	3	3	3	records/p3/flag-certificates/1054684067.json
-1054684571	3	3	3	records/p3/flag-certificates/1054684571.json
-1054889668	3	3	3	records/p3/flag-certificates/1054889668.json
-1054896751	3	3	81	records/p3/flag-certificates/1054896751.json
-1055040863	3	3	3	records/p3/flag-certificates/1055040863.json
-1055064523	3	3	3	records/p3/flag-certificates/1055064523.json
-1055146424	3	3	3	records/p3/flag-certificates/1055146424.json
-1055150123	3	3	3	records/p3/flag-certificates/1055150123.json
-1055228135	3	3	3	records/p3/flag-certificates/1055228135.json
-1055262927	3	3	3	records/p3/flag-certificates/1055262927.json
-1055279851	3	3	3	records/p3/flag-certificates/1055279851.json
-1055337871	3	3	3	records/p3/flag-certificates/1055337871.json
-1055556264	3	3	9	records/p3/flag-certificates/1055556264.json
-1055622311	3	3	3	records/p3/flag-certificates/1055622311.json
-1055730871	3	3	3	records/p3/flag-certificates/1055730871.json
-1056009711	3	3	27	records/p3/flag-certificates/1056009711.json
-1056051496	3	3	3	records/p3/flag-certificates/1056051496.json
-1056196587	3	3	3	records/p3/flag-certificates/1056196587.json
-1056197224	3	3	3	records/p3/flag-certificates/1056197224.json
-1056294343	3	3	3	records/p3/flag-certificates/1056294343.json
-1056409711	3	3	3	records/p3/flag-certificates/1056409711.json
-1056463543	3	3	3	records/p3/flag-certificates/1056463543.json
-1056509743	3	3	3	records/p3/flag-certificates/1056509743.json
-1056664212	3	3	3	records/p3/flag-certificates/1056664212.json
-1056713848	3	3	3	records/p3/flag-certificates/1056713848.json
-1056782643	3	3	3	records/p3/flag-certificates/1056782643.json
-1056790751	3	3	3	records/p3/flag-certificates/1056790751.json
-1056833067	3	3	3	records/p3/flag-certificates/1056833067.json
-1057013587	3	3	729	records/p3/flag-certificates/1057013587.json
-1057087447	3	3	3	records/p3/flag-certificates/1057087447.json
-1057201863	3	3	3	records/p3/flag-certificates/1057201863.json
-1057285911	3	3	3	records/p3/flag-certificates/1057285911.json
-1057353044	3	3	3	records/p3/flag-certificates/1057353044.json
-1057375828	3	3	3	records/p3/flag-certificates/1057375828.json
-1057426923	3	3	3	records/p3/flag-certificates/1057426923.json
-1057453464	3	3	3	records/p3/flag-certificates/1057453464.json
-1057492443	3	3	3	records/p3/flag-certificates/1057492443.json
-1057510759	3	3	3	records/p3/flag-certificates/1057510759.json
-1057522308	3	3	3	records/p3/flag-certificates/1057522308.json
-1057765640	3	3	9	records/p3/flag-certificates/1057765640.json
-1057766487	3	3	3	records/p3/flag-certificates/1057766487.json
-1057784871	3	3	3	records/p3/flag-certificates/1057784871.json
-1057837147	3	3	3	records/p3/flag-certificates/1057837147.json
-1057935999	3	3	3	records/p3/flag-certificates/1057935999.json
-1057946035	3	3	3	records/p3/flag-certificates/1057946035.json
-1057977671	3	3	3	records/p3/flag-certificates/1057977671.json
-1058015107	3	3	3	records/p3/flag-certificates/1058015107.json
-1058078195	3	3	3	records/p3/flag-certificates/1058078195.json
-1058199547	3	3	3	records/p3/flag-certificates/1058199547.json
-1058207779	3	3	9	records/p3/flag-certificates/1058207779.json
-1058296836	3	3	3	records/p3/flag-certificates/1058296836.json
-1058350027	3	3	3	records/p3/flag-certificates/1058350027.json
-1058358468	3	3	3	records/p3/flag-certificates/1058358468.json
-1058367188	3	3	27	records/p3/flag-certificates/1058367188.json
-1058385471	3	3	3	records/p3/flag-certificates/1058385471.json
-1058471108	3	3	3	records/p3/flag-certificates/1058471108.json
-1058549731	3	3	3	records/p3/flag-certificates/1058549731.json
-1058567947	3	3	3	records/p3/flag-certificates/1058567947.json
-1058621919	3	3	3	records/p3/flag-certificates/1058621919.json
-1058720907	3	3	3	records/p3/flag-certificates/1058720907.json
-1058770363	3	3	3	records/p3/flag-certificates/1058770363.json
-1058774804	3	3	3	records/p3/flag-certificates/1058774804.json
-1058802728	3	3	3	records/p3/flag-certificates/1058802728.json
-1058832004	3	3	243	records/p3/flag-certificates/1058832004.json
-1059211528	3	3	3	records/p3/flag-certificates/1059211528.json
-1059317911	3	3	3	records/p3/flag-certificates/1059317911.json
-1059452759	3	3	3	records/p3/flag-certificates/1059452759.json
-1059524295	3	3	3	records/p3/flag-certificates/1059524295.json
-1060003460	3	3	3	records/p3/flag-certificates/1060003460.json
-1060101811	3	3	3	records/p3/flag-certificates/1060101811.json
-1060104271	3	3	3	records/p3/flag-certificates/1060104271.json
-1060147231	3	3	3	records/p3/flag-certificates/1060147231.json
-1060496103	3	3	3	records/p3/flag-certificates/1060496103.json
-1060673051	3	3	3	records/p3/flag-certificates/1060673051.json
-1060727252	3	3	3	records/p3/flag-certificates/1060727252.json
-1061193467	3	3	3	records/p3/flag-certificates/1061193467.json
-1061222531	3	3	81	records/p3/flag-certificates/1061222531.json
-1061277331	3	3	3	records/p3/flag-certificates/1061277331.json
-1061363992	3	3	9	records/p3/flag-certificates/1061363992.json
-1061364479	3	3	3	records/p3/flag-certificates/1061364479.json
-1061472467	3	3	3	records/p3/flag-certificates/1061472467.json
-1061530683	3	3	3	records/p3/flag-certificates/1061530683.json
-1061578003	3	3	27	records/p3/flag-certificates/1061578003.json
-1061666355	3	3	3	records/p3/flag-certificates/1061666355.json
-1061785747	3	3	3	records/p3/flag-certificates/1061785747.json
-1061866248	3	3	3	records/p3/flag-certificates/1061866248.json
-1061878863	3	3	3	records/p3/flag-certificates/1061878863.json
-1062161864	3	3	3	records/p3/flag-certificates/1062161864.json
-1062248219	3	3	3	records/p3/flag-certificates/1062248219.json
-1062320903	3	3	3	records/p3/flag-certificates/1062320903.json
-1062447899	3	3	3	records/p3/flag-certificates/1062447899.json
-1062453203	3	3	3	records/p3/flag-certificates/1062453203.json
-1062453919	3	3	3	records/p3/flag-certificates/1062453919.json
-1062662696	3	3	3	records/p3/flag-certificates/1062662696.json
-1062686343	3	3	3	records/p3/flag-certificates/1062686343.json
-1062795683	3	3	3	records/p3/flag-certificates/1062795683.json
-1062881032	3	3	3	records/p3/flag-certificates/1062881032.json
-1063329412	3	3	3	records/p3/flag-certificates/1063329412.json
-1063387347	3	3	3	records/p3/flag-certificates/1063387347.json
-1063473384	3	3	3	records/p3/flag-certificates/1063473384.json
-1063483752	3	3	3	records/p3/flag-certificates/1063483752.json
-1063760815	3	3	3	records/p3/flag-certificates/1063760815.json
-1063780111	3	3	3	records/p3/flag-certificates/1063780111.json
-1063780660	3	3	3	records/p3/flag-certificates/1063780660.json
-1063837839	3	3	3	records/p3/flag-certificates/1063837839.json
-1063882664	3	3	81	records/p3/flag-certificates/1063882664.json
-1063952216	3	3	3	records/p3/flag-certificates/1063952216.json
-1064120687	3	3	3	records/p3/flag-certificates/1064120687.json
-1064347095	3	3	3	records/p3/flag-certificates/1064347095.json
-1064356447	3	3	3	records/p3/flag-certificates/1064356447.json
-1064399496	3	3	27	records/p3/flag-certificates/1064399496.json
-1064485699	3	3	3	records/p3/flag-certificates/1064485699.json
-1064496215	3	3	3	records/p3/flag-certificates/1064496215.json
-1064580603	3	3	3	records/p3/flag-certificates/1064580603.json
-1064596155	3	3	3	records/p3/flag-certificates/1064596155.json
-1064876872	3	3	3	records/p3/flag-certificates/1064876872.json
-1065059187	3	3	3	records/p3/flag-certificates/1065059187.json
-1065091348	3	3	3	records/p3/flag-certificates/1065091348.json
-1065094687	3	3	3	records/p3/flag-certificates/1065094687.json
-1065136424	3	3	3	records/p3/flag-certificates/1065136424.json
-1065148079	3	3	3	records/p3/flag-certificates/1065148079.json
-1065216155	3	3	3	records/p3/flag-certificates/1065216155.json
-1065326564	3	3	3	records/p3/flag-certificates/1065326564.json
-1065366111	3	3	9	records/p3/flag-certificates/1065366111.json
-1065611227	3	3	3	records/p3/flag-certificates/1065611227.json
-1065681476	3	3	3	records/p3/flag-certificates/1065681476.json
-1065726643	3	3	3	records/p3/flag-certificates/1065726643.json
-1065893583	3	3	9	records/p3/flag-certificates/1065893583.json
-1066337571	3	3	9	records/p3/flag-certificates/1066337571.json
-1066383295	3	3	3	records/p3/flag-certificates/1066383295.json
-1066534887	3	3	3	records/p3/flag-certificates/1066534887.json
-1066703567	3	3	3	records/p3/flag-certificates/1066703567.json
-1066736211	3	3	3	records/p3/flag-certificates/1066736211.json
-1067026651	3	3	3	records/p3/flag-certificates/1067026651.json
-1067241576	3	3	3	records/p3/flag-certificates/1067241576.json
-1067262303	3	3	3	records/p3/flag-certificates/1067262303.json
-1067295923	3	3	3	records/p3/flag-certificates/1067295923.json
-1067392468	3	3	3	records/p3/flag-certificates/1067392468.json
-1067450984	3	3	9	records/p3/flag-certificates/1067450984.json
-1067509487	3	3	3	records/p3/flag-certificates/1067509487.json
-1067518871	3	3	3	records/p3/flag-certificates/1067518871.json
-1067558543	3	3	3	records/p3/flag-certificates/1067558543.json
-1067632015	3	3	81	records/p3/flag-certificates/1067632015.json
-1067680931	3	3	3	records/p3/flag-certificates/1067680931.json
-1067707912	3	3	3	records/p3/flag-certificates/1067707912.json
-1067766891	3	3	3	records/p3/flag-certificates/1067766891.json
-1067783307	3	3	3	records/p3/flag-certificates/1067783307.json
-1067857604	3	3	2187	records/p3/flag-certificates/1067857604.json
-1068282003	3	3	9	records/p3/flag-certificates/1068282003.json
-1068415135	3	3	3	records/p3/flag-certificates/1068415135.json
-1068424904	3	3	3	records/p3/flag-certificates/1068424904.json
-1068593160	3	3	81	records/p3/flag-certificates/1068593160.json
-1068691787	3	3	3	records/p3/flag-certificates/1068691787.json
-1068701243	3	3	3	records/p3/flag-certificates/1068701243.json
-1068876695	3	3	3	records/p3/flag-certificates/1068876695.json
-1068877651	3	3	3	records/p3/flag-certificates/1068877651.json
-1068949231	3	3	3	records/p3/flag-certificates/1068949231.json
-1068993571	3	3	3	records/p3/flag-certificates/1068993571.json
-1069060791	3	3	3	records/p3/flag-certificates/1069060791.json
-1069064308	3	3	729	records/p3/flag-certificates/1069064308.json
-1069082863	3	3	3	records/p3/flag-certificates/1069082863.json
-1069414887	3	3	3	records/p3/flag-certificates/1069414887.json
-1069440303	3	3	3	records/p3/flag-certificates/1069440303.json
-1069469827	3	3	3	records/p3/flag-certificates/1069469827.json
-1069564135	3	3	3	records/p3/flag-certificates/1069564135.json
-1069599407	3	3	3	records/p3/flag-certificates/1069599407.json
-1069788152	3	3	3	records/p3/flag-certificates/1069788152.json
-1069804779	3	3	3	records/p3/flag-certificates/1069804779.json
-1069857060	3	3	243	records/p3/flag-certificates/1069857060.json
-1069878164	3	3	3	records/p3/flag-certificates/1069878164.json
-1069921687	3	3	3	records/p3/flag-certificates/1069921687.json
-1069939803	3	3	3	records/p3/flag-certificates/1069939803.json
-1070142767	3	3	3	records/p3/flag-certificates/1070142767.json
-1070420339	3	3	3	records/p3/flag-certificates/1070420339.json
-1070500751	3	3	9	records/p3/flag-certificates/1070500751.json
-1070651739	3	3	3	records/p3/flag-certificates/1070651739.json
-1070701135	3	3	3	records/p3/flag-certificates/1070701135.json
-1070776463	3	3	81	records/p3/flag-certificates/1070776463.json
-1070861987	3	3	3	records/p3/flag-certificates/1070861987.json
-1070920472	3	3	3	records/p3/flag-certificates/1070920472.json
-1070945659	3	3	3	records/p3/flag-certificates/1070945659.json
-1071008911	3	3	3	records/p3/flag-certificates/1071008911.json
-1071071079	3	3	9	records/p3/flag-certificates/1071071079.json
-1071087943	3	3	3	records/p3/flag-certificates/1071087943.json
-1071141320	3	3	3	records/p3/flag-certificates/1071141320.json
-1071161359	3	3	3	records/p3/flag-certificates/1071161359.json
-1071284079	3	3	3	records/p3/flag-certificates/1071284079.json
-1071289543	3	3	3	records/p3/flag-certificates/1071289543.json
-1071314612	3	3	3	records/p3/flag-certificates/1071314612.json
-1071460523	3	3	3	records/p3/flag-certificates/1071460523.json
-1071635063	3	3	3	records/p3/flag-certificates/1071635063.json
-1071636643	3	3	3	records/p3/flag-certificates/1071636643.json
-1071776967	3	3	9	records/p3/flag-certificates/1071776967.json
-1071884155	3	3	3	records/p3/flag-certificates/1071884155.json
-1072023983	3	3	3	records/p3/flag-certificates/1072023983.json
-1072059268	3	3	3	records/p3/flag-certificates/1072059268.json
-1072076744	3	3	3	records/p3/flag-certificates/1072076744.json
-1072166399	3	3	3	records/p3/flag-certificates/1072166399.json
-1072220527	3	3	3	records/p3/flag-certificates/1072220527.json
-1072226488	3	3	3	records/p3/flag-certificates/1072226488.json
-1072239095	3	3	27	records/p3/flag-certificates/1072239095.json
-1072257944	3	3	3	records/p3/flag-certificates/1072257944.json
-1072369844	3	3	3	records/p3/flag-certificates/1072369844.json
-1072393131	3	3	3	records/p3/flag-certificates/1072393131.json
-1072630612	3	3	3	records/p3/flag-certificates/1072630612.json
-1072637736	3	3	3	records/p3/flag-certificates/1072637736.json
-1072703759	3	3	3	records/p3/flag-certificates/1072703759.json
-1073365063	3	3	3	records/p3/flag-certificates/1073365063.json
-1073574399	3	3	3	records/p3/flag-certificates/1073574399.json
-1073595487	3	3	3	records/p3/flag-certificates/1073595487.json
-653329427	3	4	3	records/p3/flag-certificates-rank-four/653329427.json
-1876623871	3	4	3	records/p3/rank-four-census/K-1876623871/1876623871.json
-2520963512	3	4	3	records/p3/rank-four-census/K-2520963512/2520963512.json
-2676277123	3	4	3	records/p3/rank-four-census/K-2676277123/2676277123.json
-3146813128	3	4	3	records/p3/rank-four-census/K-3146813128/3146813128.json
-3972542271	3	4	3	records/p3/rank-four-census/K-3972542271/3972542271.json
-4724490703	3	4	3	records/p3/rank-four-census/K-4724490703/4724490703.json
-5252241199	3	4	3	records/p3/rank-four-census/K-5252241199/5252241199.json
-5288116947	3	4	3	records/p3/rank-four-census/K-5288116947/5288116947.json
-5866841451	3	4	3	records/p3/rank-four-census/K-5866841451/5866841451.json
-6127792087	3	4	3	records/p3/rank-four-census/K-6127792087/6127792087.json
-6223830596	3	4	3	records/p3/rank-four-census/K-6223830596/6223830596.json
-6903777631	3	4	3	records/p3/rank-four-census/K-6903777631/6903777631.json
-6905985272	3	4	3	records/p3/rank-four-census/K-6905985272/6905985272.json
-7189850292	3	4	3	records/p3/rank-four-census/K-7189850292/7189850292.json
-7309564084	3	4	3	records/p3/rank-four-census/K-7309564084/7309564084.json
-7311232679	3	4	3	records/p3/rank-four-census/K-7311232679/7311232679.json
-7592829611	3	4	3	records/p3/rank-four-census/K-7592829611/7592829611.json
-7993105123	3	4	3	records/p3/rank-four-census/K-7993105123/7993105123.json
-8308370723	3	4	3	records/p3/rank-four-census/K-8308370723/8308370723.json
-8417780779	3	4	3	records/p3/rank-four-census/K-8417780779/8417780779.json
-8418280523	3	4	3	records/p3/rank-four-census/K-8418280523/8418280523.json
-8624990111	3	4	3	records/p3/rank-four-census/K-8624990111/8624990111.json
-9552870967	3	4	3	records/p3/rank-four-census/K-9552870967/9552870967.json
-9775810067	3	4	3	records/p3/rank-four-census/K-9775810067/9775810067.json
-9906365947	3	4	3	records/p3/rank-four-census/K-9906365947/9906365947.json
-10501776635	3	4	3	records/p3/rank-four-census/K-10501776635/10501776635.json
-10647173399	3	4	3	records/p3/rank-four-census/K-10647173399/10647173399.json
-11451958228	3	4	3	records/p3/rank-four-census/K-11451958228/11451958228.json
-11890688307	3	4	3	records/p3/rank-four-census/K-11890688307/11890688307.json
-12397711531	3	4	3	records/p3/rank-four-census/K-12397711531/12397711531.json
-12583017751	3	4	3	records/p3/rank-four-census/K-12583017751/12583017751.json
-12890331624	3	4	3	records/p3/rank-four-census/K-12890331624/12890331624.json
-13090590347	3	4	3	records/p3/rank-four-census/K-13090590347/13090590347.json
-13116019171	3	4	3	records/p3/rank-four-census/K-13116019171/13116019171.json
-13220215784	3	4	3	records/p3/rank-four-census/K-13220215784/13220215784.json
-13443721231	3	4	3	records/p3/rank-four-census/K-13443721231/13443721231.json
-13897880131	3	4	3	records/p3/rank-four-census/K-13897880131/13897880131.json
-14029454371	3	4	3	records/p3/rank-four-census/K-14029454371/14029454371.json
-14432736523	3	4	3	records/p3/rank-four-census/K-14432736523/14432736523.json
-14658626339	3	4	3	records/p3/rank-four-census/K-14658626339/14658626339.json
-15395030967	3	4	3	records/p3/rank-four-census/K-15395030967/15395030967.json
-15513899079	3	4	3	records/p3/rank-four-census/K-15513899079/15513899079.json
-15717958951	3	4	3	records/p3/rank-four-census/K-15717958951/15717958951.json
-16257083528	3	4	3	records/p3/rank-four-census/K-16257083528/16257083528.json
-16347832699	3	4	3	records/p3/rank-four-census/K-16347832699/16347832699.json
-16499018903	3	4	3	records/p3/rank-four-census/K-16499018903/16499018903.json
-17127861191	3	4	3	records/p3/rank-four-census/K-17127861191/17127861191.json
-17346090376	3	4	3	records/p3/rank-four-census/K-17346090376/17346090376.json
-17585855272	3	4	3	records/p3/rank-four-census/K-17585855272/17585855272.json
-17789200568	3	4	3	records/p3/rank-four-census/K-17789200568/17789200568.json
-17832312728	3	4	3	records/p3/rank-four-census/K-17832312728/17832312728.json
-18290690707	3	4	3	records/p3/rank-four-census/K-18290690707/18290690707.json
-18606631611	3	4	3	records/p3/rank-four-census/K-18606631611/18606631611.json
-18710747944	3	4	3	records/p3/rank-four-census/K-18710747944/18710747944.json
-19060684807	3	4	3	records/p3/rank-four-census/K-19060684807/19060684807.json
-19250306324	3	4	3	records/p3/rank-four-census/K-19250306324/19250306324.json
-19288632407	3	4	3	records/p3/rank-four-census/K-19288632407/19288632407.json
-19330689667	3	4	3	records/p3/rank-four-census/K-19330689667/19330689667.json
-20217903567	3	4	3	records/p3/rank-four-census/K-20217903567/20217903567.json
-781922404	5	3	25	records/p5/flag-certificates/781922404.json
