discriminant	field	max_head_degree	head_words
-3321607	3	6	10
-3640387	3	9	13
-4019207	9	5	6
-4472360	3	8	10
-4818916	3	8	12
-5048347	3	7	11
-5067967	3	8	14
-5153431	3	10	15
-5288968	9	7	12
-5769988	9	7	12
-6562327	27	8	12
-7016747	3	6	9
-7060148	3	8	10
-7503391	3	8	12
-7546164	9	6	10
-8124503	3	8	13
-8180671	3	8	14
-8721735	3	8	12
-8819519	3	8	13
-8992363	3	6	10
-9379703	3	6	10
-9487991	3	8	12
-9778603	3	5	9
-10348907	3	7	10
-10381927	729	8	12
-10676983	3	7	11
-11072355	3	8	10
-11324296	3	8	14
-11328339	3	5	6
-11389912	3	8	13
-11393951	3	8	12
-12047115	3	7	10
-12201979	3	8	12
-12559720	3	8	11
-12641639	3	9	13
-12755172	3	7	12
-12840904	3	7	11
-12897383	3	8	13
-13275687	3	6	10
-13278979	3	6	11
-13863220	3	7	11
-13974943	9	9	13
-14177407	3	8	10
-14227223	3	4	4
-14445844	3	8	12
-14643743	3	6	10
-14935391	3	8	13
-15476323	3	8	11
-15625067	3	6	9
-15987407	6561	8	12
-16006307	3	9	10
-16042291	3	8	12
-16434239	3	8	12
-16572804	3	7	12
-16657624	9	8	12
-16763912	3	8	12
-17000507	3	8	12
-17112804	3	8	10
-17177572	3	8	15
-17496643	3	8	10
-17653587	3	7	12
-17725451	3	6	9
-17810891	9	8	12
-17896020	3	7	11
-17987428	3	6	10
-18409348	3	8	12
-18582159	3	6	10
-18590515	3	7	12
-18594131	3	6	9
-19233080	3	6	9
-19513736	3	8	12
-19912611	3	8	13
-19932436	3	8	10
-19969763	9	8	12
-20080808	3	8	10
-20096024	3	8	10
-20252728	3	6	9
-20501128	3	7	12
-20621908	3	7	12
-20846440	3	8	17
-21194392	3	6	9
-21483928	3	6	10
-21658407	3	8	12
-21747455	3	6	10
-21806879	3	6	9
-21965907	81	8	12
-21972215	3	7	11
-22151867	3	8	12
-22165572	3	6	10
-22309331	3	7	11
-23104527	3	6	10
-23321832	3	7	10
-23685848	3	6	10
-23951123	3	6	10
-24143284	3	8	12
-24418831	3	8	10
-24688264	3	7	12
-24909131	3	8	12
-24952655	3	8	10
-25012003	3	7	12
-25249451	3	6	10
-25274247	3	7	11
-25424951	3	7	11
-25660711	9	9	16
-25684355	27	8	12
-25748312	3	5	6
-25997167	3	8	10
-26156083	3	8	10
-26430603	3	10	15
-26514856	9	8	12
-26607371	3	7	11
-26758111	3	8	13
-27458447	3	7	11
-27607115	3	7	12
-27634267	9	7	12
-27808763	3	8	12
-27840799	3	9	13
-27858536	3	7	11
-28114627	3	7	12
-28494568	9	8	10
-28502452	243	8	12
-28732623	3	6	9
-28914811	3	8	12
-28991499	3	7	11
-28996895	3	6	10
-29039896	3	8	10
-29313672	3	6	10
-29349211	3	7	12
-29482627	3	6	9
-29597551	3	7	12
-29613268	3	8	12
-29676772	3	8	12
-29725336	3	8	10
-30078739	3	7	12
-30110403	3	7	11
-30365267	3	8	12
-30470603	3	8	12
-30479731	3	8	13
-30536548	3	6	10
-30580763	3	8	13
-30778471	3	8	11
-31170815	3	7	12
-31604267	3	8	12
-31859095	3	6	10
-32139951	3	8	12
-32256687	3	6	10
-32332891	3	8	10
-32494888	3	6	10
-32711691	3	7	11
-32830228	3	7	12
-32852423	3	6	10
-32922883	3	5	9
-32967727	9	7	12
-33450387	3	10	18
-33505727	3	8	14
-33543383	9	8	11
-33778824	3	7	11
-33866072	3	6	10
-33889487	3	8	12
-34019704	81	8	12
-34025032	3	5	9
-34294431	3	8	10
-34365368	3	8	12
-34394964	3	7	12
-34395976	3	8	12
-34410767	3	8	12
-34557071	3	7	12
-34700727	3	6	9
-34757159	3	11	13
-35063799	3	7	11
-35180884	3	7	11
-35269627	3	8	12
-35275411	27	8	12
-35397931	3	8	15
-35470387	9	8	13
-35494763	3	8	13
-35858996	3	8	13
-35910676	3	8	10
-36323563	9	8	12
-36352456	3	8	12
-36399667	3	10	15
-36519044	3	8	10
-36848479	6561	8	12
-36975896	9	8	13
-37418788	27	8	12
-37595407	3	8	13
-37762223	3	8	10
-37935860	3	7	11
-37940287	3	8	12
-38206088	3	6	10
-38547491	3	6	10
-38582072	3	8	13
-38588287	3	8	10
-38683940	3	6	10
-38711939	3	8	10
-38934467	3	8	12
-39026155	3	11	14
-39678747	3	8	13
-39726931	3	8	12
-40294232	3	8	14
-40305668	3	7	12
-40524047	3	8	12
-40628227	3	8	12
-40644155	3	8	14
-40956599	3	7	12
-40974248	3	5	9
-41128408	3	6	9
-41337480	3	8	12
-41344543	3	6	11
-41443599	3	8	13
-41477179	3	8	12
-41755827	3	6	10
-41889531	3	6	10
-41896536	3	8	10
-41980504	3	6	10
-42071235	3	6	10
-42132596	3	8	10
-42252679	3	8	12
-42322639	3	8	13
-42503351	3	8	10
-42587971	3	8	10
-42686563	3	8	13
-42808163	3	8	12
-42826011	3	8	14
-42895603	3	7	11
-42907123	3	7	11
-42986939	3	5	9
-43080191	3	8	12
-43139524	3	8	11
-43376628	3	8	13
-43461239	3	6	10
-43586455	3	8	15
-43710943	243	8	12
-43798756	9	7	12
-43963060	3	8	10
-43987623	3	7	12
-44097816	3	10	16
-44378884	9	8	12
-44387671	3	6	10
-44659183	3	7	12
-44671307	3	6	10
-44772863	3	7	11
-44813091	3	8	12
-44849411	27	8	12
-45183043	3	8	13
-45554287	3	6	10
-45722467	3	8	12
-45770539	3	6	10
-45971092	3	7	12
-46220036	3	8	10
-46237207	3	8	10
-46280315	3	9	13
-46356087	3	6	9
-46677864	3	8	12
-46887364	3	8	11
-46905323	3	8	10
-47332147	3	11	17
-47450935	3	8	10
-47455087	3	6	10
-47677668	3	6	10
-47831891	3	8	12
-47963219	3	8	12
-48330759	3	8	13
-48511515	3	7	12
-48651143	3	8	9
-48862488	3	8	12
-48973895	3	7	11
-49127647	3	5	6
-49303355	3	7	12
-49594276	3	6	9
-49666519	3	9	16
-49723123	9	9	13
-49875223	9	5	6
-50065655	3	7	11
-50463903	3	8	10
-50563859	3	8	10
-50566564	3	8	12
-50609427	3	6	10
-50611819	3	7	10
-50713799	3	6	9
-50831112	3	8	13
-50977103	3	8	12
-50994247	3	8	10
-51065211	3	8	10
-51274915	3	7	12
-51371291	9	7	12
-51880371	3	8	10
-52088423	9	7	12
-52119327	3	7	11
-52494539	3	6	10
-52517111	3	8	12
-52532008	3	8	13
-52722084	3	6	10
-52743011	3	10	15
-53090887	3	8	17
-53246276	9	8	12
-53395079	3	8	12
-53450299	3	9	12
-53472280	3	8	10
-53893759	3	8	12
-53997976	9	5	6
-54060483	3	7	9
-54258447	3	8	13
-54433787	3	7	12
-54530671	3	8	13
-54750952	3	10	19
-55002551	3	8	13
-55099043	27	8	12
-55247159	3	7	9
-55458643	3	8	12
-55459844	3	8	12
-55990111	3	6	10
-56012791	3	8	12
-56023159	3	6	10
-56062840	3	6	10
-56179268	3	6	9
-56227223	3	6	10
-56877643	3	8	10
-56892947	3	8	12
-56910443	3	8	10
-57236692	3	11	22
-57280391	3	8	13
-57525107	3	8	13
-57537671	3	8	12
-57554915	3	8	12
-57886599	3	6	8
-58055055	3	8	14
-58106407	3	7	12
-58264280	3	8	10
-58436551	3	5	5
-58503176	3	6	10
-58616979	3	8	11
-58670031	3	8	13
-58830347	2187	8	12
-58917044	3	8	10
-58924687	3	7	11
-58983812	9	8	12
-59240407	3	8	13
-59283247	3	7	12
-59283847	3	8	12
-59289547	3	6	9
-59457832	3	8	13
-59728531	3	8	12
-60157219	3	8	12
-60252979	3	6	9
-60416488	9	8	12
-60638315	3	6	10
-60661208	3	6	10
-60732499	3	6	9
-60912499	3	8	12
-60936143	3	8	10
-61043151	3	8	13
-61050644	3	8	12
-61052171	3	5	9
-61063943	3	8	15
-61090772	9	8	12
-61113332	3	8	17
-61263451	3	8	10
-61522964	9	6	10
-61559087	3	6	10
-61764971	9	8	10
-61954504	3	6	10
-62092203	3	6	10
-62299023	3	11	17
-62919784	3	7	11
-63069839	3	7	12
-63165371	3	8	13
-63199139	3	9	13
-63263807	9	6	10
-63572952	3	8	12
-63643603	3	7	11
-63849412	3	6	10
-63946915	3	8	13
-63953087	27	8	12
-64018859	3	7	9
-64046083	3	6	10
-64080884	3	8	11
-64345151	3	6	10
-64677252	3	6	10
-64733531	3	11	12
-64842308	3	8	10
-64894027	3	8	13
-65118839	81	8	12
-65257604	3	8	10
-65417747	3	7	11
-65547115	3	8	10
-65561387	3	8	14
-65739755	3	6	10
-65809779	3	8	13
-66047467	9	6	10
-66126811	3	8	13
-66319367	3	6	10
-66483203	9	7	12
-66847063	3	6	10
-66873559	3	7	11
-66977099	3	6	10
-67223287	3	7	9
-67231491	3	8	12
-67244147	3	8	11
-67322296	3	8	12
-67493503	3	6	9
-67604871	3	7	11
-67657143	81	8	12
-67726936	9	10	16
-67912984	3	8	11
-68193140	3	8	12
-68259176	3	7	11
-68261656	243	8	12
-68516555	3	7	12
-68642059	3	8	10
-68655147	3	8	12
-68903007	3	7	11
-69544011	3	6	10
-69645755	3	6	10
-69676520	3	6	10
-69709283	3	7	12
-69768715	3	5	6
-69933299	3	6	10
-70061912	3	8	12
-70177623	3	8	13
-70502371	3	7	10
-70853099	3	7	11
-71153643	3	8	12
-71227880	3	7	11
-71253620	9	7	12
-71525815	3	8	13
-71527667	3	8	10
-71545411	9	7	12
-71603795	3	7	12
-71655143	27	8	12
-71659867	3	8	10
-71662359	3	6	10
-71911464	3	6	9
-72128884	3	6	10
-72222184	9	6	10
-72673979	3	8	9
-72691603	3	8	13
-72839983	3	7	10
-72903379	3	6	10
-72972579	3	8	12
-73046319	3	7	11
-73086555	3	4	4
-73097403	3	8	12
-73123807	81	8	12
-73509431	3	9	15
-73539679	3	8	12
-73816115	3	8	10
-73831256	3	7	9
-73892607	3	6	10
-74251236	3	7	11
-74343019	3	7	12
-74428948	3	8	12
-74446471	9	7	12
-74672023	3	6	10
-74775687	3	9	15
-74926067	3	8	13
-74944691	3	6	10
-74977087	3	8	11
-74988295	3	8	12
-75069563	3	6	11
-75170616	3	8	10
-75199172	243	8	12
-75199703	3	7	9
-75474676	3	9	15
-75700947	3	6	10
-75950259	3	7	11
-76062191	3	8	10
-76295551	3	6	10
-76327547	3	8	11
-76563391	3	8	12
-76644136	3	9	13
-76719119	3	7	10
-76781539	3	8	12
-76819303	3	6	9
-76933327	9	7	12
-77016484	3	8	10
-77436244	3	7	12
-77533044	3	8	13
-77947879	243	8	12
-78051887	3	8	13
-78113599	243	8	12
-78123956	3	6	10
-78159544	3	8	12
-78417563	3	8	13
-78766563	3	8	15
-78789999	3	11	15
-79042567	3	8	13
-79076147	9	7	12
-79239059	3	6	10
-79239963	3	8	12
-79378899	3	7	11
-79713039	3	6	10
-79777147	3	6	9
-79821928	3	8	13
-79843343	81	8	12
-79889939	3	8	12
-79954936	3	6	10
-80055743	3	7	11
-80067263	3	8	10
-80179323	3	5	9
-80228087	3	6	10
-80340595	3	8	12
-81002507	9	7	12
-81055347	3	8	12
-81080107	3	8	10
-81173699	243	8	12
-81430807	3	8	12
-81491291	3	7	7
-81952699	9	7	11
-82147415	3	8	13
-82346307	3	7	11
-82361155	3	8	12
-82593159	3	6	11
-82735860	3	8	10
-82911943	3	6	10
-82960979	3	6	10
-83076495	3	7	12
-83164003	3	8	13
-83181284	3	7	12
-83260039	3	7	10
-83281243	3	8	11
-83512523	3	7	11
-83555403	3	6	10
-83593716	3	7	12
-83655843	3	8	10
-83667140	3	6	10
-83678267	3	8	10
-83739364	3	11	17
-83876747	3	8	12
-83977007	3	7	12
-83987583	3	6	10
-84000335	3	8	15
-84091667	3	6	10
-84404939	3	8	13
-84503683	3	8	10
-84537355	3	7	11
-84604483	3	8	12
-84730747	9	8	10
-84962455	3	8	15
-85241139	81	8	12
-85273015	27	8	12
-85349659	3	8	10
-85436308	3	6	9
-85503343	3	6	10
-85829711	3	7	12
-85846072	3	11	13
-85893823	81	8	12
-85922243	3	7	12
-85944759	9	9	13
-85965519	3	8	12
-86099672	3	6	9
-86148239	3	6	10
-86530739	3	8	10
-87068820	3	8	13
-87076607	9	7	12
-87116531	3	8	10
-87227535	3	8	12
-87289583	3	6	10
-87374676	81	8	12
-87438824	3	8	12
-87556859	3	9	17
-87590243	3	8	12
-87621595	3	8	13
-87759928	9	6	10
-87771844	3	6	10
-87970040	3	8	13
-88163771	3	7	11
-88359035	3	8	10
-88396079	3	6	10
-88474207	3	8	12
-88503319	3	7	12
-88605903	3	7	10
-88957723	3	7	12
-89101399	3	9	12
-89209544	3	7	10
-89234452	3	6	9
-89258335	3	10	17
-89284916	3	8	12
-89466479	3	8	13
-89471204	3	8	12
-89479108	3	8	11
-89575699	3	8	12
-89625131	3	10	16
-90055207	3	7	12
-90129243	3	8	12
-90151727	9	8	12
-90233124	3	8	10
-90379720	3	7	11
-90399059	3	6	10
-90428676	6561	8	12
-90531160	3	6	10
-90751007	243	8	12
-90827851	3	7	10
-90847527	3	6	10
-91120904	3	8	10
-91153780	9	8	12
-91171831	3	8	13
-91246847	3	5	6
-91420051	81	8	12
-91765579	3	6	10
-91789131	3	8	12
-92011559	9	8	12
-92519956	3	6	10
-92547507	3	8	14
-92613251	3	7	12
-92630292	27	6	10
-92788051	3	7	11
-92965111	3	8	12
-93345044	3	6	10
-93463883	3	8	13
-93494131	27	8	12
-93572052	3	6	9
-93672231	3	8	14
-93695199	3	8	10
-93785768	3	7	12
-93828263	3	8	11
-94226740	3	8	12
-94314472	3	5	6
-94359479	3	8	10
-94489012	9	9	15
-94600216	3	7	11
-94652299	3	10	16
-94709544	27	7	12
-94771304	3	5	5
-94779688	3	8	13
-94932955	3	7	12
-95043595	9	8	13
-95117988	3	10	15
-95319944	3	8	10
-95378159	3	11	19
-95400167	729	8	12
-95932132	3	8	10
-96012987	2187	8	12
-96032407	81	8	12
-96095191	3	8	12
-96157147	9	7	12
-96163699	3	8	13
-96198436	3	8	10
-96347887	3	8	10
-96529780	3	8	10
-96569255	3	6	9
-96632203	81	8	10
-96635087	3	5	5
-96691448	3	8	12
-96758036	3	8	13
-96769507	3	6	10
-96924143	3	7	12
-96956527	3	6	10
-97028499	3	8	13
-97097335	3	11	18
-97193767	3	7	11
-97508420	3	8	12
-97572883	3	5	9
-97660095	3	8	12
-97677239	3	7	10
-97685956	3	6	10
-98134403	3	6	10
-98346291	27	8	12
-98501444	3	6	10
-98532655	3	8	13
-98975828	3	6	9
-98999924	3	8	12
-99063651	3	8	10
-99119012	3	8	11
-99422308	3	7	10
-99888447	3	8	13
-100051871	3	11	17
-100183379	3	8	14
-100203007	3	7	12
-100351651	3	7	12
-100465547	3	8	10
-100470679	9	8	12
-100552015	3	6	10
-100765576	3	7	11
-100861323	3	7	12
-101022855	3	7	12
-101035903	3	6	10
-101177319	3	6	10
-101380051	3	11	13
-101402132	81	7	12
-101588291	3	7	12
-101706439	3	5	5
-101706719	9	8	12
-101726123	3	8	12
-101764712	9	8	12
-101798884	3	8	10
-101993963	3	8	12
-102107476	9	8	12
-102408356	3	5	9
-102448843	3	6	10
-102504715	3	8	10
-102862399	3	6	10
-102875979	3	6	9
-102991307	3	6	10
-103019367	3	11	17
-103066755	3	7	11
-103233395	3	7	11
-103265860	3	8	13
-103410836	3	8	13
-103419807	3	8	10
-103585979	3	7	12
-103770483	3	6	10
-103804552	3	6	11
-103965639	3	6	10
-104176635	3	8	12
-104540167	3	8	13
-104712567	3	8	12
-104728740	3	5	6
-104729779	3	8	10
-104731543	3	9	12
-104864343	9	7	12
-104906328	3	6	10
-104956276	9	9	13
-105071143	3	9	15
-105215595	3	8	13
-105347240	3	6	10
-105589567	3	8	13
-105720547	3	8	14
-105834035	3	8	12
-105860635	3	8	12
-105967319	3	8	12
-106125551	3	6	10
-106247912	3	8	12
-106268803	3	8	12
-106372235	9	9	15
-106715623	3	8	12
-106925507	3	8	14
-107034195	3	8	14
-107095315	3	6	9
-107314951	9	7	12
-107475007	3	8	12
-107623363	3	6	10
-107668299	9	8	10
-107682635	3	8	12
-108037479	3	8	10
-108109907	3	8	12
-108273279	3	6	10
-108289923	3	8	12
-108315995	9	8	12
-108518063	9	7	12
-108526127	3	8	12
-108627752	3	8	12
-108654647	3	8	13
-108803464	3	6	10
-108890715	27	8	12
-109036687	9	7	12
-109060195	729	8	12
-109414808	3	6	10
-109587704	3	8	13
-109970463	3	7	11
-110021687	3	6	9
-110317755	3	8	11
-110398423	3	8	12
-110426808	3	6	9
-110554211	27	7	12
-110800772	3	8	12
-110870967	3	6	10
-110899864	3	7	11
-110992667	3	5	6
-111043195	3	5	6
-111199539	3	6	10
-111234260	3	6	10
-111442868	3	11	17
-111677988	3	8	14
-111690015	3	6	10
-111900819	3	8	10
-112047087	3	5	9
-112059944	3	7	11
-112072984	9	7	12
-112112119	3	7	12
-112117351	3	8	13
-112121876	3	5	9
-112363203	3	5	5
-112547220	3	8	11
-112723355	3	7	11
-112889387	3	7	11
-112992004	3	8	10
-113007880	3	8	13
-113096244	729	8	12
-113156599	3	11	18
-113221139	3	9	13
-113259832	3	7	12
-113490499	3	6	10
-113540959	3	6	9
-113890891	3	8	10
-114080251	3	8	10
-114100019	3	10	16
-114178515	3	8	14
-114292127	27	8	12
-114296595	3	7	7
-114514807	3	9	13
-114536483	3	8	10
-114574879	3	7	11
-114601055	3	8	13
-114610335	3	8	13
-114622887	3	8	13
-115001783	3	7	9
-115026215	3	11	17
-115076040	3	6	10
-115205367	3	7	12
-115329767	3	8	10
-115516059	3	7	12
-115566587	3	8	12
-115737043	27	7	12
-115915967	3	7	11
-116208379	3	6	10
-116256163	3	8	10
-116313160	3	11	18
-116537768	3	8	10
-116689115	3	6	9
-116872171	9	6	10
-117126383	3	5	5
-117211048	3	9	15
-117413191	3	8	13
-117917147	3	8	12
-118035051	2187	8	12
-118111703	3	8	12
-118364216	81	7	12
-118414067	3	6	10
-118426632	3	7	11
-118540135	3	7	11
-118625620	243	8	12
-118706147	3	7	11
-118820856	3	9	16
-118874888	3	8	12
-119070947	3	6	10
-119182840	3	8	12
-119208040	3	8	10
-119422468	9	7	12
-119439427	3	6	10
-119771843	3	8	12
-119850047	3	8	10
-119879459	3	6	9
-119905627	3	5	5
-120085699	3	6	9
-120214447	3	8	10
-120291131	3	6	10
-120423796	3	8	12
-120457012	3	11	17
-120727867	3	10	12
-120755064	3	7	12
-120779123	3	5	5
-120906347	3	8	12
-120976943	3	8	13
-121013764	9	6	10
-121212515	3	8	10
-121270235	9	7	12
-121295560	81	8	12
-121382643	3	8	10
-121462739	9	9	13
-121494820	3	6	10
-121599127	3	7	12
-121791091	9	7	12
-122084895	3	8	10
-122237763	3	8	12
-122333143	3	8	12
-122340311	3	7	12
-122380811	3	9	14
-122400367	3	8	10
-122563911	3	6	9
-122592871	3	8	11
-122594963	3	7	11
-122641927	3	8	11
-122739448	9	9	15
-122818616	3	8	12
-122836171	3	8	10
-122845123	3	6	10
-122924623	3	6	10
-123088355	3	8	12
-123418083	81	8	12
-123437656	3	8	12
-123440727	3	8	13
-123652535	3	7	12
-123673460	3	7	12
-123698584	3	6	10
-123712095	3	8	10
-124260783	6561	8	12
-124438679	27	7	12
-124479319	3	5	9
-124586023	3	9	13
-124789384	3	8	13
-124971331	3	8	10
-125146031	3	6	9
-125151859	3	7	9
-125187496	3	6	10
-125261035	3	8	13
-125266235	3	4	4
-125333412	3	6	10
-125389496	3	6	9
-125474071	3	7	10
-125599604	3	8	12
-125932691	3	7	9
-125982391	3	5	5
-126078459	3	7	10
-126160744	3	8	10
-126190095	3	8	11
-126207064	3	6	10
-126247035	3	6	10
-126395447	3	7	11
-126441247	3	8	17
-126453544	3	8	13
-126488119	3	6	10
-126533428	3	7	12
-126680395	3	6	10
-126757480	3	7	11
-126842071	3	8	10
-126931407	3	8	10
-126946959	3	8	10
-127001507	3	5	6
-127083363	3	7	11
-127179368	3	8	12
-127214419	3	7	11
-127775543	3	5	9
-127780203	3	8	10
-127839299	3	6	10
-127863723	3	11	17
-128173971	3	8	13
-128219291	3	8	13
-128264243	3	8	14
-128297731	3	8	12
-128400095	3	8	10
-128551556	3	6	9
-128568632	3	8	12
-128791076	3	8	12
-128873467	3	7	12
-128942504	3	6	10
-129052759	3	8	13
-129346591	3	5	6
-129465544	3	8	12
-129545647	3	9	13
-129566823	3	7	12
-129621827	3	7	12
-129800404	3	6	9
-129853060	3	5	6
-130106879	3	8	11
-130287111	3	8	12
-130323587	3	6	10
-130841668	3	6	10
-130981476	3	8	11
-131296148	3	7	11
-131379251	3	6	10
-131461883	9	9	13
-131484740	3	8	12
-131662371	3	7	10
-131789608	3	11	19
-131842299	3	6	10
-132000548	3	8	12
-132067304	3	7	9
-132085951	3	8	13
-132163268	3	8	11
-132309544	3	8	10
-132473940	3	8	13
-132535283	3	7	11
-132748228	3	8	10
-132799179	3	6	10
-132948888	3	8	14
-132975815	9	7	12
-133331928	3	6	9
-133574847	9	8	12
-133667087	3	8	11
-133746671	3	8	10
-133920551	3	6	10
-133989187	3	6	9
-134216987	3	8	12
-134217247	3	6	9
-134400324	3	6	10
-134705176	3	8	11
-134937604	3	7	11
-134937803	3	8	10
-135130999	3	8	10
-135235988	3	8	14
-135448979	3	10	11
-135496963	3	8	10
-135547519	9	7	12
-135618612	3	8	11
-135672259	3	8	11
-135761647	243	8	12
-135813691	3	8	13
-135838324	3	8	12
-135896664	3	6	10
-135912067	3	6	9
-135942127	3	7	12
-135992867	3	5	6
-136151583	3	8	13
-136153111	9	8	12
-136256647	3	8	12
-136282463	3	7	10
-136687508	3	6	10
-136878251	3	8	11
-137007843	9	7	12
-137170183	3	7	11
-137291476	3	6	10
-137353544	3	8	12
-137394091	3	8	10
-137436724	3	6	11
-137672011	3	6	10
-137738792	3	10	18
-137896439	3	7	11
-138387395	3	8	11
-138394136	3	7	11
-138431976	3	11	17
-138603587	3	9	13
-138650388	3	8	10
-138690547	3	4	5
-138697355	3	8	13
-138814971	9	7	9
-139160659	3	8	13
-139353252	3	8	10
-139457363	3	5	9
-139509247	3	6	10
-139713832	3	8	13
-139725491	9	9	15
-139758459	3	6	9
-139791739	3	7	10
-140037972	3	8	13
-140168771	9	7	12
-140196739	3	6	9
-140313171	9	9	13
-140367832	9	7	12
-140507383	3	8	13
-140559544	3	7	11
-140623051	3	6	11
-140655747	243	8	12
-140768771	6561	8	12
-140813643	3	9	15
-140987188	3	8	11
-141000955	3	7	11
-141178143	3	5	6
-141241443	9	7	12
-141624232	3	6	10
-141723403	9	7	12
-141772615	3	7	11
-141950147	3	6	10
-141960027	3	8	12
-141976823	3	8	10
-142014499	3	8	12
-142270239	3	8	10
-142545871	3	8	10
-142650951	2187	8	12
-142705139	3	8	10
-142722836	3	6	9
-142829491	3	8	13
-143011787	3	7	12
-143153812	3	7	11
-143294291	3	8	12
-143306932	3	6	10
-143390452	3	6	10
-143506884	3	8	10
-143509683	3	8	12
-143862803	3	7	12
-144024031	3	6	10
-144095547	3	5	6
-144115476	3	11	14
-144178420	3	8	10
-144317791	3	7	10
-144346308	3	5	9
-144352228	3	8	12
-144449419	27	8	12
-144523723	3	8	11
-144664899	3	10	16
-144708547	27	8	12
-144910303	3	8	12
-145170008	3	8	13
-145281736	3	6	10
-145379719	3	8	11
-145391423	3	7	9
-145537655	3	8	10
-145694455	3	8	12
-145761028	3	8	12
-146144183	3	7	7
-146175455	3	8	10
-146215079	3	8	10
-146767151	3	6	10
-146904195	3	8	12
-146969896	3	6	10
-147106619	3	8	10
-147203607	3	8	10
-147223524	3	8	12
-147278003	3	6	10
-147288551	3	8	11
-147430363	3	6	10
-147488884	3	7	11
-147619732	3	8	12
-147634791	27	8	12
-147671428	3	7	7
-147833688	9	9	15
-147848471	3	8	13
-147863908	3	8	14
-148015928	3	8	13
-148077199	3	6	10
-148183412	3	7	10
-148232379	3	8	10
-148326260	3	7	11
-148371684	3	6	10
-148374067	3	8	12
-148447176	3	7	12
-148459339	3	8	12
-148590251	9	8	12
-148670884	3	8	12
-148826372	3	8	10
-148847668	3	7	10
-148917919	3	4	4
-148919560	9	6	10
-149065343	3	6	10
-149126459	3	7	11
-149168660	3	8	12
-149225315	3	6	10
-149292411	3	8	10
-149499255	3	6	9
-149614899	81	8	12
-149839763	3	7	11
-149845791	3	7	10
-149876552	3	8	10
-149896580	3	6	9
-149898920	81	7	12
-149969224	3	8	13
-150029755	81	8	12
-150037588	3	6	9
-150102607	9	9	15
-150119711	3	10	18
-150248959	27	8	12
-150266123	3	8	12
-150517588	3	8	13
-150560363	3	8	10
-150811763	3	8	10
-150978931	3	8	12
-151213531	3	6	10
-151285703	9	9	13
-151310607	9	7	12
-151326223	3	8	11
-151328355	81	8	12
-151418068	3	7	12
-151431927	3	6	9
-151601656	3	6	9
-151793279	3	8	11
-151931352	3	8	12
-152129903	3	8	15
-152141831	3	6	10
-152170691	3	8	13
-152326968	3	9	13
-152566824	3	6	10
-152590867	3	8	10
-152714811	3	6	9
-152816443	243	8	12
-152905127	3	6	10
-153042728	3	7	12
-153198052	3	9	13
-153302195	3	7	9
-153313240	3	8	12
-153480415	3	7	12
-153519367	3	8	12
-153943012	9	7	12
-154046179	3	6	10
-154287143	3	6	10
-154377755	3	8	12
-154481732	3	7	10
-154698484	3	6	9
-154876207	3	8	12
-154983683	3	8	13
-155025784	3	11	20
-155075539	3	8	11
-155118372	3	8	11
-155125299	3	8	10
-155128595	9	9	13
-155183059	3	8	13
-155329032	9	8	12
-155523399	3	8	13
-155535991	3	7	10
-155631895	3	7	12
-155694552	3	8	12
-155849707	3	6	10
-156042111	3	7	9
-156057779	3	8	12
-156143667	3	8	12
-156193879	3	8	10
-156225839	3	7	12
-156396211	3	6	9
-156418328	3	6	10
-156532271	3	6	10
-156684559	9	7	12
-156971831	3	7	12
-157096916	3	5	9
-157196355	3	6	10
-157236043	3	8	12
-157301587	3	7	7
-157315523	9	8	12
-157316487	3	6	10
-157658059	3	6	10
-157734627	3	8	10
-157759203	3	7	12
-157790728	3	8	10
-157818392	3	8	12
-157925364	3	6	10
-158030527	3	8	12
-158043283	3	8	12
-158410088	9	8	12
-158480488	3	8	10
-158568063	3	7	11
-158712740	3	7	12
-158907844	3	7	12
-159035703	3	8	12
-159059928	3	7	12
-159120831	3	8	11
-159183431	3	8	12
-159264212	3	6	10
-159518299	3	7	11
-159552807	9	8	12
-159566963	3	8	13
-159919223	3	8	13
-159937095	3	8	14
-159977627	3	8	12
-159983764	3	8	13
-160005791	3	6	10
-160203255	3	6	10
-160265044	3	8	10
-160327995	3	11	18
-160496276	3	6	10
-160504687	3	7	12
-160747208	3	8	12
-160794955	3	6	9
-161268388	3	7	12
-161434111	3	6	10
-161631311	3	8	12
-162002355	3	11	18
-162102223	3	6	9
-162404267	3	8	12
-162632559	3	8	12
-162705839	3	8	12
-162763288	3	8	10
-162856443	3	7	9
-162898612	3	8	14
-162946099	3	8	11
-163076963	3	6	10
-163092068	3	8	12
-163466895	3	8	12
-163742451	3	6	10
-163766039	27	8	12
-163904980	3	7	12
-163967847	3	8	13
-164016836	9	5	6
-164081444	3	10	17
-164176007	3	6	10
-164346863	3	6	10
-164379379	3	8	14
-164677748	3	7	12
-164782543	3	9	13
-164831348	3	6	10
-164922935	3	6	10
-164952155	3	6	10
-165077195	3	8	12
-165190723	3	6	10
-165241615	3	8	13
-165279163	3	8	13
-165352883	3	7	12
-165450503	3	8	10
-165487636	3	8	12
-165578919	3	8	10
-165626148	3	8	11
-165641871	9	8	12
-165803188	3	7	12
-165899471	3	8	13
-166008856	6561	8	12
-166194779	3	6	9
-166449560	3	6	10
-166662296	3	7	12
-166721311	3	8	10
-167143115	3	8	13
-167309283	9	7	12
-167362379	3	8	10
-167486692	3	7	11
-167522495	3	7	12
-167616283	3	7	10
-167676440	3	8	10
-167729831	3	6	10
-167892467	3	7	11
-168144596	3	6	10
-168228388	9	9	13
-168423476	3	8	13
-168587555	3	8	10
-168629363	3	7	9
-168674379	3	6	10
-168772951	3	6	9
-168936827	3	8	14
-168941587	3	6	10
-168954179	3	6	9
-169003844	3	8	12
-169084939	3	8	12
-169565003	3	8	12
-169683887	3	8	13
-169722548	27	8	12
-169812807	3	8	13
-169863899	3	8	12
-170093352	3	7	11
-170269784	3	7	12
-170293295	3	9	14
-170316407	3	8	10
-170475647	3	8	13
-170546831	3	8	12
-170558411	3	7	11
-170591747	3	7	12
-170641299	3	7	11
-171697711	3	6	10
-171745732	3	8	13
-171847172	3	9	15
-171891672	3	7	13
-172142408	3	6	10
-172472980	3	7	12
-172519139	3	6	10
-172535059	3	8	12
-172600707	3	8	10
-172864612	3	8	12
-173055459	3	8	13
-173395336	3	7	12
-173436904	3	7	12
-173668639	3	7	11
-173695507	3	8	10
-173728479	3	9	14
-173933419	3	8	10
-173970751	3	6	10
-174083503	3	6	10
-174180459	3	8	10
-174209115	3	8	13
-174259523	3	8	10
-174499367	3	7	11
-174716383	27	8	12
-174919243	3	7	11
-174922555	3	7	12
-175252199	3	6	10
-175374843	3	5	6
-175432424	3	8	13
-175763156	3	6	9
-175922643	27	8	12
-175960952	3	8	13
-176010403	3	9	13
-176162891	3	7	11
-176217427	3	7	11
-176265463	3	6	10
-176401403	243	8	12
-176525099	3	8	12
-176696123	3	6	10
-176778823	9	8	12
-176811256	3	8	12
-176830351	3	8	10
-177117767	3	6	9
-177140660	3	8	13
-177146615	3	6	10
-177301835	3	8	10
-177353432	3	6	9
-177867732	3	8	10
-177887496	3	6	10
-177906983	3	6	10
-177935896	3	5	6
-178005176	3	9	15
-178099799	3	7	11
-178208719	3	8	12
-178310356	6561	8	12
-178446739	3	7	9
-178587192	3	6	10
-178595732	3	8	13
-178717416	3	8	12
-178745587	3	8	14
-178904532	3	6	10
-178905743	3	7	9
-178913883	3	7	12
-179016427	3	6	9
-179389396	3	7	12
-179422799	3	8	13
-179458559	9	8	12
-179558808	3	7	12
-179638936	3	8	12
-179680511	9	7	12
-179722799	9	8	10
-179908680	9	8	10
-179972851	3	7	12
-179997667	3	7	12
-180175091	3	8	12
-180273460	3	10	15
-180478139	3	7	9
-180606567	3	11	17
-180757387	3	8	11
-180849736	3	8	11
-180853743	3	7	11
-180969287	3	9	13
-181118363	3	8	10
-181153571	3	8	12
-181220372	3	6	10
-181241707	27	8	12
-181286823	3	8	12
-181342911	3	6	9
-181476599	3	5	9
-181587503	3	6	9
-181588008	3	8	10
-181640027	3	7	11
-181673411	3	5	9
-181825823	3	7	11
-181896179	9	7	12
-181922147	9	8	12
-182054323	3	6	10
-182149179	3	7	11
-182164776	3	8	14
-182212055	3	5	8
-182254047	3	6	9
-182318531	3	8	13
-182388184	3	8	13
-182542676	3	8	13
-182619055	3	7	12
-182799908	3	8	12
-182853896	9	7	12
-182899799	3	7	11
-182911171	3	10	18
-182954767	3	8	13
-183140612	3	8	11
-183409151	3	6	10
-183667579	3	8	13
-183685731	3	11	14
-183701471	3	6	11
-183810559	3	7	11
-183923899	3	6	10
-183931791	3	8	15
-184082084	3	6	9
-184351135	3	6	10
-184395227	3	11	15
-184437784	3	7	11
-184651483	27	8	12
-184715151	9	8	12
-184787051	3	8	10
-185203607	3	6	10
-185310795	3	6	10
-185339587	729	8	12
-185366740	3	8	13
-185376984	3	8	12
-185452055	3	8	12
-185493767	3	9	13
-185593748	3	8	10
-185737816	3	8	11
-185745367	3	7	12
-185794639	3	6	10
-185908231	3	6	10
-185911063	3	5	9
-185974856	3	6	10
-186160899	3	8	12
-186273811	3	7	12
-186530207	3	7	10
-186585191	3	8	13
-186732515	3	8	12
-186896084	3	7	12
-187064291	3	6	9
-187136031	3	8	10
-187240443	3	7	12
-187256667	3	10	14
-187261944	3	5	6
-187345615	3	5	5
-187487679	3	8	12
-187567459	3	8	13
-187653551	3	5	6
-187856612	3	8	10
-187888579	9	8	13
-187924299	3	7	11
-188027396	3	6	10
-188159512	3	7	12
-188294116	3	6	10
-188342147	3	7	10
-188347123	3	6	10
-188409163	3	11	17
-188521447	3	9	13
-188689423	3	8	14
-188786283	3	8	12
-188874872	3	8	10
-188923415	3	8	13
-189043395	3	6	9
-189113140	3	8	13
-189378391	3	8	10
-189455935	3	8	10
-189537171	81	8	12
-189687759	9	8	13
-189791215	3	7	11
-190047751	3	8	12
-190056363	3	6	9
-190114552	3	6	10
-190539987	9	7	12
-190729947	3	8	13
-191222072	3	7	11
-191258143	3	7	12
-191379071	3	8	12
-191500615	3	6	9
-191572984	3	6	9
-191775716	3	7	11
-191852891	3	8	13
-192408559	3	7	10
-192502695	3	11	13
-192576376	3	6	9
-192619924	3	7	12
-192644159	9	9	10
-192757064	3	8	10
-192836527	3	8	13
-192884708	9	7	11
-192940519	3	8	10
-193021492	3	8	13
-193060583	3	6	9
-193067320	9	8	12
-193088888	3	8	10
-193390792	3	6	9
-193677635	3	9	15
-193717864	729	8	12
-193724683	3	8	13
-194056151	3	8	15
-194116724	3	7	10
-194186911	3	7	13
-194796280	3	8	10
-194878735	3	8	13
-194902340	3	8	13
-194940932	3	8	11
-195028116	3	7	12
-195150847	3	8	12
-195522791	3	5	5
-195733911	3	8	13
-195742011	9	9	15
-195812867	3	7	12
-195946071	3	10	16
-196019828	3	8	12
-196027460	3	6	10
-196148436	3	7	12
-196153635	3	6	10
-196237923	9	9	15
-196435124	3	8	10
-196463815	3	8	13
-196476104	3	7	11
-196531007	3	8	12
-196569107	3	8	13
-196597871	3	6	10
-196736856	3	8	13
-197004839	3	9	15
-197305251	3	6	10
-197336239	3	7	12
-197346507	9	8	12
-197380424	243	8	12
-197520655	9	8	12
-197533055	3	9	15
-197602267	3	7	11
-197631463	3	7	12
-197755779	3	7	11
-197851299	3	8	13
-197895156	3	8	10
-198110971	3	7	12
-198122815	3	7	11
-198144483	3	6	10
-198194747	9	8	12
-198235939	3	6	10
-198400387	3	7	11
-198453563	3	6	11
-198820263	3	7	12
-198860299	3	8	12
-198877919	3	7	12
-198887288	3	7	9
-199237908	3	11	13
-199309903	3	7	12
-199344088	3	8	10
-199360376	3	5	9
-199412979	3	8	12
-199477931	3	7	12
-199690283	9	9	15
-199701204	3	8	12
-200114851	3	8	10
-200150516	3	7	11
-200237860	3	8	11
-200268852	9	8	12
-200478803	3	8	12
-200522872	9	6	10
-200543299	3	6	10
-200682148	3	6	10
-200688139	3	8	10
-200762879	3	8	12
-200765784	3	8	12
-200857544	3	8	17
-200904807	3	6	9
-201153651	3	6	10
-201184687	3	8	12
-201249147	3	7	11
-201267635	3	6	10
-201509943	3	8	10
-201670239	3	6	10
-201865828	3	6	9
-201894591	3	6	10
-201944579	3	6	10
-202033203	3	8	12
-202089347	3	8	14
-202630007	3	7	11
-202646280	3	8	10
-202649351	3	8	13
-202945827	3	8	10
-203280547	3	8	12
-203333851	27	7	12
-203335283	3	8	10
-203438815	3	7	11
-203676712	3	8	13
-203768015	3	7	11
-203858167	3	7	12
-203878004	3	6	10
-203883711	3	8	13
-203991051	3	8	10
-204038527	3	8	10
-204050292	3	6	10
-204440583	3	8	12
-204507832	3	8	12
-204642419	27	8	12
-204658815	3	6	9
-204723067	3	6	10
-204823608	3	8	17
-205076371	3	7	10
-205503987	3	6	10
-205619144	3	7	9
-205689587	3	7	12
-205724667	3	6	10
-206198743	3	7	12
-206252439	3	6	9
-206253204	3	8	12
-206311416	3	8	10
-206739031	3	6	10
-206811455	9	8	12
-206845879	3	7	11
-207000167	9	8	12
-207012155	3	7	11
-207025699	3	7	11
-207041351	3	8	12
-207042888	3	8	12
-207311908	3	8	10
-207394471	3	8	10
-207634199	3	6	10
-207990419	3	8	11
-207995032	3	8	13
-207995847	3	6	10
-208065752	3	5	9
-208367668	27	7	12
-208650767	9	7	12
-208912468	9	8	10
-208955643	3	8	12
-208981867	3	8	12
-209045512	3	8	10
-209147739	3	6	9
-209182171	3	8	10
-209225924	3	8	13
-209263531	3	8	13
-209274179	3	8	12
-209368319	3	11	18
-209407499	3	8	14
-209480295	3	8	13
-209552171	3	8	12
-209559507	3	8	11
-209676371	3	8	13
-209714011	3	6	10
-209843384	3	6	10
-210252548	3	6	10
-210377495	3	6	9
-210432088	3	8	13
-210486319	3	7	9
-210687784	243	8	12
-210834547	3	8	13
-210859419	3	6	10
-210906552	9	7	12
-211187839	9	8	12
-211227288	3	8	15
-211273319	3	8	10
-211316836	3	8	12
-211478627	3	7	11
-211518948	3	8	12
-211674011	3	7	12
-211831727	3	7	11
-211865963	3	11	13
-212003767	3	9	15
-212206063	3	8	10
-212212823	3	8	10
-212245396	3	7	12
-212258623	9	7	12
-212283492	3	11	18
-212551711	3	8	10
-212640143	3	7	11
-212683816	3	8	10
-212731016	3	7	11
-212743887	3	8	11
-212907908	3	5	6
-213013047	3	8	10
-213098367	243	8	12
-213102835	3	6	9
-213113291	3	6	8
-213148667	3	6	10
-213251971	3	10	18
-213311095	3	7	9
-213351791	9	6	10
-213510084	3	8	12
-213519091	3	6	10
-213523567	3	7	11
-213574708	3	8	12
-213725919	3	8	13
-214239847	3	8	12
-214246036	3	8	13
-214276819	81	8	12
-214281956	3	7	12
-214497487	9	7	12
-214554251	3	6	9
-214568767	3	8	10
-214784131	3	8	12
-214902679	3	10	19
-215050467	3	8	12
-215096887	3	6	10
-215191176	3	8	10
-215496739	3	7	11
-215905567	3	6	10
-216023208	3	8	10
-216101427	3	6	10
-216103128	3	8	14
-216114011	3	7	11
-216224627	3	8	12
-216240116	9	5	6
-216265508	3	8	10
-216383591	3	8	12
-216544255	3	8	14
-216576280	3	5	7
-216600463	27	8	12
-216760103	3	8	12
-216799879	3	8	12
-216895204	3	8	10
-216942043	3	8	13
-217070471	3	8	10
-217169599	3	7	10
-217403747	3	7	12
-217658847	3	6	10
-217690527	3	6	10
-217786888	3	7	9
-217853303	3	8	12
-217895863	3	8	10
-217978511	3	8	15
-217989339	3	8	12
-218070231	3	7	12
-218834760	3	8	13
-218896311	3	6	10
-218986552	3	6	10
-219151043	3	7	12
-219220087	3	8	14
-219269055	3	7	12
-219272035	3	5	6
-219464615	3	6	9
-219557348	3	6	9
-219832360	3	7	11
-219948724	3	8	13
-219962883	3	6	9
-220140383	3	8	13
-220361444	9	8	12
-220695555	3	7	12
-220840643	3	6	10
-221112004	9	8	10
-221199416	3	8	13
-221214083	3	8	12
-221216207	3	7	11
-221335715	3	8	12
-221351311	3	6	11
-221427476	3	11	11
-221522948	3	6	9
-221602115	3	8	13
-221797736	3	8	15
-221808419	3	8	11
-221837843	3	8	12
-221875943	3	8	10
-221901812	3	6	10
-222069491	3	6	9
-222184507	9	7	12
-222245319	3	8	10
-222374312	3	8	13
-222590884	3	8	13
-222644859	27	8	12
-222661736	3	7	12
-222710207	3	8	10
-222818327	3	7	11
-222856951	27	8	12
-222920963	3	6	10
-222929780	3	8	10
-223186760	3	8	12
-223207751	3	8	10
-223256451	3	6	10
-223282415	3	6	10
-223393327	3	7	11
-223639699	3	8	12
-223683096	9	6	10
-223936067	3	10	17
-223985515	3	6	9
-224022644	3	7	12
-224296403	9	7	12
-224319311	9	7	12
-224413231	3	8	13
-224466427	9	7	12
-224676019	3	11	27
-224726819	3	5	9
-224882099	243	8	12
-224985828	3	6	10
-225084623	3	7	12
-225101011	3	8	11
-225111811	3	6	11
-225229288	3	6	10
-225324367	3	6	10
-225364495	3	8	12
-225501451	3	6	10
-225836484	3	6	9
-225882328	3	5	6
-225942056	3	6	10
-226103252	3	5	9
-226134863	3	8	13
-226247927	3	6	10
-226264808	3	8	13
-226285391	27	8	12
-226492935	3	9	13
-226530804	3	8	12
-226581815	3	7	11
-226705028	3	7	11
-226776371	3	7	10
-226828667	3	6	10
-227223859	3	6	9
-227254163	3	8	13
-227373668	3	7	9
-227588063	3	8	12
-227621347	3	10	18
-227640788	3	8	12
-227824211	3	6	11
-227878467	3	8	11
-228030007	3	6	10
-228145263	3	8	13
-228153579	3	5	6
-228210632	3	6	10
-228363832	3	7	9
-228366007	3	6	9
-228970283	3	7	10
-229194311	3	5	9
-229241843	3	6	10
-229291060	3	6	10
-229443815	9	9	13
-229527640	3	7	12
-229712955	9	7	11
-229751351	3	8	14
-229883727	3	6	10
-230046103	3	8	10
-230090324	3	7	12
-230159031	3	8	11
-230164167	3	8	13
-230270659	3	8	12
-230298803	3	6	10
-230337748	3	8	10
-230428731	3	7	10
-230471699	3	8	11
-230528276	3	7	11
-230575703	3	7	12
-230822664	3	8	12
-230869047	3	8	10
-230902591	9	8	12
-230992420	27	8	12
-231016295	3	8	10
-231041463	3	8	12
-231225544	3	8	10
-231290308	3	8	10
-231334483	3	6	9
-231475976	3	7	12
-231669355	3	7	12
-231743560	9	7	12
-231751283	3	6	10
-231827883	3	8	14
-232169891	3	8	13
-232207271	3	8	13
-232278279	3	8	10
-232288451	3	8	12
-232430647	3	6	9
-232500984	3	8	17
-232562107	3	6	10
-232638215	3	7	12
-232755511	3	8	10
-232868947	3	6	10
-232990372	3	8	13
-233110363	3	7	12
-233168199	3	8	13
-233259160	3	8	12
-233261311	9	7	12
-233273028	9	8	12
-233377160	3	8	13
-233378648	3	8	12
-233384212	27	8	12
-233491316	3	8	10
-233541311	9	8	12
-233773124	3	7	10
-233825080	3	5	6
-233836583	27	8	12
-233892148	3	6	10
-233934808	3	8	10
-234095963	3	7	12
-234178367	3	6	10
-234216680	3	6	9
-234263467	3	7	11
-234373780	3	7	11
-234485215	3	8	10
-234540447	3	8	12
-234590248	3	7	11
-234596715	3	7	12
-234629443	3	8	10
-234715847	3	8	10
-234814603	3	9	10
-234884024	81	8	12
-235445387	3	8	12
-235480459	3	8	10
-235698135	3	8	11
-235786379	9	7	12
-236036532	3	6	10
-236200607	3	8	10
-236229063	3	8	10
-236316803	3	8	12
-236454871	3	8	10
-236582852	2187	8	12
-236588356	27	7	12
-236666271	243	8	12
-236838891	9	6	9
-237122947	3	8	12
-237132839	3	7	7
-237231823	3	7	11
-237341095	3	8	13
-237497707	3	8	10
-237499487	3	8	12
-237647204	3	6	10
-237682667	3	8	13
-237682887	3	6	10
-237695999	3	5	9
-237752167	3	7	12
-237819704	81	7	12
-237880760	3	8	14
-237884619	27	8	12
-238287032	3	7	9
-238415435	3	8	13
-238458587	3	5	6
-238629407	3	6	9
-238767892	3	8	12
-238811323	3	8	10
-238968328	3	7	9
-239295611	3	8	11
-239401204	3	6	9
-239677039	3	6	10
-239745711	3	7	12
-239952212	9	9	15
-239955684	3	6	10
-240016907	3	8	13
-240028388	3	7	12
-240144999	3	10	18
-240195587	3	6	10
-240302059	3	6	10
-240460552	3	8	10
-240625759	3	6	10
-240638484	3	8	10
-240822807	3	8	13
-240873128	3	7	11
-240934711	3	7	11
-241107927	6561	8	12
-241111892	3	6	10
-241254183	3	6	9
-241726580	3	11	18
-241875231	9	7	12
-242101695	3	6	10
-242119016	81	8	12
-242232791	3	8	12
-242247867	3	8	13
-242316187	3	8	11
-242340203	3	7	11
-242440899	3	6	10
-242444315	3	7	13
-242522455	3	9	13
-242686868	3	6	9
-242783219	3	6	9
-242925263	3	8	10
-243066020	3	6	10
-243078099	3	7	12
-243254904	3	8	12
-243330035	3	8	13
-243543647	9	8	12
-243630823	3	8	13
-243647527	3	8	10
-243686516	9	9	13
-244033892	3	5	8
-244128520	3	7	11
-244152292	9	8	12
-244187239	3	8	10
-244210852	27	8	12
-244269892	3	6	10
-244331403	3	6	10
-244541135	9	9	15
-244566452	27	8	12
-244574488	3	6	10
-244805735	3	6	9
-244895752	3	7	12
-244981371	3	7	12
-245064376	3	6	10
-245459320	3	8	13
-245501416	3	6	9
-245517043	3	10	15
-245523464	3	8	11
-245537240	3	7	12
-245583560	27	8	12
-245677411	3	8	12
-245717455	9	7	12
-245732088	3	9	15
-245744803	3	6	9
-245767864	3	6	10
-245862719	3	8	12
-245881960	3	6	10
-246044795	3	6	9
-246049428	3	6	10
-246295083	3	7	12
-246349464	3	6	10
-246485071	9	9	13
-246517819	3	8	11
-246519499	3	8	12
-246626351	3	8	12
-246704163	3	6	9
-246726943	3	7	12
-246798964	3	8	10
-246976439	3	8	10
-247004580	3	8	13
-247032915	3	6	10
-247076763	3	6	11
-247111131	3	6	10
-247299396	3	7	11
-247321123	3	7	11
-247346455	3	8	10
-247380063	3	6	9
-247420711	9	8	13
-247491943	3	6	10
-247630479	3	7	10
-248200611	3	8	12
-248207583	3	8	14
-248222035	3	6	10
-248347943	3	6	9
-248348027	3	7	11
-248370667	3	5	9
-248425655	3	9	15
-248561239	3	8	12
-248582615	3	5	9
-248611796	3	7	11
-248615423	3	6	10
-248690040	3	8	10
-248750871	3	7	9
-248786907	3	6	10
-248795599	3	8	10
-248796148	9	8	12
-248876740	3	8	10
-248956792	3	6	10
-249007807	3	8	13
-249052084	3	6	9
-249211131	9	8	12
-249267887	3	7	12
-249287735	3	6	10
-249300260	3	7	9
-249584363	3	8	10
-249637119	3	6	10
-249646868	3	6	10
-249905111	243	8	12
-250102687	3	8	13
-250163320	3	7	7
-250181399	3	11	18
-250312443	3	8	10
-250315519	3	7	11
-250388452	3	7	12
-250416355	3	8	10
-250651592	9	7	12
-250714824	3	6	9
-250876363	3	7	12
-250950711	3	8	10
-251159503	27	8	12
-251515748	27	8	12
-251650151	27	8	12
-251659127	27	8	12
-251659327	81	7	12
-251665151	3	7	11
-251781007	9	7	12
-251786119	3	8	12
-251813055	3	8	13
-251928587	3	8	10
-251940980	3	7	12
-252010247	3	7	12
-252011080	3	8	10
-252080196	3	6	10
-252084955	3	7	11
-252127444	3	8	12
-252167063	9	8	12
-252179896	3	8	10
-252458879	3	8	15
-252469239	3	8	12
-252895571	3	8	12
-252947443	3	8	13
-252952676	3	8	14
-253026155	3	8	12
-253162479	3	8	13
-253251611	9	8	12
-253313835	3	7	12
-253367895	3	8	13
-253375347	3	8	10
-253451747	3	7	11
-253454831	3	8	12
-253685315	3	8	12
-253774435	3	6	9
-253954095	3	8	13
-254028983	3	6	9
-254201011	3	6	10
-254249627	3	9	13
-254362767	3	7	10
-254387731	3	8	12
-254526760	3	6	10
-254569828	3	7	10
-254605147	3	6	10
-254707051	3	7	12
-254794207	3	8	10
-254801135	3	7	11
-255121651	3	8	13
-255243007	9	7	12
-255255899	3	8	12
-255285464	3	7	10
-255318879	3	7	12
-255321555	3	8	13
-255352987	3	8	10
-255474859	3	7	12
-255475579	3	6	10
-255580779	3	8	13
-255612327	3	7	12
-255744543	3	8	12
-255849683	3	8	10
-256023012	3	8	10
-256128648	3	7	12
-256182367	3	8	10
-256281607	3	8	10
-256346771	81	8	12
-256426628	243	8	12
-256506799	3	6	10
-257075528	3	8	13
-257177743	3	7	11
-257287739	27	6	10
-257290543	3	7	11
-257428399	3	8	13
-257503359	3	6	10
-257555839	3	7	11
-257658555	3	8	12
-257677391	9	8	12
-257937944	3	8	11
-257943732	3	8	10
-258109643	3	6	10
-258194407	3	8	15
-258236995	3	6	10
-258415967	3	8	10
-258547435	3	8	10
-258644163	3	8	12
-258742219	3	8	15
-258829007	3	8	13
-258905528	3	6	10
-258973259	3	7	12
-259076276	3	8	12
-259100259	3	8	11
-259176667	3	8	12
-259290571	3	6	10
-259312388	3	6	10
-259320568	3	8	12
-259322107	9	8	12
-259329716	3	6	10
-259344408	3	6	10
-259350863	3	7	11
-259372472	3	8	10
-259399396	3	7	12
-259503976	3	7	12
-259542167	3	8	13
-259549895	729	8	12
-259574259	3	7	10
-259699839	3	6	10
-259746807	9	8	12
-259785791	3	8	13
-260062679	3	8	15
-260089619	3	6	10
-260444091	3	7	11
-260587848	3	7	11
-260804559	3	6	10
-261271115	3	8	10
-261274344	3	6	10
-261403863	3	8	12
-261490404	3	8	12
-261538719	3	6	10
-261804103	3	7	11
-261891031	3	8	13
-261950955	3	6	10
-262384951	3	6	10
-262811579	3	6	10
-262871224	3	11	18
-262919831	3	8	12
-262931172	3	6	10
-263017320	3	8	13
-263289343	3	8	10
-263313967	3	6	9
-263344088	3	6	9
-263413783	3	8	11
-263458915	3	6	9
-263467499	3	6	10
-263534695	3	6	10
-263652763	9	7	12
-263682115	3	7	11
-263788292	3	6	9
-263885603	3	8	10
-263989123	9	7	12
-264097291	27	8	12
-264148387	3	10	15
-264172643	3	8	10
-264239579	3	9	15
-264392627	3	6	10
-264410680	6561	8	12
-264618035	3	6	10
-264646131	3	8	12
-265050295	3	8	11
-265214116	3	8	12
-265226215	3	6	10
-265376852	3	8	11
-265425547	3	6	10
-265568660	9	7	12
-265653871	3	5	6
-265693748	3	8	10
-265776547	3	8	11
-265871311	3	8	10
-266267480	3	8	12
-266460931	3	8	13
-266624663	3	6	10
-266733347	3	6	10
-266846755	3	6	10
-267019672	3	8	10
-267097588	3	8	12
-267263423	3	8	13
-267417667	3	6	9
-267653495	3	6	10
-267851127	3	7	11
-267855143	3	7	12
-268096708	3	11	18
-268102639	3	7	9
-268214119	3	6	10
-268303368	3	7	10
-268452059	3	8	10
-268467931	3	10	16
-268615679	3	8	12
-268817243	3	8	10
-268903931	3	5	6
-268956967	3	7	11
-269099267	3	8	12
-269318047	3	7	11
-269385780	3	8	10
-269438071	3	6	10
-269445443	3	8	12
-269489255	3	6	9
-269524052	3	8	12
-269621347	3	7	11
-269776196	3	8	14
-269866607	3	7	10
-270238163	3	6	10
-270301924	3	7	12
-270449240	3	8	13
-270525327	3	8	10
-270615640	3	8	14
-270636580	3	7	12
-270648219	3	7	11
-270678228	3	7	11
-270849935	3	8	12
-270967048	3	8	12
-270996799	3	8	10
-271035183	3	6	9
-271219783	3	6	10
-271292627	3	5	6
-271357847	3	6	10
-271601527	3	8	12
-271638196	3	5	6
-271648499	3	8	12
-271829219	27	8	12
-271974839	3	8	12
-272304679	3	8	12
-272319352	3	8	12
-272355256	729	8	12
-272460343	3	6	10
-272466424	3	7	11
-272469223	3	7	11
-272534084	3	8	10
-272840180	3	7	12
-273180644	3	7	12
-273340259	3	8	13
-273360772	3	5	9
-273361571	3	8	12
-273486260	9	8	12
-273503883	3	6	10
-273671159	3	8	10
-273770447	3	9	13
-273904923	3	6	10
-273950708	3	7	12
-273952835	3	6	10
-274416719	3	6	10
-274420612	3	7	11
-274449647	243	8	12
-274567883	3	11	18
-274607371	3	8	10
-274635960	81	8	12
-274662276	3	7	11
-274901467	3	7	11
-274924939	3	8	13
-275289263	3	6	10
-275382607	3	10	21
-275484191	3	6	9
-275490043	3	6	8
-275546260	3	8	12
-275625919	27	8	12
-275673515	3	6	9
-275838203	3	5	6
-276089327	3	7	12
-276141828	3	7	12
-276230420	3	8	10
-276275003	3	8	13
-276320867	3	8	13
-276445959	3	7	12
-276510727	3	6	10
-276544280	3	5	6
-276745891	3	8	14
-276998647	3	6	10
-277088244	3	8	12
-277173028	3	8	10
-277376648	3	8	11
-277444212	3	6	10
-277631092	9	9	14
-277777912	2187	8	12
-277833495	9	7	12
-277934980	3	7	12
-278074840	3	8	10
-278264811	3	8	12
-278439307	3	4	4
-278558303	3	11	13
-278639076	729	8	12
-278712515	3	8	10
-278764667	3	6	10
-278790827	3	8	12
-278795411	3	8	11
-278853599	3	9	13
-279007099	3	6	10
-279210891	3	7	12
-279215771	3	6	10
-279279471	3	8	10
-279381307	3	6	9
-279717892	3	8	11
-279726008	3	8	10
-279824243	3	8	10
-279915259	9	8	12
-280201391	3	6	10
-280257223	3	7	12
-280618023	3	6	10
-280622639	3	8	13
-280718247	3	6	10
-280723863	3	8	12
-280758767	9	8	13
-280784644	3	8	10
-280949667	3	8	10
-280969323	3	8	13
-281196148	3	6	10
-281406947	3	6	10
-281582363	3	6	10
-281637627	3	7	7
-281779495	3	8	13
-281873723	3	7	12
-281901368	3	5	9
-282121147	3	8	13
-282147827	3	8	10
-282348355	3	7	11
-282431059	9	8	11
-282462196	27	8	12
-282519115	3	8	10
-282608651	9	8	10
-282674635	3	7	12
-282790036	3	6	10
-282933167	9	9	13
-283018004	3	8	12
-283095223	3	8	13
-283171847	3	7	11
-283192323	3	8	12
-283216435	9	8	10
-283388308	3	7	12
-283492148	3	8	13
-283540795	3	6	10
-283591779	3	8	10
-283625983	3	8	12
-283738888	3	11	11
-283776632	3	5	7
-283931848	3	8	10
-283950319	3	8	10
-284019188	3	8	12
-284094223	3	8	12
-284162767	3	9	13
-284185444	3	6	10
-284349151	3	6	10
-284587096	3	8	13
-284734911	3	8	12
-284768571	27	8	12
-284904915	3	8	12
-284975396	3	8	13
-284979459	3	6	10
-285213547	3	6	10
-285227859	3	8	12
-285354995	3	8	14
-285407691	3	6	10
-285525295	3	8	12
-285572427	3	8	10
-285913183	3	6	9
-285926603	27	8	12
-285985272	3	8	12
-286006243	3	6	10
-286194644	3	6	10
-286208255	3	8	10
-286336164	3	6	10
-286576935	3	8	12
-286591319	9	8	12
-286626287	3	6	10
-286699987	3	6	8
-286771963	3	6	10
-286806803	3	9	14
-286895283	3	7	11
-287193083	3	6	9
-287629215	3	7	7
-287769163	3	8	10
-287784340	3	8	13
-287929028	729	8	12
-288417667	3	8	13
-288480228	3	7	10
-288579091	3	5	6
-288628595	3	8	15
-288685051	3	6	8
-288802587	9	6	10
-288869732	3	9	15
-289210676	3	6	10
-289242276	3	6	9
-289353343	3	10	17
-289489827	3	6	10
-289708791	3	6	10
-289892679	3	8	12
-289927507	3	6	10
-289934707	3	8	13
-289983307	3	8	10
-290092603	3	8	12
-290147383	3	8	12
-290290840	3	5	9
-290336271	3	7	11
-290741327	3	8	12
-290852659	3	8	10
-290926815	3	6	9
-291081028	3	7	12
-291133272	3	6	10
-291344120	3	7	11
-291356411	3	8	10
-291519512	3	5	9
-291548327	3	8	12
-291598143	3	8	13
-291698059	3	8	14
-291715240	3	6	9
-291745531	3	8	10
-291855315	3	8	12
-291861123	81	8	12
-291956387	3	6	10
-291962155	3	7	12
-292046068	3	8	10
-292133767	3	6	10
-292151144	3	8	12
-292225972	9	7	12
-292229591	3	6	10
-292475811	3	6	10
-292652884	3	8	14
-292761912	3	6	10
-292809444	3	6	9
-293079016	3	8	12
-293119259	3	8	13
-293185707	3	8	12
-293499643	3	6	10
-293528595	3	8	12
-293745668	3	6	9
-293857759	3	8	12
-293869412	3	8	12
-293973236	3	7	12
-294110267	3	8	10
-294116795	3	7	11
-294285144	243	8	12
-294393416	3	7	11
-294492047	9	8	12
-294551483	3	9	15
-294590279	3	6	9
-294609423	3	8	12
-294706707	3	8	10
-294844692	3	8	10
-295173784	3	7	12
-295398763	3	8	12
-295424203	3	8	10
-295425931	3	8	10
-295487860	3	6	9
-295529639	3	8	13
-295530103	3	5	9
-295779635	3	8	12
-296124503	3	6	9
-296379960	3	8	12
-296487087	3	8	12
-296550984	3	6	10
-296650488	3	8	10
-296651911	3	5	6
-296787027	3	6	10
-296793928	3	8	12
-296813971	3	8	12
-296820859	3	8	11
-296954423	3	8	13
-297087256	3	8	11
-297121348	3	8	12
-297265279	3	8	10
-297281096	3	8	12
-297371332	243	8	12
-297522536	3	7	9
-297732523	3	6	10
-297773119	3	8	12
-297833107	3	8	12
-297844212	3	6	10
-297846291	3	6	10
-297859871	3	7	11
-297894484	3	6	9
-297938111	9	8	12
-298048991	3	6	10
-298080635	3	7	11
-298149128	3	8	11
-298216059	3	7	13
-298449967	9	7	12
-298454820	3	6	10
-298521527	81	8	12
-298524047	3	8	12
-298565843	3	8	12
-298665895	3	6	10
-299041611	3	8	12
-299225167	3	7	11
-299225831	3	8	10
-299242499	3	7	12
-299289428	3	6	10
-299639791	9	8	12
-299653699	3	8	10
-299723831	9	8	10
-299800139	3	7	12
-299910232	3	6	10
-300094260	3	10	17
-300189455	3	8	10
-300284043	3	6	10
-300329843	3	6	10
-300350407	3	8	12
-300477039	9	9	12
-300631687	3	8	11
-300652359	3	6	10
-300668920	3	7	11
-300746616	3	7	11
-300899839	3	8	13
-300992243	3	7	11
-301063459	3	5	6
-301532107	3	8	10
-301580452	3	8	12
-301623528	3	8	12
-301717731	3	8	13
-301782931	3	8	13
-301978120	3	8	12
-302095607	3	7	12
-302204239	3	8	13
-302232927	3	6	10
-302247816	3	8	13
-302320103	3	6	10
-302393747	3	6	10
-302598427	3	10	17
-302638231	3	8	14
-302641867	3	6	10
-302650007	3	8	12
-302675876	3	8	10
-302714407	3	7	12
-302756403	3	7	11
-302786088	3	8	12
-302926280	3	8	12
-302956051	2187	8	12
-303221851	243	8	12
-303230651	3	6	10
-303275443	3	9	13
-303486132	729	8	12
-303549112	3	5	9
-303573103	3	8	11
-303782315	3	6	10
-303961135	3	8	10
-304120072	3	8	10
-304158884	3	10	18
-304199527	3	8	12
-304429695	3	6	10
-304474615	3	8	15
-304490627	3	7	11
-304825288	3	8	12
-304836259	3	8	12
-304891539	3	8	10
-304907899	3	6	10
-304979719	3	8	12
-305042051	3	7	11
-305157799	3	9	13
-305242147	3	11	21
-305362391	3	7	12
-305506340	3	8	10
-305524139	9	8	12
-305627311	9	9	13
-305745859	9	8	12
-305756383	3	6	10
-305809303	3	8	10
-305839567	3	8	10
-306286339	243	8	12
-306341411	3	8	9
-306442643	3	8	13
-306628339	3	8	10
-306859431	3	6	10
-306892203	3	5	5
-307258147	3	7	12
-307271191	9	9	13
-307384827	3	6	10
-307385399	3	11	18
-307405587	3	8	10
-307454855	3	7	11
-307708451	3	8	13
-307776919	3	6	10
-308279811	3	8	12
-308376219	3	6	10
-308432935	3	6	9
-308518603	3	8	12
-308669444	3	8	10
-308684927	3	8	10
-308895379	3	8	10
-308995627	3	7	12
-309002603	3	9	15
-309123719	3	8	12
-309139940	3	10	16
-309366751	3	7	11
-309435763	3	8	11
-309569035	3	6	10
-309710543	9	7	12
-309726771	3	6	10
-309746243	3	8	12
-309804047	3	8	11
-309830727	9	7	12
-309951172	3	6	10
-310035835	9	9	15
-310086235	3	7	12
-310208363	3	7	9
-310376991	3	8	12
-310422315	3	8	13
-310502312	3	6	10
-310562395	3	6	10
-310578367	3	7	9
-310837127	3	7	12
-310876791	3	6	10
-311048580	3	7	11
-311139815	3	8	12
-311226708	3	6	10
-311267291	3	8	13
-311286271	3	6	9
-311601443	3	8	11
-311825339	3	8	12
-311841147	3	9	13
-311952052	3	9	13
-311973119	3	7	9
-312113131	3	6	9
-312206459	3	8	10
-312247927	3	5	6
-312855847	3	7	11
-312900359	3	7	11
-312939428	3	8	12
-313028727	3	8	10
-313034484	9	9	15
-313038003	3	7	12
-313136231	3	6	9
-313415679	9	8	12
-313540743	3	8	10
-313735652	3	6	10
-313775087	3	11	27
-313796312	3	6	10
-313881851	3	8	12
-313958692	3	6	10
-313976728	3	6	10
-314113076	9	8	10
-314395224	3	8	10
-314509099	3	8	13
-314599123	3	7	11
-314665332	3	8	12
-314733659	3	6	10
-314767028	9	7	12
-314817843	3	8	12
-314831480	3	8	13
-315000968	3	7	12
-315077883	3	8	12
-315093631	9	8	12
-315292143	3	8	13
-315300279	3	7	12
-315485576	3	8	11
-315524687	3	7	12
-315592987	3	11	17
-315738811	3	6	10
-315880891	3	6	10
-316143571	3	8	11
-316196527	27	8	12
-316374587	3	8	12
-316507848	3	6	10
-316525623	3	8	12
-316563683	3	6	10
-316759247	3	8	10
-316874744	3	8	11
-317037352	3	7	12
-317067364	3	6	10
-317086655	3	8	10
-317594423	3	7	12
-317837803	3	6	10
-318083527	3	6	10
-318192699	3	8	12
-318533531	3	8	12
-318625215	9	9	15
-318743139	3	8	13
-318768763	3	9	15
-318799147	3	7	9
-318951915	3	7	10
-319340740	3	8	10
-319380779	3	8	14
-319437647	3	8	12
-319577903	3	8	10
-319624039	9	7	12
-319639847	3	6	10
-319691479	3	8	11
-319811432	3	9	14
-319870999	3	6	9
-319873739	3	8	12
-319969751	3	6	9
-320100511	3	8	11
-320258039	3	8	10
-320300756	3	7	10
-320353919	3	8	12
-320423623	3	8	12
-320594596	3	8	12
-320762227	3	7	7
-320762760	3	8	10
-321135691	27	8	12
-321225359	3	7	10
-321233096	3	8	11
-321335927	3	7	10
-321436315	3	8	10
-321510687	3	8	10
-321755323	3	8	12
-321784879	3	7	11
-321928015	3	7	12
-322016307	3	6	10
-322162631	81	8	12
-322436980	3	5	6
-322471572	3	7	11
-322674295	3	8	10
-322806356	3	8	10
-323020811	3	8	10
-323100019	3	8	12
-323262335	9	7	12
-323384759	81	8	12
-323828596	3	8	10
-323910779	3	8	12
-323949988	9	8	10
-324049963	3	6	10
-324385783	3	7	9
-324411783	3	6	10
-324481091	3	7	10
-324556591	3	6	10
-324658479	3	6	9
-324753171	3	8	10
-324762987	3	8	10
-324765012	3	8	9
-324843683	3	6	10
-324858392	3	8	10
-324916951	3	8	12
-324936947	3	8	12
-325004919	9	8	11
-325463387	729	8	12
-325836664	3	8	12
-325985560	3	8	12
-326075287	9	8	12
-326086628	3	8	10
-326094339	3	8	11
-326251643	3	8	10
-326316103	3	7	11
-326356859	3	8	12
-326390536	3	8	14
-326525995	3	6	9
-326536376	3	8	10
-326590379	9	6	9
-326664971	3	8	10
-326689640	3	9	12
-326723720	3	6	9
-326854859	3	8	14
-327088167	243	8	12
-327248711	3	6	9
-327354052	3	7	12
-327355051	27	6	10
-327421247	3	7	11
-327425240	3	8	10
-327465707	3	5	6
-327478219	3	6	10
-327520420	3	8	12
-327551399	3	8	10
-327743159	3	6	9
-327845227	3	8	13
-328081595	3	8	10
-328147672	3	8	12
-328270168	3	6	10
-328370547	6561	8	12
-328395395	3	6	10
-328401416	3	8	13
-328427556	27	8	12
-328442552	3	8	13
-328454779	3	8	10
-328457476	3	7	9
-328517051	3	6	9
-328552836	3	7	11
-328567191	3	8	13
-328727003	3	7	11
-328820440	3	7	9
-328876420	3	9	15
-328899223	3	7	11
-328959071	3	8	10
-329025343	3	8	11
-329059415	9	7	12
-329283752	3	8	10
-329309535	9	8	12
-329335079	3	6	10
-329525119	3	6	10
-329558199	3	6	10
-329596392	3	8	12
-329629547	3	6	10
-329729727	3	8	12
-329819855	3	7	11
-329921699	3	8	10
-329932315	3	8	11
-329946568	3	8	12
-330363236	3	8	12
-330540743	3	7	9
-330577627	3	5	6
-330689332	3	7	11
-330779656	27	8	12
-330804548	3	8	10
-331060403	3	7	12
-331133224	3	6	10
-331154491	3	7	9
-331305055	3	8	12
-331313947	3	8	12
-331325823	3	6	10
-331374923	3	9	15
-331393191	3	7	11
-331506420	9	7	12
-331620607	9	7	12
-331621635	3	6	10
-331650760	3	7	11
-331728744	3	8	12
-331746328	3	7	9
-331894099	9	9	13
-332091588	3	6	10
-332231160	3	8	11
-332258168	9	8	10
-332303032	81	7	12
-332337624	3	6	10
-332514964	3	8	13
-332527763	81	8	12
-332535479	9	8	12
-332562563	3	8	12
-332570648	3	7	12
-332604623	3	8	12
-332765236	3	8	12
-332816404	3	8	11
-332904683	3	7	11
-333100959	3	5	6
-333493519	3	8	12
-333516847	3	6	9
-333519011	3	7	11
-333683403	3	7	12
-333741560	3	6	9
-333781963	3	7	12
-333833495	3	6	10
-333833627	3	7	12
-334116872	3	8	13
-334197784	27	8	12
-334242520	3	8	17
-334334199	3	7	13
-334394627	3	8	12
-334470407	3	7	10
-334492836	3	7	12
-334520984	3	7	11
-334820947	9	8	10
-334844899	3	6	10
-334879915	3	8	14
-334897316	3	8	10
-334967467	3	7	12
-335123843	3	8	10
-335180667	3	8	12
-335231048	3	8	10
-335337432	3	6	11
-335426107	3	8	13
-335557016	3	8	13
-335581871	3	8	10
-335626231	3	6	10
-335707463	3	6	8
-335826211	3	6	10
-336018651	3	11	15
-336198527	3	6	10
-336304436	3	7	11
-336309683	3	8	11
-336374619	3	5	6
-336445435	3	6	10
-336470423	3	10	18
-336508628	27	8	12
-336570203	3	8	10
-336772859	3	11	19
-336782599	9	7	12
-336845076	3	6	10
-336877995	3	8	12
-336881179	3	7	11
-336980632	3	8	12
-337262727	729	8	12
-337387668	3	8	12
-337450899	81	8	12
-337455987	3	7	11
-337539535	3	7	7
-337550803	3	8	11
-337680555	27	8	12
-337722483	3	8	13
-337890667	3	8	11
-338012520	3	8	13
-338121411	3	7	12
-338134568	3	8	12
-338147987	3	6	10
-338151079	3	8	12
-338231307	9	7	12
-338859044	3	9	13
-338918916	3	7	11
-338976627	9	8	10
-338980143	243	8	12
-339058520	3	10	20
-339065491	3	8	11
-339207895	3	6	10
-339209139	6561	8	12
-339417672	3	8	12
-339444619	3	8	12
-339508931	3	8	11
-339528824	3	8	11
-339563199	3	6	10
-339579347	3	6	10
-339610628	3	8	13
-339639791	3	6	10
-339964008	3	8	13
-339970164	3	11	18
-340004888	3	8	10
-340355368	3	9	15
-340366799	3	8	13
-340430379	3	11	17
-340445256	3	10	15
-340471464	9	8	10
-340547035	2187	8	12
-340596443	3	8	10
-340611703	3	8	12
-340688039	3	6	11
-340700996	3	9	10
-340712355	3	7	9
-340741483	3	8	14
-340789796	3	6	10
-341031631	3	7	11
-341205243	3	7	12
-341234743	3	8	12
-341247055	3	10	18
-341247535	3	8	10
-341655736	3	8	10
-341668308	9	8	12
-341748227	3	6	10
-341754911	3	7	9
-341768983	9	7	12
-341770420	3	8	11
-341808387	3	8	10
-341827940	3	8	13
-341950132	3	7	12
-341992955	3	6	10
-342070655	3	7	12
-342145307	3	8	13
-342208052	3	7	12
-342247639	9	8	12
-342264163	3	8	13
-342291659	3	8	13
-342464943	3	8	13
-342795347	9	8	12
-342856351	3	8	12
-342866312	3	6	9
-342996884	3	8	10
-343178515	3	5	5
-343344244	3	8	11
-343427531	3	7	12
-343443172	3	8	13
-343496856	3	8	10
-343541519	3	8	10
-343555791	3	5	6
-343589527	3	8	13
-343593595	3	8	14
-343678139	9	7	12
-343798212	3	8	13
-343818779	3	8	12
-343902488	3	8	12
-343910395	3	7	11
-343936427	3	8	14
-343977668	3	5	9
-343987043	9	7	12
-344027091	3	8	10
-344184339	3	8	12
-344202243	3	6	10
-344297387	3	7	10
-344301819	3	8	12
-344398603	3	8	12
-344670791	3	7	12
-344675443	3	7	11
-344695528	3	6	10
-344738107	3	7	11
-345010855	3	7	10
-345037919	3	8	10
-345344639	3	6	10
-345449939	3	5	9
-345598964	3	8	12
-345685859	3	6	8
-345721539	3	8	12
-345794835	3	6	10
-345798859	3	8	12
-345818371	27	8	12
-345830372	3	6	10
-346087207	3	6	10
-346143435	3	7	11
-346301583	3	8	10
-346376091	3	7	11
-346426068	3	8	13
-346447643	3	8	11
-346623259	3	6	10
-346734391	3	7	12
-346796195	3	8	13
-346967764	3	7	12
-347048071	3	8	14
-347060755	3	5	9
-347133611	9	7	12
-347180984	3	7	12
-347227539	3	8	13
-347250039	3	7	10
-347781268	3	10	16
-347782619	3	6	10
-347813287	3	6	10
-347849659	3	8	12
-347851759	3	8	13
-348172712	3	6	10
-348323727	3	7	12
-348481835	3	8	13
-348486459	3	6	10
-348591119	3	8	13
-348685899	3	6	9
-348697183	3	8	12
-348710179	3	8	12
-348784995	3	6	10
-348816891	3	8	10
-348894023	3	8	12
-348957336	3	8	13
-349269307	3	8	12
-349329844	3	8	12
-349340971	9	8	10
-349367716	243	8	12
-349437192	9	8	12
-349481539	3	8	12
-349539259	3	8	12
-349639016	3	8	13
-349644487	3	6	10
-349729627	3	6	10
-349800216	3	6	10
-349971403	3	8	10
-350040035	3	6	10
-350463923	3	8	10
-350627791	3	7	12
-350687284	3	6	9
-350769092	3	8	12
-350915671	3	8	13
-351073156	3	8	13
-351114292	3	7	13
-351134951	3	10	14
-351333979	3	9	15
-351386580	3	8	10
-351696703	3	6	9
-351839752	3	8	13
-352156627	3	5	5
-352264495	3	8	13
-352266483	3	8	13
-352366244	3	7	11
-352621540	3	8	13
-352663863	3	8	12
-352691544	3	6	10
-352728276	3	8	12
-352796183	3	8	11
-352832043	3	8	10
-352912312	729	8	12
-353083263	3	8	12
-353094583	3	6	9
-353193347	3	8	10
-353231639	3	8	10
-353427571	3	9	15
-353601127	3	8	10
-353617735	3	8	12
-353707636	3	9	14
-353912024	3	6	10
-353935787	729	8	12
-354042955	3	8	10
-354113183	3	6	9
-354213647	3	8	12
-354542776	3	7	9
-354656291	81	8	12
-354677963	81	7	12
-354733471	3	7	11
-354866819	9	9	15
-354889079	3	6	10
-354931924	3	8	10
-354989128	3	8	13
-355010971	3	7	9
-355204072	3	8	13
-355403827	3	7	12
-355517108	3	7	10
-355661367	3	8	12
-355671476	27	8	12
-355776836	27	6	10
-355973336	3	7	11
-356143751	3	6	11
-356201215	3	5	9
-356243163	3	8	10
-356277639	3	6	10
-356300488	3	8	10
-356479291	9	8	13
-356535640	3	8	11
-356646215	3	8	13
-357192708	3	6	10
-357306007	27	8	12
-357337711	3	8	12
-357475307	3	8	12
-357577691	243	8	12
-357664999	3	7	9
-357798579	3	8	12
-357946847	3	8	13
-358212523	3	8	11
-358245971	3	9	13
-358274363	3	6	10
-358299332	3	7	7
-358306699	3	8	12
-358328623	3	8	12
-358476679	3	8	11
-358566008	3	8	12
-358599271	3	8	10
-358620479	243	8	12
-358652499	9	8	11
-358698083	3	5	9
-358757303	27	8	12
-358844783	3	8	13
-358875256	3	6	9
-358940767	3	6	9
-359348851	3	9	13
-359411048	729	8	12
-359857668	243	8	12
-359928103	9	8	12
-360066820	3	8	12
-360297368	3	8	13
-360320683	243	8	12
-360480687	3	8	10
-360487015	81	8	12
-360575432	3	9	15
-360693515	3	8	10
-360707668	3	8	10
-360749559	3	6	10
-360944039	9	7	11
-361025299	3	8	12
-361177528	3	8	12
-361230607	3	8	12
-361352963	3	8	10
-361525539	3	8	12
-361535927	9	5	6
-361667044	3	5	6
-362097784	3	8	10
-362230843	3	8	12
-362268359	3	8	13
-362328616	3	5	6
-362366228	3	8	12
-362571256	3	8	12
-362614984	3	5	5
-362739560	3	7	11
-362804647	3	11	18
-363193007	3	8	10
-363282719	3	8	10
-363342596	3	6	10
-363358891	3	6	10
-363533512	3	6	9
-363619559	3	11	17
-363725659	3	8	10
-363792872	3	8	10
-363911243	3	8	12
-364033956	3	7	12
-364126591	3	5	9
-364173711	9	9	13
-364351544	3	8	13
-364584747	3	6	10
-364638955	3	7	9
-364698676	3	7	7
-364720351	3	8	12
-364770519	3	8	10
-364795207	3	6	10
-364888212	3	6	10
-365069627	243	8	12
-365143683	3	7	12
-365215951	3	6	10
-365413883	3	6	8
-365476127	3	8	10
-365582756	3	5	6
-365590427	3	7	12
-365601343	3	8	12
-365673187	3	5	9
-365855543	3	6	10
-366070323	3	9	13
-366180223	3	8	10
-366186571	3	7	10
-366397080	3	6	10
-366400760	3	8	13
-366484127	3	6	10
-366728587	3	6	9
-366780443	3	6	10
-366792611	3	6	10
-366841096	9	8	12
-366954059	3	10	16
-367038872	3	5	6
-367102136	3	6	10
-367125359	3	8	13
-367128115	3	7	12
-367153768	3	8	10
-367210696	3	6	10
-367294904	9	7	12
-367357279	3	6	9
-367474327	3	7	12
-367587059	3	7	12
-367745791	3	6	10
-367781239	3	8	11
-367982815	3	8	13
-368073892	3	8	12
-368218679	3	7	12
-368258356	3	8	13
-368351076	3	6	9
-368352455	3	8	12
-368487123	3	6	10
-368513444	3	8	12
-368536451	3	6	9
-368636527	3	7	12
-368718356	3	6	10
-368732723	3	6	10
-368743396	27	8	12
-368798155	9	8	12
-368812735	3	8	13
-368897919	3	7	11
-369091959	3	8	13
-369131667	3	7	12
-369142511	3	8	11
-369151331	3	9	13
-369154563	3	7	11
-369241007	9	9	15
-369290219	3	8	10
-369399736	9	9	15
-369404563	3	6	10
-369505572	3	6	10
-369519128	3	7	11
-369532219	3	8	10
-369849227	3	7	12
-369866923	3	7	11
-370094468	3	6	10
-370185643	3	7	12
-370312543	3	8	10
-370354231	3	7	11
-370410340	27	8	12
-370418683	3	8	10
-370439531	3	8	12
-370702943	3	8	16
-370776831	3	7	7
-370786747	3	8	12
-370926532	3	6	10
-370933847	3	8	10
-371007572	3	8	11
-371135455	3	8	11
-371202799	3	8	12
-371253899	3	8	10
-371254911	3	6	10
-371361547	3	6	10
-371445448	3	8	12
-371617931	3	5	6
-371821956	3	7	11
-371827823	3	11	17
-372032643	3	8	10
-372058367	3	6	10
-372141812	9	8	12
-372179336	3	6	10
-372330040	729	8	12
-372338472	3	7	12
-372389735	3	6	10
-372455763	9	7	12
-372573528	3	6	10
-372590551	3	6	10
-372821043	81	8	12
-372935892	3	8	11
-372946755	3	7	12
-373010123	3	7	12
-373020979	3	8	10
-373054943	3	6	10
-373071619	3	8	12
-373091267	3	6	10
-373191748	3	8	10
-373239451	3	8	10
-373262711	3	5	6
-373481912	3	5	6
-373581799	3	8	12
-373626580	3	8	13
-373704263	3	8	11
-373852667	3	8	13
-373969316	3	8	10
-374131463	3	9	12
-374358847	3	8	12
-374455247	9	8	12
-374586891	3	8	10
-374598804	3	7	12
-374629831	3	10	18
-374894967	27	8	12
-375210728	3	8	10
-375277112	3	9	13
-375475835	3	8	13
-375510931	9	7	12
-375607499	3	8	12
-375635787	3	8	12
-375744623	3	6	10
-375767083	9	9	14
-376035204	3	6	9
-376251891	3	7	12
-376375367	9	7	12
-376424303	9	8	13
-376500007	3	6	10
-376576568	3	6	9
-376627623	3	6	10
-376675939	3	8	13
-376800344	3	6	9
-376907359	3	8	13
-376982792	3	8	10
-377152787	3	6	10
-377254091	3	8	12
-377490703	3	8	12
-377585959	3	8	13
-377721183	3	8	13
-377890051	3	7	11
-377962891	3	6	10
-378035843	3	7	11
-378192523	3	8	10
-378277172	3	7	12
-378324595	3	6	9
-378379083	3	7	11
-378538391	3	8	10
-378539023	3	8	11
-378649055	27	8	12
-378761747	3	6	9
-378815939	3	5	6
-378932351	3	6	10
-378945656	3	7	12
-379075559	3	8	12
-379701499	3	7	9
-379756463	27	8	12
-379780760	9	7	12
-379830436	3	7	11
-379992116	3	8	12
-380080504	3	8	13
-380225635	27	7	12
-380272067	3	6	9
-380351019	3	6	10
-380429547	3	7	12
-380447255	3	8	10
-381054351	3	6	10
-381391239	3	6	10
-381504056	3	8	12
-381575019	3	8	12
-381644939	3	8	12
-381694564	3	7	12
-381752776	3	8	10
-381886696	3	6	9
-382213127	729	8	12
-382227672	3	9	16
-382247827	3	8	10
-382250152	3	8	12
-382259832	3	7	11
-382386703	3	8	10
-382391812	3	6	9
-382416439	3	7	11
-382483992	3	8	11
-382496039	3	8	12
-382597059	3	7	12
-382643439	3	8	10
-382727123	3	8	12
-382737992	3	5	6
-382752303	3	8	10
-382859732	3	11	17
-382945979	3	6	10
-383053603	3	10	12
-383077608	3	7	11
-383381124	3	5	6
-383449207	3	8	11
-383520068	9	8	12
-383573363	3	8	12
-383773251	3	7	9
-383787003	3	8	12
-383820431	3	8	11
-383887128	3	6	9
-384330547	3	6	10
-384364603	3	6	10
-384409139	3	8	10
-384613816	3	6	10
-384636056	3	8	12
-384727928	3	8	13
-384763611	3	11	17
-384782979	3	7	9
-384806863	9	8	12
-385006919	9	7	12
-385057823	9	8	12
-385060180	3	11	14
-385079608	3	8	12
-385116815	3	7	11
-385144712	3	8	10
-385225591	3	5	9
-385230527	3	8	12
-385303384	3	6	10
-385335931	3	7	11
-385346811	3	8	10
-385924827	3	8	12
-385988899	3	9	13
-386130547	3	8	10
-386145163	3	8	12
-386202171	3	9	13
-386348279	3	8	11
-386637492	3	6	10
-386686264	3	7	11
-386753523	3	6	10
-386901431	3	7	9
-386908388	3	6	10
-387266811	3	6	9
-387313652	3	8	10
-387439528	3	5	6
-387484644	9	8	12
-387628979	3	8	13
-387788836	3	8	13
-387813415	3	5	9
-387859031	3	8	11
-387961383	3	5	6
-388019263	3	8	13
-388048152	3	10	20
-388183099	3	6	10
-388323755	9	9	13
-388349252	3	6	10
-388358411	9	7	12
-388417487	3	6	9
-388418631	3	6	9
-388477940	3	7	10
-388552535	3	7	11
-388575923	3	8	13
-388586515	27	8	12
-388588155	3	8	13
-388743971	3	6	10
-388762823	3	7	13
-388838291	3	8	12
-388841567	3	8	12
-388855528	3	7	11
-389052627	3	8	10
-389077347	3	8	12
-389078815	3	6	10
-389108863	3	7	11
-389201899	3	6	10
-389418056	3	8	15
-389480356	3	8	13
-389520308	9	7	12
-389713711	3	8	12
-389902324	3	5	6
-389917379	3	6	10
-389923572	3	7	11
-390057892	3	6	10
-390129187	81	8	12
-390149931	3	7	11
-390156883	81	8	12
-390240895	3	6	10
-390298287	3	8	14
-390619351	3	8	13
-390648504	3	7	13
-390676808	3	8	11
-390739476	3	7	12
-390751384	3	7	12
-390762823	3	9	10
-390887807	3	8	10
-390990583	3	11	17
-390996427	3	6	10
-391041995	3	6	11
-391170824	3	7	10
-391513656	3	8	13
-391575903	3	8	10
-391697003	3	7	12
-391946907	3	6	10
-391971252	3	8	12
-392016371	3	6	10
-392128967	3	6	9
-392136467	3	8	13
-392153107	3	5	6
-392241656	3	7	11
-392449924	3	8	12
-392465432	3	7	10
-392540068	3	6	10
-392736484	3	8	12
-392887555	3	8	11
-393347767	3	7	11
-393360868	3	7	7
-393685540	3	8	10
-393994376	3	7	10
-394118468	3	8	10
-394174447	3	6	10
-394573199	3	6	9
-394592759	3	8	12
-394614008	3	8	12
-394977455	3	10	13
-395151807	3	8	12
-395483524	3	8	10
-395577283	3	5	9
-395580459	3	8	12
-395644024	3	6	10
-395718196	3	7	9
-395966660	3	6	9
-395995476	27	6	10
-396146823	3	8	10
-396400047	3	7	11
-396730488	3	7	9
-396754339	9	8	12
-396802239	3	6	10
-396831255	3	8	14
-396846131	3	8	12
-396848891	3	8	14
-396894491	3	7	10
-396920584	3	6	9
-396953435	3	7	10
-397006095	3	10	17
-397023032	3	7	12
-397030468	9	8	12
-397178171	3	9	13
-397220383	3	8	12
-397382827	27	8	12
-397452979	9	7	12
-397539939	3	8	13
-397602587	3	8	12
-397812536	3	7	12
-397817815	3	8	10
-397843231	3	6	10
-397984692	3	6	9
-397993211	9	8	12
-398008983	3	6	10
-398018407	9	7	12
-398039335	3	8	12
-398088952	3	8	10
-398246260	3	7	12
-398296187	3	6	10
-398330771	3	8	12
-398428968	3	7	9
-398429447	3	7	12
-398457391	3	6	10
-398471719	3	8	10
-398492455	3	7	12
-398520536	3	8	12
-398575291	3	8	10
-398680095	3	8	12
-398692187	3	10	18
-398702559	3	6	10
-398758436	3	6	10
-398820567	3	8	13
-399006691	3	8	12
-399124451	3	6	10
-399157699	3	7	11
-399198811	27	8	12
-399405191	3	5	6
-399419896	9	7	12
-399589624	3	6	10
-399678007	3	8	13
-399815403	3	8	10
-400079035	3	8	13
-400124740	3	6	10
-400127367	3	7	9
-400165784	3	8	13
-400172159	3	8	12
-400266356	3	11	15
-400639595	3	8	13
-400868867	3	8	10
-400899803	3	8	10
-400900627	3	8	12
-400937555	3	7	11
-401040743	27	7	12
-401044856	3	8	14
-401270007	3	8	12
-401288359	3	8	12
-401310319	3	7	12
-401321487	3	8	17
-401477043	3	8	13
-401574340	3	5	5
-402208804	3	8	12
-402256595	9	7	12
-402394639	3	7	12
-402685912	3	8	12
-402926203	3	6	10
-402930259	3	7	11
-403054815	3	8	12
-403113460	3	8	10
-403203991	3	8	13
-403208227	3	8	13
-403393559	3	8	12
-403422168	3	7	12
-403591447	3	7	12
-403706536	3	8	15
-403732311	3	8	10
-403760703	3	6	10
-403919547	27	7	12
-403921743	3	6	9
-404061176	3	6	10
-404073959	3	8	13
-404130887	3	6	10
-404217012	3	8	12
-404286511	3	8	11
-404366344	3	8	12
-404437172	3	5	6
-404609108	3	6	9
-404678479	3	6	10
-404702952	3	8	13
-404751587	3	6	10
-404753451	3	8	10
-404766903	3	8	12
-404889683	3	8	10
-404929955	3	8	10
-405200659	3	8	13
-405435035	3	7	12
-405599311	3	8	12
-405712459	3	8	12
-406258004	3	9	15
-406318411	3	6	10
-406382664	3	6	9
-406429496	9	7	12
-406535208	3	6	10
-406557427	3	10	16
-406948027	3	6	10
-407047763	3	8	13
-407084827	3	7	8
-407140639	3	9	15
-407147496	3	6	10
-407226355	3	5	6
-407420395	3	6	10
-407442143	3	7	11
-407446399	3	6	10
-407583780	3	9	16
-407811556	3	5	5
-407858695	3	7	11
-408045831	3	7	12
-408072031	3	8	13
-408076347	3	11	19
-408104447	3	6	10
-408146691	3	7	12
-408229935	9	7	12
-408320619	3	7	7
-408354904	3	7	12
-408526799	3	8	12
-408542631	3	8	12
-408815988	3	7	11
-408920647	3	7	11
-409011359	3	8	12
-409057892	3	7	11
-409072231	3	7	11
-409113571	9	9	15
-409146971	9	7	12
-409155159	3	7	12
-409164887	3	8	11
-409225567	9	8	12
-409266235	3	8	12
-409297723	3	8	12
-409632243	3	7	11
-409680367	3	8	15
-409872427	3	8	12
-410105352	3	8	10
-410123908	3	8	10
-410137795	3	8	11
-410229415	3	8	10
-410276964	3	7	11
-410407951	3	8	10
-410649647	3	8	12
-410667539	3	7	12
-410742436	3	6	9
-410907983	3	7	12
-410939479	27	8	12
-410956651	3	8	10
-411167039	3	6	10
-411207416	9	7	12
-411343955	3	8	14
-411473171	3	8	15
-411487451	3	7	11
-411494696	9	9	13
-411675007	3	7	11
-411903572	3	8	13
-411969268	3	5	6
-412052659	3	7	9
-412200840	3	7	12
-412222855	3	5	6
-412253931	3	7	12
-412259891	3	8	10
-412499955	3	8	10
-412546664	3	8	12
-412579211	9	8	12
-412664711	3	7	11
-412739267	3	8	12
-413037220	3	8	10
-413114035	3	7	11
-413320247	3	8	14
-413334611	3	6	10
-413635183	3	5	6
-413657131	3	7	10
-413673236	3	8	13
-413706571	3	6	9
-413714695	3	6	9
-413715895	3	5	6
-413737887	3	8	16
-413828155	3	6	10
-413918923	3	11	13
-414117491	3	7	12
-414127003	3	8	10
-414144068	3	8	10
-414298852	3	9	13
-414342712	3	8	12
-414370468	3	8	10
-414551204	3	8	13
-414580631	3	9	12
-414684312	3	8	13
-414694563	27	8	12
-414700639	3	7	12
-414871411	27	8	12
-415131631	3	8	13
-415143563	9	7	12
-415160612	3	6	10
-415202491	3	7	12
-415228259	9	7	12
-415259239	3	8	10
-415290867	3	8	12
-415298051	3	5	5
-415595779	3	8	12
-415724487	3	7	12
-415855463	3	6	10
-415856887	3	8	11
-416101384	3	8	10
-416178311	3	7	9
-416223039	3	9	15
-416438580	3	8	12
-416716559	3	7	12
-416761715	3	7	12
-416848436	3	8	11
-416871735	3	8	10
-416983655	3	8	10
-416994559	81	8	12
-417027080	3	8	12
-417137691	3	8	11
-417140551	27	7	12
-417175051	3	8	12
-417353343	27	8	12
-417558891	3	8	11
-417565283	3	7	12
-417701256	3	7	11
-417721307	3	8	10
-417902259	3	8	10
-417971203	3	8	13
-418030388	3	8	13
-418153935	9	7	12
-418192615	3	7	11
-418320907	3	8	10
-418404299	27	8	10
-418476839	3	8	14
-418495163	3	6	10
-418500491	3	6	9
-418685588	3	8	12
-418755135	81	8	12
-418761923	3	8	12
-418852616	27	8	12
-418892287	3	8	12
-418908563	3	8	12
-418932719	3	8	10
-419040143	3	6	10
-419459695	3	7	11
-419499211	3	8	12
-419602328	3	8	13
-419652667	27	8	12
-419672495	9	7	12
-419676379	3	7	12
-419679359	3	6	9
-419734487	9	7	12
-419739523	3	8	13
-419867967	3	5	6
-419901583	3	7	9
-420012111	3	8	12
-420061603	3	8	11
-420183524	3	8	12
-420239903	3	8	13
-420499544	3	7	11
-420673719	3	8	13
-420755959	3	6	10
-420907416	3	8	12
-420936967	3	9	13
-420989528	3	8	12
-421013351	3	7	12
-421051843	3	8	10
-421053103	81	8	12
-421242436	9	7	12
-421289979	3	8	12
-421358219	3	8	10
-421478995	3	7	12
-421496707	3	6	10
-421601035	3	6	10
-421653108	3	8	11
-421962899	9	7	12
-422010051	9	7	12
-422022291	3	8	10
-422074371	3	8	12
-422145391	3	11	18
-422501271	3	8	10
-422573027	3	8	12
-422604744	3	8	12
-422671495	9	8	12
-422817896	3	6	10
-422848612	3	8	14
-423006868	3	6	10
-423057791	3	8	13
-423129832	3	8	10
-423157871	3	8	12
-423175927	3	8	11
-423179220	6561	8	12
-423223663	3	8	13
-423403195	3	8	17
-423513652	3	8	13
-423572367	3	7	11
-423628372	3	6	10
-423647444	3	7	10
-423727115	3	6	10
-423887019	3	7	11
-423937579	3	8	12
-424036727	3	8	11
-424250227	3	8	10
-424402996	3	8	13
-424570792	3	8	12
-424595443	3	8	12
-424738232	3	6	10
-424961387	3	8	14
-424998676	3	8	13
-425329967	27	8	12
-425374755	3	8	10
-425400251	3	8	13
-425503272	3	8	12
-425708951	3	8	10
-425752519	3	7	12
-425807087	3	8	13
-426120884	9	8	13
-426166696	3	8	13
-426235096	243	8	12
-426314171	3	6	10
-426342295	3	10	16
-426436324	3	9	12
-426479656	3	8	12
-426523303	81	8	12
-426533092	3	8	12
-426573547	3	8	12
-426640803	3	8	10
-426862299	3	8	14
-426903007	3	8	10
-426917652	3	7	11
-426924759	3	8	13
-427046047	3	8	12
-427129403	3	8	12
-427177796	3	7	12
-427261051	3	6	10
-427333912	3	8	10
-427420491	3	8	10
-427466723	3	7	12
-427737359	3	8	13
-427857252	3	10	17
-427915687	3	8	10
-427917039	3	8	11
-428228040	3	5	6
-428325940	3	6	10
-428389384	3	8	12
-428497267	3	6	10
-428702871	3	7	10
-428963231	3	8	10
-428991123	3	7	12
-429046687	3	7	12
-429060003	3	7	12
-429131832	81	8	12
-429133224	3	8	11
-429171992	3	8	13
-429264911	9	8	12
-429437316	3	7	12
-429499460	3	9	13
-429631640	9	7	12
-429824983	9	8	12
-429877439	3	7	12
-429936771	3	6	9
-430119583	3	6	10
-430131412	3	8	13
-430198136	3	7	12
-430230207	9	8	14
-430313107	9	8	13
-430459624	3	8	10
-430523643	27	8	12
-430563479	3	7	12
-430612628	3	8	13
-430667587	3	8	15
-430723156	3	8	10
-430814759	3	7	12
-430921743	27	8	10
-430949352	3	7	12
-430954372	9	8	13
-431048543	3	8	13
-431164211	3	10	12
-431251879	3	8	12
-431317859	3	7	12
-431327663	3	8	13
-431489015	27	8	12
-431579476	3	8	12
-431688504	3	7	11
-431783087	3	6	10
-431844311	3	8	11
-431911556	3	11	18
-432010648	3	8	13
-432064731	3	6	10
-432104804	3	7	10
-432140431	3	8	11
-432271523	81	8	12
-432326919	3	8	13
-432470515	9	8	12
-432526587	3	6	10
-432551707	3	7	11
-432592003	27	8	12
-432794883	9	8	12
-432822343	3	8	10
-432930927	3	8	11
-433071371	3	6	10
-433103459	3	6	10
-433197083	3	7	13
-433264724	9	9	15
-433295411	3	7	11
-433468472	3	8	12
-433480115	3	8	10
-433515371	3	8	10
-433712407	3	7	11
-433725940	3	8	12
-433738803	3	4	5
-433757695	27	8	12
-434007912	3	7	12
-434041768	3	8	13
-434072891	3	7	12
-434221167	3	8	12
-434235943	3	7	12
-434381907	3	6	9
-434464687	3	7	11
-434538131	3	7	11
-434570731	3	7	11
-434625364	3	8	10
-434672223	3	8	13
-434779384	3	8	10
-434887576	3	7	9
-435005735	3	8	13
-435015160	3	6	10
-435030292	3	8	13
-435322840	3	6	11
-435519335	3	9	18
-435519944	3	6	10
-435550303	3	8	10
-435556787	3	6	9
-435596388	3	7	9
-435606943	3	6	10
-435668603	9	7	12
-435757524	3	6	11
-435832499	3	8	10
-435854939	3	7	12
-435860399	3	6	9
-435899291	3	8	11
-435940571	3	6	9
-435970803	3	6	10
-436069027	3	5	6
-436107703	3	6	10
-436218359	3	8	14
-436226644	3	8	10
-436265223	3	8	10
-436267191	3	11	13
-436460099	3	7	9
-436603547	3	8	10
-436607816	3	8	13
-436631171	3	6	10
-436858996	3	7	10
-436861407	3	7	12
-436917407	3	8	12
-436932943	3	8	11
-436966243	3	8	13
-437230507	3	8	12
-437359931	3	6	10
-437385019	3	7	9
-437398564	3	6	10
-437399763	3	8	10
-437421032	3	10	17
-437494019	3	8	12
-437840895	3	8	11
-437890307	3	7	11
-437952932	3	6	9
-438092519	9	7	12
-438459611	3	6	10
-438479331	3	8	11
-438698319	3	6	10
-438767003	3	8	12
-438842047	3	8	13
-438865343	3	9	15
-438901891	3	7	11
-438953828	3	7	12
-439339336	81	8	12
-439496263	3	7	12
-439574360	3	7	12
-439656215	3	7	11
-439727167	3	8	10
-440261603	3	8	10
-440282471	3	6	10
-440333995	3	9	13
-440385647	3	8	13
-440504371	3	7	10
-440607944	9	7	12
-440779279	3	8	13
-440861015	3	8	12
-440888644	3	8	12
-440952040	3	6	10
-441055627	3	6	9
-441085739	9	7	12
-441125807	3	6	9
-441186243	9	7	12
-441262072	3	6	10
-441282715	3	6	10
-441375179	9	8	12
-441397624	3	8	12
-441538079	3	10	13
-441694264	3	8	13
-441705811	3	6	9
-441766680	3	8	13
-441781604	3	7	12
-441863347	3	8	14
-441908731	3	7	11
-442022271	3	7	12
-442040827	3	7	12
-442078440	3	5	6
-442228883	3	7	11
-442262399	27	8	12
-442269512	3	7	11
-442444888	3	8	12
-442485496	3	6	9
-442591367	3	8	12
-442655924	3	7	12
-442661223	6561	8	12
-442916612	3	8	12
-442928335	3	8	13
-443242731	27	8	12
-443266223	3	8	12
-443293023	3	8	13
-443331795	3	8	14
-443359156	3	8	12
-443724324	3	6	10
-443871471	3	8	13
-443982351	3	6	10
-444081091	3	8	13
-444127711	3	6	10
-444147007	3	8	12
-444178308	3	8	12
-444188971	3	5	6
-444326676	3	7	11
-444430911	3	5	9
-444459347	3	5	9
-444564983	3	6	10
-444578676	3	5	9
-444863679	3	8	10
-444917563	3	6	9
-444920051	3	6	10
-444980383	9	7	12
-445221247	9	7	12
-445224859	3	8	12
-445315940	3	9	15
-445417807	3	8	13
-445429560	3	8	12
-445460639	3	8	15
-445466740	3	6	10
-445626520	27	8	12
-445660231	3	8	10
-445704043	3	6	10
-445749611	9	7	12
-445768424	3	8	11
-445802419	3	8	12
-445988072	81	8	12
-446051940	3	8	15
-446154135	3	6	10
-446212223	3	8	10
-446243647	3	7	12
-446322440	9	8	12
-446692287	3	8	12
-446808404	3	7	12
-446886695	3	6	10
-447111544	3	8	12
-447111687	3	6	10
-447131435	6561	8	12
-447240715	3	8	12
-447242612	3	6	9
-447278980	3	6	9
-447380383	3	6	10
-447406611	3	6	9
-447488792	3	6	10
-447623236	3	8	10
-447736711	3	7	12
-447770296	3	6	9
-447841463	3	7	11
-447917416	3	8	13
-448104891	3	8	11
-448108487	3	8	11
-448597807	3	6	10
-448626523	3	7	11
-448678523	3	7	12
-448808467	3	8	10
-448945591	3	8	10
-448986248	3	6	10
-449070547	3	8	12
-449296583	3	7	11
-449302667	3	7	12
-449358627	3	6	10
-449451780	3	5	9
-449512919	3	8	13
-449557544	3	8	15
-449674259	3	7	12
-449706299	3	8	10
-449763359	3	6	10
-449804552	3	8	13
-449810711	3	7	12
-449815335	3	8	12
-449869643	3	8	13
-449883967	3	7	11
-449936167	3	6	10
-450026167	3	6	11
-450109227	3	6	10
-450209512	3	8	12
-450216687	3	10	18
-450494603	3	8	10
-450708935	3	8	10
-450937867	3	8	10
-450955767	9	8	12
-451400459	3	8	10
-451435911	3	8	13
-451453011	9	8	12
-451513864	3	8	10
-451567048	729	8	12
-451603903	3	6	10
-451638271	27	8	12
-451910071	27	8	12
-452082311	3	7	11
-452138223	9	5	9
-452155343	3	8	11
-452218343	3	8	12
-452365683	3	7	10
-452463567	3	6	10
-452475220	3	9	13
-452738823	3	8	10
-452766551	3	5	6
-452768939	3	6	10
-452803643	3	8	10
-453108376	3	8	10
-453171659	81	8	10
-453420292	3	8	12
-453545351	3	8	10
-453659191	3	7	7
-453669583	3	8	10
-453694559	3	8	10
-453922895	243	8	12
-454110376	3	7	11
-454222499	3	7	9
-454343035	3	6	10
-454462339	3	7	12
-454464628	81	8	12
-454535935	3	6	10
-454545595	3	8	10
-454558360	3	6	10
-454586952	3	8	10
-454646692	3	5	9
-454676303	3	8	12
-454810327	3	8	11
-454859399	3	7	12
-454953403	3	8	10
-454981579	9	8	12
-455145256	3	6	10
-455146388	3	8	12
-455252360	3	8	10
-455342151	3	7	11
-455345579	9	7	10
-455420879	3	8	12
-455427304	243	8	12
-455548984	3	6	10
-455612135	9	8	12
-455641667	3	7	11
-455712191	3	6	9
-455725371	3	7	11
-455737847	3	8	13
-455891284	3	7	11
-455900824	3	7	12
-455974148	3	6	10
-456131156	3	7	9
-456326104	3	6	10
-456363707	81	8	12
-456485111	3	5	6
-456500191	9	6	10
-456506599	3	6	10
-456687899	81	8	12
-456752767	3	8	11
-456760231	3	8	11
-456900415	3	6	10
-456919355	3	6	10
-456965448	3	8	12
-457028447	3	8	13
-457060883	3	8	12
-457304207	3	5	8
-457428324	3	6	9
-457463460	3	7	11
-457528711	3	8	13
-457564148	3	8	13
-457567503	3	8	10
-457680163	9	8	12
-457711688	3	8	13
-457856591	9	8	13
-458028820	3	6	10
-458082763	3	6	9
-458134143	3	7	10
-458305123	81	8	12
-458330791	3	7	11
-458681764	3	8	13
-458732355	3	7	12
-458790719	3	8	11
-458793623	3	7	9
-458988535	3	10	15
-459027860	3	6	10
-459124827	3	6	10
-459145703	3	8	11
-459443240	3	6	10
-459475055	3	8	12
-459577160	3	6	11
-459724724	3	6	10
-459969288	3	8	10
-460210376	3	6	10
-460248607	9	9	13
-460350415	9	5	6
-460418799	3	8	12
-460425524	3	8	13
-460461779	3	8	12
-460530152	3	7	11
-460609027	9	8	13
-460707823	3	7	10
-460853087	3	6	9
-460853407	3	8	12
-460926455	3	6	10
-461001695	3	5	6
-461088835	3	4	5
-461224392	3	7	10
-461309711	3	6	10
-461342279	3	6	10
-461350056	3	8	13
-461440747	3	6	10
-461684211	3	7	10
-461772447	3	8	12
-461780191	3	9	13
-461803128	3	8	10
-461981315	3	7	12
-461983835	3	8	11
-462054376	3	8	10
-462092459	3	8	12
-462121503	3	7	11
-462219163	3	8	11
-462388403	3	8	10
-462466867	3	8	12
-462496763	3	9	14
-462643816	3	8	10
-462708491	3	7	11
-462709976	3	8	13
-462794392	3	8	10
-462813992	3	8	14
-462877748	9	8	12
-463033139	3	8	13
-463269003	27	8	12
-463316599	9	8	12
-463420052	3	6	10
-463481927	3	10	14
-463583739	3	6	9
-463702135	3	7	12
-463718987	3	8	13
-463732615	3	7	11
-463761347	9	9	13
-463860223	3	8	10
-464018747	3	8	11
-464133127	3	9	14
-464538295	3	7	12
-464549927	3	8	12
-464692111	3	7	8
-464783927	3	8	10
-465138456	3	7	12
-465278963	3	8	12
-465577583	3	7	9
-465687176	9	9	15
-465821659	27	8	12
-465836303	3	8	10
-466009156	3	8	13
-466173779	3	6	10
-466236415	3	8	10
-466259055	3	6	10
-466320404	3	8	12
-466324939	9	9	13
-466348163	3	6	10
-466514232	3	8	12
-466842847	3	9	13
-466873931	3	7	10
-467327551	3	8	12
-467344299	81	8	12
-467370872	3	7	12
-467378531	3	8	13
-467538367	3	8	12
-467691092	3	9	13
-467791867	3	8	11
-467841448	3	8	10
-467859032	3	6	10
-467969448	3	6	9
-468131091	3	6	10
-468235235	3	6	9
-468366739	3	6	10
-468420692	3	8	10
-468461471	3	8	10
-468569496	3	6	9
-468611131	3	5	6
-468687255	243	8	12
-468815251	3	8	13
-469006179	3	7	12
-469070807	3	7	11
-469137639	3	8	10
-469319444	3	7	13
-469336163	3	8	15
-469457140	3	7	12
-469552327	9	7	12
-469931699	3	8	13
-470030363	3	10	12
-470050312	3	9	13
-470079059	3	7	11
-470250343	3	8	10
-470268627	3	5	9
-470335043	3	7	11
-470339979	3	8	10
-470455044	3	8	12
-470531195	3	8	12
-470542628	3	8	13
-470549963	3	6	10
-470636427	3	8	12
-470665471	3	8	12
-470685407	3	6	10
-470745704	3	8	12
-470824511	3	8	10
-470889332	3	8	13
-471172683	3	8	10
-471191459	3	6	10
-471251887	3	8	12
-471253423	3	10	12
-471276516	3	8	10
-471277227	3	8	11
-471350891	3	8	15
-471371555	3	9	13
-471486955	3	8	13
-471649919	3	7	11
-471702611	3	8	12
-471773467	3	8	12
-471791515	3	6	10
-471845780	3	8	12
-472092679	3	7	9
-472280231	3	9	13
-472300203	3	8	10
-472315295	3	8	12
-472382851	3	8	10
-472390607	3	6	10
-472393191	3	6	10
-472468495	3	8	10
-472520191	9	7	12
-472536699	3	10	19
-472741187	3	6	10
-472747207	3	8	17
-472844395	9	5	8
-472880011	3	8	13
-472935739	9	8	13
-473164799	3	5	9
-473183943	3	6	10
-473192360	3	6	9
-473260776	3	6	10
-473267015	3	6	10
-473324735	3	9	16
-473377379	3	7	12
-473398663	3	6	10
-473422083	3	8	14
-473435995	3	7	12
-473594579	3	7	11
-473707659	3	6	10
-473725507	3	6	10
-473793279	3	8	13
-473846456	3	7	12
-473898183	3	7	12
-473977267	9	8	12
-474123647	3	8	12
-474133287	3	8	9
-474335860	243	8	12
-474641319	3	11	13
-474694079	3	8	13
-474852799	3	8	10
-474937924	3	8	12
-475079339	3	8	10
-475146779	3	8	12
-475398692	3	8	12
-475485879	3	8	12
-475520711	3	8	10
-475595727	3	8	13
-475692727	3	6	9
-475792663	3	7	12
-475836344	3	8	11
-475939959	27	8	12
-476051215	3	8	12
-476251864	3	7	11
-476256371	3	8	13
-476282168	3	5	9
-476375635	3	6	10
-476584699	3	6	8
-476633311	3	7	12
-476758164	3	8	10
-476782007	3	8	11
-476826215	3	7	10
-476837092	3	6	10
-477132024	3	5	6
-477179635	3	8	12
-477271931	9	7	12
-477297463	3	6	9
-477548311	3	6	9
-477823688	3	8	13
-477992531	3	8	11
-478324759	3	7	12
-478353563	9	6	10
-478420483	3	6	10
-478487471	3	7	12
-478522292	3	8	12
-478564267	3	6	9
-478582196	3	7	10
-478599071	9	8	12
-478638147	3	6	10
-478671880	3	8	10
-478740968	3	8	13
-478771355	3	8	10
-478928939	3	6	10
-479006324	3	7	9
-479014696	3	6	9
-479043627	3	4	4
-479053507	3	6	10
-479080787	6561	8	12
-479172027	3	8	14
-479278495	3	7	11
-479497483	3	8	12
-479866024	3	7	11
-479890283	3	8	12
-480115284	3	6	11
-480160843	3	8	10
-480213879	3	7	12
-480324596	3	6	9
-480351460	3	8	10
-480370148	3	8	14
-480388931	3	8	14
-480516871	9	9	13
-480561284	9	8	12
-480677735	3	7	12
-480692228	9	7	12
-480880987	3	6	10
-480974180	3	8	12
-481002947	3	6	10
-481083899	3	8	11
-481384456	3	9	14
-481408699	3	8	12
-481505991	3	8	12
-481508907	3	8	10
-481535699	9	8	12
-481750807	3	6	10
-481815435	3	8	10
-481867483	3	8	13
-481906520	3	8	13
-482230759	3	6	10
-482275627	3	8	10
-482402103	3	9	13
-482439667	3	5	9
-482444503	3	6	10
-482486971	3	5	9
-482837543	9	8	12
-482848847	3	8	10
-482852471	3	6	10
-482858043	3	7	11
-482866264	6561	8	12
-482895059	3	8	10
-483033347	3	6	10
-483406059	9	5	6
-483576423	3	6	10
-483666276	3	8	12
-483679412	3	6	10
-483780644	3	5	6
-483909748	9	7	12
-484058159	3	6	10
-484079847	3	5	6
-484150099	3	8	10
-484187019	3	8	13
-484192171	3	8	15
-484270763	3	8	13
-484303431	3	7	12
-484413079	3	8	14
-484413716	3	7	11
-484655403	3	8	12
-484714707	3	8	12
-484721652	3	6	9
-484758883	3	9	16
-484824623	3	8	10
-484855991	3	6	10
-485037160	3	8	10
-485063704	3	6	10
-485230971	3	8	10
-485257783	3	6	10
-485335032	81	8	12
-485348307	3	6	10
-485391747	3	9	13
-485414467	3	5	6
-485837607	3	8	12
-485934143	3	9	14
-485985907	3	8	12
-486006611	3	8	13
-486044339	3	9	13
-486073144	3	8	11
-486107255	3	5	6
-486134483	3	5	9
-486169763	3	6	10
-486178599	3	6	8
-486182516	3	6	10
-486240340	3	8	10
-486472451	9	5	6
-486555455	3	7	12
-486651752	9	8	10
-486706731	3	8	12
-486785819	3	8	11
-486871871	3	7	12
-486881411	3	8	12
-487024067	3	8	10
-487169335	243	8	12
-487323103	3	8	12
-487356647	3	6	10
-487358087	3	8	13
-487389703	3	8	10
-487429795	3	7	11
-487454527	3	8	13
-487466815	3	8	12
-487685863	3	8	13
-487829659	3	8	13
-487850863	3	6	10
-488502436	3	10	11
-488577907	3	6	10
-488607396	3	8	10
-488666859	3	6	9
-488727924	3	6	10
-488754424	3	8	13
-488828708	3	7	12
-488905979	3	8	14
-489060148	3	6	10
-489135336	3	5	5
-489163267	3	7	12
-489191279	3	6	10
-489199908	3	6	10
-489290308	3	8	12
-489425012	27	8	12
-489431495	3	8	10
-489476280	3	6	9
-489843940	3	8	13
-490170215	3	8	13
-490531807	3	8	13
-490560040	3	7	9
-490675787	3	6	10
-490691224	3	7	10
-490768680	27	8	12
-490794811	3	8	15
-490880427	3	8	11
-491028611	3	8	14
-491150427	3	8	10
-491220159	3	7	12
-491294911	3	6	10
-491308811	3	8	13
-491499047	3	8	13
-491596303	3	6	10
-491633544	3	6	10
-491670071	3	7	12
-491751599	3	9	13
-492028104	3	6	9
-492055535	3	7	8
-492207604	3	6	10
-492220271	3	9	13
-492414099	3	8	10
-492418319	3	6	10
-492712303	9	8	12
-492723359	3	8	12
-492843547	3	9	14
-492933399	27	7	12
-493077839	3	8	12
-493658571	3	6	11
-493814107	3	5	9
-493952788	3	8	13
-494029867	9	7	9
-494130664	3	8	13
-494239307	81	8	12
-494477592	3	8	15
-494552263	3	7	9
-494576619	3	8	12
-494603895	3	6	10
-494621643	3	5	6
-494680715	3	8	11
-494728152	9	8	10
-494783187	3	7	12
-494825524	3	5	9
-495031319	3	8	12
-495085492	3	6	10
-495116488	3	8	10
-495168599	9	8	12
-495220099	3	8	12
-495351768	3	9	15
-495550463	3	8	13
-495555303	3	7	9
-495627967	3	6	10
-495671919	3	6	10
-495793399	3	8	10
-495819748	81	8	12
-495942855	3	6	9
-496120120	3	7	11
-496206635	3	6	10
-496301880	9	8	12
-496400260	3	5	9
-496414635	3	7	12
-496507204	3	8	10
-496620548	3	6	10
-496712935	3	8	11
-496714180	27	8	12
-496729583	3	6	10
-496978948	3	8	17
-496987655	3	8	10
-497043599	3	6	9
-497061967	3	8	12
-497289471	3	6	9
-497305976	3	8	11
-497398919	9	7	12
-497433316	9	9	13
-497463796	3	8	12
-497551883	3	10	20
-497682980	3	8	12
-497845631	9	9	15
-498007903	3	8	12
-498143795	9	9	13
-498224840	2187	8	12
-498237599	3	6	10
-498334183	3	6	10
-498342788	3	8	13
-498430231	3	6	10
-498435076	9	9	13
-498704099	3	8	10
-498757508	3	9	15
-499028788	3	6	10
-499108715	3	5	6
-499135144	3	8	10
-499166771	3	8	13
-499298408	3	6	10
-499310247	3	8	13
-499369412	3	8	13
-499756760	3	8	10
-499759919	3	6	10
-499987016	9	8	12
-500057735	3	8	10
-500064708	3	8	12
-500092923	3	8	10
-500101531	3	8	10
-500146547	9	8	12
-500316184	3	8	12
-500319631	9	5	6
-500348631	3	11	13
-500455735	3	6	10
-500498707	9	7	12
-500551187	9	9	13
-500559684	9	8	12
-500576415	3	8	12
-500577667	3	8	10
-500762831	3	8	13
-500786239	3	8	12
-500794712	3	8	13
-500898583	3	8	10
-500954344	3	6	10
-500962223	9	9	13
-501039944	3	8	11
-501050111	3	8	10
-501107483	3	6	10
-501160835	3	8	10
-501190760	3	8	10
-501387071	3	8	10
-501655767	3	6	9
-501686744	3	6	10
-501701527	3	9	10
-501732367	3	8	13
-501898147	3	8	13
-501900719	243	8	12
-502207763	3	8	11
-502420612	3	5	6
-502455135	3	8	12
-502563707	3	6	10
-502804627	3	6	10
-502810043	3	7	11
-502946023	3	8	10
-503166919	3	6	9
-503174392	3	8	11
-503417812	3	7	12
-503450951	9	8	12
-503467759	3	8	10
-503482127	3	9	14
-503510651	3	7	11
-503608088	3	7	12
-503668423	3	5	6
-503718415	3	7	11
-504152771	3	7	11
-504168647	3	8	12
-504190851	3	8	11
-504362147	3	8	12
-504436411	3	8	12
-504496687	3	8	10
-504531023	27	6	10
-504554395	3	8	13
-505013028	3	7	11
-505016488	3	8	10
-505017743	3	8	12
-505099895	3	6	10
-505289023	3	8	12
-505300911	3	6	11
-505338679	3	7	9
-505489128	3	8	10
-505633503	3	8	13
-505662595	3	10	11
-505770315	3	8	13
-505790743	3	7	12
-505806647	9	6	10
-506019019	3	7	12
-506037331	3	7	12
-506138747	3	8	12
-506212927	3	8	12
-506219528	3	8	12
-506258711	3	7	11
-506330515	3	8	12
-506365588	3	7	12
-506367652	3	7	12
-506422648	3	8	13
-506573311	9	5	6
-506708311	81	8	12
-506787524	9	7	12
-506790904	3	7	11
-506802760	3	6	10
-506832068	3	8	12
-507077848	3	6	10
-507092423	3	8	14
-507099860	3	8	15
-507102820	3	8	15
-507111467	3	7	11
-507113483	3	6	10
-507219043	729	8	12
-507274235	3	6	9
-507385999	9	7	12
-507562391	3	8	11
-507640520	3	8	13
-507699476	3	6	10
-507729243	3	7	12
-507778103	3	6	10
-507808031	3	8	10
-508030744	3	6	10
-508151316	3	8	10
-508171080	3	8	12
-508171155	3	6	10
-508196411	3	6	8
-508248967	81	8	12
-508307252	3	8	12
-508330167	3	8	13
-508428884	3	7	10
-508476536	3	8	10
-508485972	3	8	13
-508649011	27	6	10
-508874424	3	8	13
-508957428	3	7	12
-509049176	81	8	12
-509167907	3	8	12
-509269207	3	8	10
-509295587	3	8	13
-509829215	3	8	12
-510007636	3	8	12
-510050959	9	8	13
-510073131	3	8	13
-510123299	3	8	10
-510162799	3	5	6
-510214548	3	8	13
-510444867	9	7	12
-510499327	3	7	11
-510506715	3	8	10
-510566468	9	9	15
-510794167	3	8	11
-510878519	3	11	16
-511201799	3	8	14
-511217371	3	5	5
-511290671	3	6	10
-511302343	3	7	8
-511356695	9	8	12
-511462403	3	7	11
-511548820	3	5	5
-511556287	3	11	14
-511594535	3	8	10
-511625791	3	6	10
-511652132	3	8	10
-511700595	3	8	10
-511910563	3	7	8
-511927079	3	7	9
-511963331	3	8	10
-512095684	3	7	12
-512104859	3	6	10
-512237544	3	5	6
-512321043	3	8	13
-512445428	3	8	10
-512460088	243	8	12
-512522696	3	8	12
-512569507	3	8	12
-512621255	3	8	12
-512665480	3	7	10
-512866036	3	6	10
-512882327	3	8	11
-513006104	3	6	10
-513007303	3	7	11
-513013592	9	7	12
-513104851	3	6	10
-513145931	3	8	13
-513290852	3	10	17
-513460276	3	8	10
-513471819	3	8	13
-513569463	3	7	11
-513739803	3	8	10
-513746283	3	6	11
-514025247	3	8	12
-514075687	3	8	12
-514161391	3	7	11
-514354123	3	8	12
-514381695	3	8	13
-514412087	3	8	11
-514682135	3	9	13
-514706948	3	8	13
-514749092	3	4	5
-514904196	3	11	15
-514967559	3	8	10
-515160931	3	8	13
-515279731	3	8	11
-515373031	3	8	12
-515388292	3	9	13
-515396548	3	8	10
-515430308	3	8	13
-515506996	3	6	10
-515596148	3	7	9
-515622984	3	8	11
-515659319	3	6	10
-515700383	3	8	12
-515898931	3	8	12
-515955755	3	8	14
-516041731	3	8	10
-516099016	27	8	12
-516199144	3	8	12
-516345699	3	6	9
-516373811	3	8	10
-516456199	3	5	6
-516482247	3	7	12
-516781428	3	8	12
-516986696	9	8	13
-517031711	9	8	10
-517257751	3	6	10
-517283912	3	6	10
-517339063	3	8	10
-517434063	3	8	12
-517582488	3	7	11
-517601127	3	8	12
-517603748	3	8	12
-517767703	3	10	16
-517921192	3	8	12
-517940147	3	8	13
-518028260	9	8	12
-518054699	81	8	12
-518183220	3	8	12
-518288963	3	7	11
-518300491	3	6	10
-518430724	3	7	11
-518592243	3	8	13
-518731352	3	8	15
-518916523	3	8	12
-518998456	3	8	13
-519063815	3	6	10
-519148159	3	8	13
-519165183	3	8	11
-519178459	3	7	11
-519182219	3	8	14
-519264223	3	6	10
-519406879	3	8	12
-519419759	3	7	11
-519505060	3	8	10
-519560519	9	5	8
-519688915	3	7	10
-519702199	3	7	12
-519711784	3	8	12
-519789895	81	8	12
-519962711	3	8	10
-520028196	9	7	12
-520057124	3	7	12
-520119224	3	8	13
-520182951	3	6	10
-520212916	3	5	5
-520220731	3	6	8
-520253603	9	7	12
-520279843	3	8	12
-520333624	9	8	13
-520415688	3	10	14
-520419892	3	6	10
-520432696	3	6	9
-520474287	3	6	10
-520495019	9	8	12
-520711423	3	6	10
-521237208	3	7	12
-521473556	3	8	10
-521727636	3	6	10
-521909887	3	6	9
-521985988	3	8	11
-522004163	3	6	10
-522032915	9	7	12
-522069099	3	6	10
-522080164	3	7	12
-522240907	9	7	12
-522298088	3	6	10
-522312671	3	5	6
-522861043	3	7	11
-522956255	3	8	15
-523029083	3	7	11
-523049467	9	9	15
-523073224	3	8	13
-523102135	3	8	11
-523174367	3	8	13
-523291963	3	8	10
-523308299	3	8	12
-523330759	3	8	13
-523408803	3	8	10
-523507467	3	8	12
-523525603	3	8	11
-523537972	3	7	12
-523733851	3	8	11
-523804031	3	8	17
-523892047	3	6	10
-523893659	3	8	13
-523929347	3	8	11
-523975343	3	8	10
-524017108	3	7	12
-524039783	3	6	10
-524059059	3	5	9
-524094707	3	8	11
-524328023	27	8	12
-524481799	3	8	13
-524586531	3	8	12
-524597047	3	8	10
-524608639	3	6	9
-524670015	3	8	12
-524783480	27	8	12
-524837044	3	8	12
-524918803	3	8	12
-525042499	3	8	13
-525434915	3	8	13
-525608824	3	8	12
-525709704	3	8	12
-525788671	3	8	12
-526042499	3	6	10
-526084415	3	8	10
-526129608	3	8	10
-526254195	3	5	6
-526260824	3	6	10
-526410996	3	6	10
-526505531	3	8	12
-526767512	3	5	7
-526866344	3	8	12
-526890955	3	7	11
-526920071	3	5	6
-526999108	3	8	10
-527037384	3	11	15
-527387515	3	8	10
-527390671	3	8	12
-527432147	3	8	13
-527761183	3	8	12
-527867864	3	11	16
-527877787	3	8	11
-527891083	3	8	12
-528166459	3	8	10
-528223083	3	11	17
-528261583	9	8	12
-528364484	3	8	12
-528392983	9	9	15
-528436695	3	8	12
-528513131	3	8	12
-528609343	3	7	12
-528661844	3	8	16
-528755071	9	8	12
-528805967	3	6	10
-529001679	3	8	12
-529005192	3	7	7
-529009231	3	7	12
-529036123	3	8	13
-529087243	3	6	10
-529150639	3	8	12
-529202751	3	6	10
-529237479	3	8	10
-529380856	3	8	11
-529413719	3	6	9
-529636403	3	7	11
-529654531	3	9	15
-529715287	3	6	9
-529770431	3	6	9
-529958827	3	6	10
-529995719	3	8	14
-530027507	3	8	10
-530099380	3	7	12
-530183647	3	8	10
-530384495	3	8	13
-530560916	3	8	12
-530618223	3	8	13
-530984163	3	8	13
-531010211	3	7	9
-531163963	3	8	12
-531226479	3	11	13
-531263219	3	6	9
-531319035	3	5	9
-531375207	3	6	10
-531375987	3	8	12
-531379956	3	6	10
-531513899	3	8	12
-531549176	3	8	10
-531700264	3	7	10
-531834835	3	6	10
-531845463	3	6	10
-531936148	3	8	12
-532047507	3	6	10
-532083191	3	8	10
-532145336	81	8	12
-532190563	3	6	10
-532202203	9	6	10
-532207844	3	8	10
-532274423	3	9	13
-532330535	81	8	12
-532511231	3	7	12
-532604424	3	8	13
-532648087	3	9	15
-532840040	3	6	10
-532844831	3	8	11
-533526692	3	8	10
-533559443	3	8	13
-533571539	27	7	12
-533763411	3	8	13
-533847563	3	6	10
-533918947	9	7	12
-533995219	27	8	12
-533999903	3	5	9
-534002587	81	7	12
-534113576	3	8	10
-534137267	27	8	12
-534444611	3	8	10
-534823064	3	8	13
-534823151	9	7	12
-534969128	9	8	12
-534976292	9	7	12
-534995635	243	8	12
-535159560	3	6	10
-535250344	3	6	10
-535295620	3	6	10
-535329815	3	10	10
-535335763	27	8	12
-535411256	3	9	13
-535516035	3	5	6
-535525912	3	8	12
-535695807	3	7	10
-535810271	3	5	9
-536104948	3	7	9
-536153716	243	8	12
-536159679	3	6	10
-536341768	3	7	11
-536435207	3	7	12
-536449684	3	8	13
-536450795	3	6	10
-536574103	3	8	12
-536622447	3	8	10
-536689220	3	6	10
-536850836	3	8	10
-536990583	3	6	10
-537115099	3	8	13
-537144292	3	8	13
-537152104	243	8	12
-537202819	3	8	12
-537271051	3	8	11
-537279652	27	8	12
-537475704	3	8	13
-537521816	3	8	11
-537530788	3	8	10
-537654959	3	8	10
-537735019	3	7	11
-537787903	3	8	14
-537885923	3	8	12
-537912888	3	8	10
-537948155	3	7	11
-538217959	3	8	12
-538271887	3	7	11
-538311524	3	5	6
-538331428	3	8	10
-538366388	3	6	10
-538414871	3	8	11
-538475784	3	6	10
-538496411	3	7	11
-538513583	3	6	10
-538538291	3	7	10
-538800415	3	7	12
-538855663	3	8	11
-538867163	3	8	13
-539223011	3	8	15
-539260403	3	8	12
-539289240	3	8	10
-539431843	3	8	12
-539552099	3	5	9
-539663252	3	8	12
-539811316	3	7	11
-539836963	3	7	11
-539853784	3	6	10
-540176591	3	8	10
-540208680	3	7	12
-540358323	3	8	12
-540379716	3	8	10
-540388047	3	6	10
-540532819	3	9	16
-540713667	3	6	10
-540756712	3	8	12
-540851911	3	8	12
-540877967	3	8	12
-540917987	3	8	13
-541002660	3	5	5
-541032719	9	6	10
-541146344	3	6	10
-541252779	3	8	10
-541363027	9	7	12
-541581799	3	8	10
-541658532	3	7	11
-541676692	3	6	10
-541698879	3	6	10
-541810904	3	8	10
-541831912	3	6	10
-541873572	3	6	10
-541874851	3	8	12
-541943048	3	7	11
-542064436	3	7	11
-542416872	3	8	14
-542437403	3	9	13
-542455359	3	8	12
-542596436	3	5	9
-542618255	3	8	12
-542620243	3	5	8
-542653988	3	8	10
-542705179	3	5	6
-542720363	3	8	15
-542834036	3	8	12
-542937192	3	10	15
-542978635	3	7	11
-543049511	3	6	10
-543085543	3	8	12
-543112447	3	6	9
-543313735	3	8	13
-543325863	3	7	11
-543380971	9	7	12
-543417832	3	7	10
-543442024	3	7	12
-543475743	3	6	9
-543500079	27	7	12
-543533063	3	6	10
-543702111	3	6	10
-543718571	3	7	11
-543743671	3	8	10
-543871715	3	6	10
-543915784	3	7	12
-543916103	3	8	12
-543958267	9	9	13
-544167032	3	8	10
-544241704	3	5	6
-544373220	3	8	12
-544400020	3	6	10
-544403123	3	7	12
-544457623	3	8	13
-544701623	3	8	10
-544858915	3	8	12
-544861364	3	6	11
-544883215	3	8	12
-545081560	3	6	11
-545218104	3	8	10
-545266447	3	8	12
-545267291	3	6	10
-545331631	3	5	6
-545353915	3	6	11
-545442043	3	8	12
-545568887	3	10	15
-545599479	3	8	10
-545600840	9	8	12
-545732447	3	8	12
-545859995	3	6	11
-546002516	27	8	12
-546041211	3	8	12
-546044360	3	7	9
-546096431	3	10	15
-546132551	3	6	10
-546218315	3	8	15
-546245619	3	6	9
-546252611	3	6	10
-546259183	27	8	12
-546320651	3	5	9
-546361979	3	7	12
-546479464	3	8	10
-546492047	3	8	13
-546642296	3	8	10
-546891096	3	8	10
-547046087	3	8	10
-547158072	3	6	10
-547211112	9	8	12
-547226468	3	8	12
-547259316	3	6	10
-547334968	9	7	12
-547348855	3	8	12
-547369855	3	8	12
-547463699	3	7	11
-547576084	3	8	12
-547592711	3	8	10
-547728143	9	8	12
-547784932	3	6	10
-547870199	3	6	10
-548007791	3	8	13
-548073940	3	7	11
-548497187	3	6	10
-548599487	27	8	12
-548650436	3	8	10
-548676248	3	6	10
-548790287	3	6	11
-548876852	3	8	12
-548999683	3	7	12
-549007255	3	6	8
-549048392	3	8	10
-549182419	3	6	10
-549288719	9	7	12
-549313035	9	8	12
-549347460	3	6	10
-549481055	3	9	15
-549525371	3	7	12
-549736483	3	9	13
-550083619	3	8	13
-550128783	3	8	13
-550216299	3	8	13
-550255128	3	8	10
-550465339	3	7	12
-550484887	27	8	12
-550575991	27	8	12
-550624971	3	8	13
-550749320	3	7	7
-550830239	3	6	10
-550916011	3	6	10
-551039739	3	8	10
-551076895	3	6	10
-551083871	3	8	13
-551235719	3	7	11
-551245892	9	7	12
-551284707	3	7	10
-551364104	3	7	10
-551387428	27	8	12
-551485736	3	8	11
-551556571	3	8	12
-551620808	3	8	12
-551708219	3	8	12
-551993647	3	8	13
-552266196	3	9	16
-552323039	3	7	9
-552358203	3	6	10
-552412504	3	8	12
-552524359	3	8	13
-552631803	3	7	11
-552706003	243	8	12
-552730243	3	7	11
-552841907	3	8	12
-552906643	3	8	12
-553001683	9	7	12
-553038455	3	7	11
-553080207	3	8	12
-553089623	3	7	10
-553192663	3	6	10
-553395887	3	8	10
-553514024	3	8	17
-553554628	9	9	15
-553856179	3	5	9
-553898324	3	8	13
-554110987	3	7	11
-554209323	3	6	9
-554242811	3	8	13
-554478271	3	8	12
-554499511	3	8	12
-554534504	9	8	12
-554544584	3	8	15
-554672467	3	7	11
-555116431	243	8	12
-555268484	3	8	11
-555517619	27	8	12
-555557271	3	11	19
-555572515	3	10	14
-555653892	3	9	13
-555760543	3	7	10
-555840536	3	8	10
-555958055	3	8	17
-555959407	3	6	10
-556025451	3	7	10
-556033652	3	8	10
-556064452	9	8	12
-556293567	3	6	10
-556389528	3	6	10
-556525711	3	7	11
-556541087	3	6	11
-556561027	3	6	10
-556623444	27	7	12
-556752955	3	8	12
-556829511	3	8	11
-556835879	9	7	12
-556951695	9	8	13
-557152724	9	7	12
-557316584	9	7	12
-557557880	3	7	11
-557637907	9	7	12
-557715615	27	8	12
-557736595	3	6	10
-557965716	3	8	10
-558064531	27	8	12
-558300035	3	7	9
-558377624	3	8	17
-558388267	3	8	15
-558423851	3	8	11
-558574799	3	8	11
-558578071	3	10	16
-558620639	3	8	12
-558823883	3	8	13
-558864015	3	8	10
-558943111	3	8	10
-559042115	3	10	18
-559115419	3	5	6
-559145499	3	8	13
-559241860	9	7	12
-559289899	3	6	10
-559316584	3	6	10
-559503928	9	7	12
-559584195	3	7	12
-559634191	3	6	10
-559807572	3	8	12
-559923619	3	8	12
-560254264	3	8	10
-560265131	3	7	9
-560271268	3	7	9
-560286712	3	8	10
-560475271	3	6	10
-560519839	3	7	11
-560536404	3	8	13
-560542583	3	8	13
-560585667	3	8	12
-560615320	9	7	12
-560623659	3	6	8
-560637787	3	9	16
-560919551	3	8	12
-560936020	3	6	10
-560953007	3	8	11
-561199096	3	6	10
-561551979	3	8	13
-561586495	3	7	12
-561682723	27	8	12
-561705491	3	6	10
-561758683	9	7	12
-561895355	3	5	9
-561963855	3	6	10
-562003160	9	9	13
-562013859	3	8	12
-562043347	9	8	12
-562078399	3	7	12
-562104408	3	9	13
-562158347	3	8	14
-562379155	3	8	12
-562500723	3	8	13
-562522831	3	9	15
-562525951	3	9	15
-562564024	3	6	10
-562581863	3	8	12
-562599599	3	6	9
-562664580	9	8	12
-562826004	3	6	10
-562887447	3	7	12
-563008539	3	8	11
-563051631	3	7	12
-563071588	3	8	12
-563213227	3	8	11
-563244888	3	8	12
-563285167	3	7	12
-563342964	3	8	10
-563451023	3	8	13
-563538163	3	5	6
-563572519	3	7	11
-563727044	3	6	10
-563989103	3	8	10
-564113815	3	8	13
-564135607	3	8	10
-564161459	3	8	10
-564190467	3	7	12
-564198419	243	8	12
-564198991	3	7	12
-564215183	3	8	13
-564480472	3	8	14
-564551911	3	7	11
-564552759	3	7	13
-564567832	3	7	11
-564744948	3	8	12
-564748280	3	8	12
-564759267	3	7	12
-564811855	3	8	10
-564834936	3	11	15
-564936387	81	8	12
-564985807	3	8	12
-565163167	3	8	12
-565207971	3	8	10
-565243087	9	9	15
-565289416	9	8	12
-565310947	9	7	12
-565459339	9	7	12
-565570407	3	6	10
-565574803	3	8	10
-565683279	3	8	10
-565765131	3	6	10
-565788936	9	7	12
-565827107	3	8	14
-565891511	3	8	12
-566052899	3	7	12
-566115431	3	7	11
-566375507	3	8	12
-566379235	3	8	12
-566578932	3	6	10
-566584455	3	6	10
-566695139	3	8	13
-566740339	3	8	12
-566760787	3	7	12
-566794312	3	7	11
-566904523	3	7	12
-566904787	3	6	9
-566959611	3	7	11
-567044191	3	9	15
-567094303	3	6	10
-567260455	9	8	12
-567264831	3	6	11
-567303719	3	8	10
-567376795	3	8	13
-567405620	3	8	10
-567408767	3	7	12
-567462788	729	8	12
-567472324	3	8	12
-567502503	3	6	9
-567936263	3	6	9
-567938564	3	8	10
-567971167	3	8	13
-568103252	3	9	15
-568177015	3	7	9
-568186395	3	7	12
-568266436	3	7	11
-568366367	3	7	9
-568405619	3	8	10
-568421291	9	9	15
-568664743	3	4	5
-568782008	3	7	12
-568787176	3	8	10
-568792132	3	8	11
-568859567	3	6	10
-568876564	3	7	12
-568883384	3	6	10
-569106984	3	6	9
-569143443	3	10	16
-569310776	3	7	12
-569402471	9	7	12
-569422407	3	8	14
-569435768	3	8	10
-569489224	3	6	10
-569528308	3	8	12
-569557959	3	8	10
-569578223	3	8	13
-569643883	3	5	9
-569785396	3	7	12
-570575039	3	8	10
-570577303	3	8	10
-570760808	3	8	13
-570934451	3	8	10
-571021363	3	8	12
-571326843	3	8	12
-571377323	3	7	11
-571484839	27	8	12
-571485523	3	7	11
-571502315	9	8	12
-571654751	3	6	10
-571770548	3	5	9
-571775755	3	6	10
-572084132	3	7	11
-572087291	3	6	9
-572114103	3	8	11
-572120548	3	8	13
-572221939	243	8	12
-572268055	27	8	12
-572275284	3	8	12
-572362836	3	8	12
-572560679	3	8	12
-572601415	3	6	10
-572737780	9	7	12
-572810984	3	8	12
-573056727	3	8	13
-573074376	3	8	13
-573101828	3	6	10
-573120803	3	10	17
-573156607	3	8	10
-573169827	3	8	13
-573313791	3	6	10
-573353683	3	6	9
-573435795	3	8	10
-573515987	3	8	12
-573546451	3	8	10
-573772055	81	8	12
-573864755	3	7	11
-573869579	9	9	16
-573946280	3	6	10
-573952516	3	7	12
-573983331	9	7	12
-574101208	3	6	11
-574154423	3	7	12
-574445791	3	7	12
-574529763	3	8	12
-574603087	27	8	12
-574627255	3	7	9
-574640980	3	8	11
-574794660	3	8	12
-574908539	3	6	9
-575040808	3	10	17
-575178179	3	8	13
-575248280	3	8	12
-575265755	3	8	14
-575340152	3	8	12
-575428955	3	6	10
-575437543	3	6	10
-575503279	3	8	10
-575525579	3	8	10
-575645547	9	7	12
-575689631	27	8	12
-575830671	3	6	10
-575902259	3	7	12
-575935336	27	8	12
-575991220	3	7	10
-576058135	3	8	14
-576162116	3	7	11
-576344995	3	7	10
-576477444	3	8	15
-576550427	3	7	11
-576643972	3	8	11
-576688116	3	8	12
-576713336	3	5	6
-576758920	3	8	13
-576863547	3	7	11
-577091588	3	6	9
-577203220	3	7	9
-577269487	3	7	13
-577480171	3	7	12
-577549403	3	5	6
-577750231	27	8	12
-577925215	3	9	15
-577983912	3	8	13
-578127736	3	5	9
-578174871	3	6	10
-578197451	9	7	12
-578341099	3	8	10
-578388516	3	8	10
-578392683	3	8	10
-578443407	3	8	10
-578451743	3	11	19
-578479231	3	7	11
-578591591	3	8	12
-578606963	3	7	12
-578717807	9	7	12
-578809019	3	6	10
-578899531	3	9	13
-579015991	3	8	12
-579150203	3	8	13
-579160756	9	8	12
-579369055	3	6	10
-579639811	3	6	9
-579808088	3	7	12
-579850143	3	8	12
-579853007	3	5	5
-579882035	3	5	9
-579928359	3	6	10
-579985331	27	8	12
-580025464	27	8	12
-580041967	3	8	10
-580132831	3	6	10
-580247555	3	8	12
-580270072	3	8	12
-580333343	9	6	10
-580449179	3	8	12
-580482696	3	7	11
-580505160	3	8	13
-580513208	3	11	19
-580635451	243	8	12
-580698079	3	8	13
-580705432	3	6	9
-580779555	27	8	10
-580864487	3	8	10
-580900947	3	8	12
-580971407	3	8	10
-581047763	3	8	10
-581060135	3	6	9
-581161215	3	8	11
-581217864	3	8	12
-581290116	3	6	10
-581406987	81	8	12
-581495179	3	8	10
-581550788	3	7	11
-581566820	3	8	12
-581603512	3	6	10
-581696159	3	6	10
-581792520	3	8	10
-581933672	3	6	9
-581971256	3	5	9
-582006691	3	6	10
-582023615	3	8	10
-582038419	3	5	6
-582090431	3	8	12
-582175907	3	8	12
-582262031	3	8	12
-582525211	3	7	11
-582590420	9	7	12
-582689512	3	8	12
-582727352	3	8	12
-582774979	9	8	13
-582786311	3	8	13
-582814003	3	8	13
-582945331	3	7	12
-583052743	3	5	6
-583110971	3	5	9
-583571283	3	6	10
-583580603	3	7	12
-583749523	3	8	11
-583795583	9	7	12
-583841704	3	7	11
-583971711	3	8	10
-584363339	3	6	10
-584379912	3	8	10
-584445143	3	8	13
-584470856	9	7	12
-584503832	3	10	15
-584518359	9	8	12
-584600871	3	6	10
-584628004	3	7	11
-584762323	3	8	14
-584806991	3	6	10
-584808103	3	8	12
-584893055	3	8	13
-584905083	3	10	19
-584976088	3	8	10
-585091531	3	6	10
-585297051	3	6	9
-585355684	3	5	6
-585441352	3	7	12
-585537131	3	8	10
-585668999	3	7	12
-585728043	3	10	19
-585738852	3	7	12
-585805748	3	7	11
-585837247	3	8	11
-585865028	3	7	11
-585892443	3	5	9
-585896307	9	7	12
-585984403	3	8	10
-585986052	3	8	13
-586018052	9	7	12
-586228372	3	7	11
-586346483	3	6	9
-586361951	3	8	10
-586443647	3	6	9
-586524955	3	7	12
-586668495	3	8	12
-586738408	3	6	10
-586933023	9	8	12
-586988211	3	8	10
-587013331	3	8	11
-587015815	3	8	13
-587037604	3	6	11
-587067688	3	8	10
-587090143	3	8	12
-587165412	3	7	11
-587231187	3	8	10
-587310467	3	7	11
-587426939	9	9	13
-587571287	3	8	12
-587596459	3	8	10
-587627880	3	8	13
-587677631	3	7	12
-587807971	9	8	12
-587869192	243	8	12
-588030683	3	8	11
-588066968	3	8	13
-588158596	3	7	12
-588209460	3	7	12
-588470303	81	8	12
-588473543	3	11	17
-588606312	3	6	9
-588682515	3	7	11
-588776488	3	6	9
-588784919	3	8	13
-588819055	3	6	10
-588833976	3	8	11
-588977423	3	7	12
-589108171	3	8	13
-589169467	3	7	12
-589190628	3	7	10
-589200971	3	7	11
-589341140	3	8	12
-589491688	3	8	10
-589606131	3	6	9
-589681252	3	11	16
-589826743	3	7	12
-589946555	3	7	12
-589978743	3	9	14
-590008552	3	7	12
-590011147	3	8	12
-590417851	9	8	12
-590482051	3	6	10
-590556599	3	8	12
-590563535	3	8	10
-590721827	3	7	11
-590915551	3	6	10
-591209599	3	6	11
-591227095	3	11	15
-591227723	3	8	12
-591232827	3	8	10
-591386159	3	8	12
-591491423	9	7	12
-591538859	3	6	10
-591846187	3	8	13
-591966516	3	8	10
-592069027	3	7	12
-592382472	3	6	10
-592403707	9	7	12
-592425235	3	8	13
-592441231	3	6	10
-592487591	3	8	12
-592518271	3	7	10
-592531087	3	6	10
-592548791	3	8	12
-592599284	9	7	12
-592607860	3	8	13
-592609539	3	8	13
-592647815	3	6	10
-592669543	3	6	10
-592768063	3	8	12
-592811092	3	6	9
-592968788	3	8	13
-592986979	3	8	12
-593074347	3	8	12
-593116267	3	7	9
-593285492	3	8	12
-593606559	3	7	12
-593616647	3	8	14
-593635192	3	6	10
-593718283	3	9	13
-593729591	3	8	10
-593796296	3	6	10
-593829435	27	8	12
-593835060	3	6	10
-593900239	3	8	13
-593936632	3	5	9
-593970035	3	6	10
-594082264	3	8	10
-594294047	3	8	13
-594335839	3	6	9
-594374964	3	11	17
-594448280	3	6	10
-594576488	3	8	10
-594707268	3	7	12
-594783231	3	7	9
-595010315	3	6	9
-595013791	3	7	12
-595018291	3	8	12
-595058263	3	7	12
-595168323	9	8	12
-595280687	3	6	9
-595478571	3	6	10
-595504751	9	8	12
-595515395	3	6	10
-595541047	3	8	13
-595567480	3	8	10
-595575395	3	7	12
-595589336	3	7	11
-595647363	3	8	12
-595712392	9	8	10
-595721587	3	6	10
-595741523	3	8	13
-595846183	3	7	10
-595928019	3	8	14
-595966740	3	7	9
-596122855	3	8	12
-596230728	3	8	12
-596250552	3	7	11
-596255327	9	8	12
-596265427	3	8	12
-596471923	27	8	12
-596490772	3	7	12
-596499864	3	8	12
-596519720	3	6	10
-596543492	27	8	12
-596554399	3	6	10
-596673255	27	8	12
-596871283	3	6	10
-596892184	81	8	12
-596920692	3	6	10
-597229615	3	8	10
-597307719	3	7	9
-597470323	3	6	10
-597548851	3	7	12
-597627347	3	7	11
-597697707	3	7	9
-597706440	27	7	12
-597719327	9	7	12
-597948859	3	6	10
-597987943	3	10	15
-598223779	3	7	11
-598273880	3	8	10
-598395012	3	7	12
-598409332	3	8	10
-598566991	3	8	10
-598707923	3	8	12
-598725095	3	8	15
-599025995	3	7	12
-599115560	3	8	10
-599193031	3	5	6
-599660884	27	8	10
-599735267	3	8	12
-600038743	3	7	11
-600383208	3	8	10
-600394371	3	8	12
-600397172	3	8	12
-600557915	3	6	10
-600713599	3	10	18
-600735695	3	8	12
-600755620	3	6	10
-600828379	3	8	10
-600857288	3	7	9
-600861864	3	6	8
-600906131	3	9	13
-600950415	3	6	9
-600975167	3	8	13
-601035587	3	6	10
-601132639	3	8	12
-601172287	3	6	9
-601404635	3	6	10
-601413531	9	7	10
-601442216	3	6	10
-601767399	3	6	10
-601834772	3	7	12
-601850855	3	6	9
-601907812	3	8	12
-602082151	3	5	6
-602142379	3	6	10
-602193851	3	7	12
-602374427	3	8	13
-602443640	3	8	12
-602578535	3	8	15
-602589423	3	8	10
-602616503	3	6	10
-602732383	3	8	12
-602753619	3	7	11
-602795384	3	11	18
-602798531	3	7	8
-602810987	3	7	11
-603158568	3	6	9
-603204148	3	6	11
-603217087	3	8	10
-603269668	3	7	12
-603393555	3	8	12
-603431684	3	8	12
-603454139	3	8	12
-603537223	3	8	12
-603632756	3	8	10
-603976756	3	6	10
-604144952	3	6	10
-604295679	3	8	10
-604445387	3	8	13
-604484612	3	8	10
-604574003	3	8	12
-604636644	9	7	12
-604732484	3	6	10
-604853735	27	8	12
-604951624	3	8	12
-605169323	3	7	9
-605219403	3	7	7
-605277059	3	7	11
-605298399	3	6	10
-605441327	3	5	6
-605529523	3	8	13
-605562520	3	7	10
-605614244	27	8	12
-605637419	3	7	12
-605650651	9	6	10
-605701736	3	9	11
-605703415	3	8	12
-605847271	3	6	10
-605863432	9	6	10
-605869295	3	8	13
-605969051	3	7	12
-606013368	3	8	10
-606019327	3	9	15
-606102859	3	8	10
-606142699	243	8	12
-606273955	3	8	13
-606319199	3	8	12
-606377047	3	7	9
-606463144	3	6	10
-606586584	3	5	9
-606586963	3	6	10
-606588472	3	8	10
-606666759	3	8	12
-606767667	3	6	9
-606913316	3	8	10
-607083492	3	8	12
-607120292	3	8	13
-607161512	3	8	11
-607330691	3	8	10
-607360324	3	10	18
-607675476	3	8	11
-607686943	9	8	10
-607701588	3	8	12
-607709395	9	9	15
-607846616	3	6	10
-607851623	243	8	12
-607918827	3	7	11
-607933427	3	8	10
-608008424	3	8	13
-608106803	9	8	10
-608175851	3	10	17
-608235591	3	7	10
-608306611	27	8	12
-608382703	3	7	12
-608424671	3	8	10
-608490823	3	8	10
-608577415	3	8	12
-608727396	3	6	10
-608992099	3	7	12
-609032683	3	5	6
-609128180	9	7	12
-609266019	81	8	12
-609360299	243	8	12
-609427891	2187	8	12
-609428939	9	8	12
-609597095	3	5	6
-609732548	3	9	14
-609835623	3	7	11
-609975895	3	8	12
-610249791	243	8	12
-610327823	3	6	10
-610732484	3	6	10
-610833911	3	8	14
-610856215	3	8	12
-610914155	3	8	13
-610980323	3	6	10
-611034791	3	7	12
-611180247	3	8	13
-611241124	3	8	12
-611256623	3	6	10
-611270159	27	8	12
-611301751	3	8	13
-611346919	3	6	9
-611388395	3	8	10
-611461140	3	8	10
-611498951	3	7	10
-611579492	3	8	10
-611708632	27	8	12
-611727483	3	8	10
-611746971	3	8	10
-611796495	3	7	9
-611805259	3	8	12
-611861695	3	6	10
-611939912	3	7	11
-612039607	3	7	12
-612084459	3	8	11
-612139304	3	8	10
-612169483	3	8	10
-612446971	3	10	18
-612488939	3	7	12
-612568687	3	8	10
-612661391	3	8	12
-612936347	3	8	10
-612939471	3	8	10
-612975383	3	5	6
-613067799	3	6	10
-613156196	3	8	13
-613180679	3	8	13
-613397332	3	8	12
-613412696	3	8	10
-613526735	3	8	10
-613627059	3	7	13
-613781095	3	7	11
-613821387	3	6	9
-613834187	3	6	9
-613846379	3	8	13
-613926671	3	7	12
-614004884	3	7	12
-614146327	3	8	13
-614166899	3	8	13
-614212136	3	8	13
-614270404	3	6	10
-614287959	3	8	10
-614324920	3	8	10
-614401399	3	5	6
-614420615	3	7	12
-614648164	9	7	12
-614704639	3	8	11
-614705908	3	8	12
-614735716	3	6	10
-614754184	3	6	10
-614757395	3	8	10
-614805783	3	8	13
-614889016	3	8	12
-614940503	3	7	9
-615080647	3	8	11
-615118891	3	7	11
-615455887	3	8	13
-615821896	3	8	10
-615822395	3	11	23
-615927304	3	6	10
-615955399	3	8	13
-616128331	3	6	10
-616173699	27	8	12
-616178795	3	8	10
-616227699	3	8	12
-616356379	3	8	10
-616409835	3	6	9
-616739108	3	8	11
-616756943	3	8	10
-616791379	3	8	12
-616942787	3	6	10
-617005736	3	6	10
-617073299	3	7	11
-617130644	9	8	10
-617357720	3	7	12
-617390887	3	8	14
-617460387	9	7	12
-617485768	3	7	11
-617704763	3	7	11
-617856499	3	7	12
-617866991	3	7	11
-618002855	3	8	13
-618143503	3	8	10
-618366707	3	8	12
-618456723	3	8	12
-618494308	3	8	13
-618559719	3	6	10
-618729979	3	9	13
-618747636	3	8	13
-618752431	3	8	14
-618858647	3	8	12
-619024079	3	8	13
-619303791	3	7	12
-619354243	3	6	10
-619375683	3	8	14
-619414671	3	8	10
-619435828	3	8	10
-619629416	27	8	12
-619653288	3	8	10
-619667907	3	7	12
-619714363	3	8	10
-619723011	3	7	12
-619960904	3	8	10
-620001223	3	6	10
-620112455	3	8	12
-620122799	3	7	12
-620231907	3	7	9
-620430955	3	6	10
-620442903	3	6	10
-620496911	3	7	12
-620498579	3	6	10
-620672387	3	6	10
-620686587	3	6	10
-620738447	3	8	12
-621159083	3	6	10
-621188852	3	8	12
-621351111	3	10	15
-621360283	3	8	12
-621367876	3	5	9
-621442083	3	7	11
-621610003	9	7	12
-621611167	3	6	10
-621621944	3	8	12
-621773192	3	7	12
-621943871	3	8	12
-622061512	3	6	9
-622112939	3	7	10
-622379828	9	8	12
-622397176	3	8	10
-622406152	3	7	11
-622487960	3	8	12
-622726743	3	8	13
-622752451	3	8	12
-622977671	3	6	9
-623069831	3	8	10
-623283607	3	8	10
-623305363	3	8	10
-623366435	3	8	13
-623421311	3	6	10
-623426408	3	8	13
-623482183	3	6	9
-623588667	3	6	10
-623729991	3	7	12
-623818955	3	6	10
-623966763	3	8	10
-624101867	3	8	13
-624278363	3	8	12
-624343224	3	6	10
-624366319	3	8	12
-624409307	3	6	10
-624665467	3	8	12
-624775003	3	6	9
-625009123	3	7	12
-625100759	3	8	11
-625236007	3	8	12
-625332980	3	6	9
-625586452	3	8	12
-625652079	3	9	15
-625652119	3	8	14
-625678919	3	6	10
-625836484	3	7	11
-625931771	9	8	12
-626016596	3	8	12
-626145176	3	8	11
-626205979	3	8	10
-626282051	3	11	17
-626332255	3	7	12
-626431687	3	7	12
-626480563	3	8	12
-626539528	9	8	12
-626933944	3	8	10
-627031384	3	8	12
-627631819	3	8	10
-627644831	3	5	9
-627824443	3	8	10
-627891803	3	8	10
-628132827	3	8	10
-628191336	3	8	13
-628256239	3	6	10
-628424819	3	7	11
-628475799	3	7	11
-628526296	243	8	12
-628663987	3	7	12
-628665563	3	8	12
-628727012	3	8	12
-628785271	3	6	10
-628822419	3	8	13
-628826804	3	6	10
-628838468	3	8	12
-628869588	3	8	12
-628922479	3	8	10
-629008439	3	8	12
-629284211	3	7	9
-629393171	3	10	17
-629404923	3	6	11
-629416895	3	8	10
-629446967	3	10	15
-629564052	3	8	10
-629637992	3	7	12
-629671939	3	6	10
-629701860	3	7	12
-629702403	3	8	14
-629730359	3	5	6
-629868895	3	6	10
-629948744	3	7	11
-629958199	3	8	12
-630080887	3	6	10
-630210323	3	6	10
-630236903	3	8	12
-630239992	243	8	12
-630407319	3	6	10
-630469972	3	9	13
-630575979	3	8	12
-630696099	3	8	13
-630785215	27	7	12
-630810267	3	6	10
-630842143	3	8	12
-630902116	3	7	12
-630925619	3	8	10
-631151699	3	8	12
-631153651	3	8	14
-631338056	3	7	12
-631341940	3	6	10
-631348779	3	6	10
-631366264	3	8	13
-631552579	3	8	13
-631591043	9	7	12
-631794063	3	7	11
-631881111	3	8	12
-632088664	3	8	12
-632270291	3	6	10
-632277823	3	8	12
-632431571	3	8	10
-632520267	3	8	10
-632713091	3	6	10
-632802947	3	9	15
-632898011	3	8	10
-633125647	27	8	12
-633297747	3	8	12
-633318227	3	8	10
-633324019	3	8	10
-633367759	3	8	12
-633452344	3	5	6
-633619787	81	8	12
-633623279	3	7	12
-633640555	3	7	12
-633791839	3	7	11
-633863183	3	8	12
-633909515	3	8	10
-633929015	3	8	12
-634128799	3	7	12
-634253636	3	8	13
-634271791	3	7	9
-634522159	9	8	10
-634554203	3	8	12
-635114111	3	8	12
-635277191	3	8	10
-635313547	3	6	10
-635414392	9	6	10
-635539736	3	6	10
-635611547	3	10	23
-635628503	3	7	11
-635766932	243	8	12
-635873883	9	8	10
-636135828	3	8	10
-636263643	3	7	12
-636283115	3	8	12
-636327503	3	7	12
-636540292	27	8	12
-636698899	3	7	14
-636731615	3	6	10
-636913427	3	5	9
-636913860	3	6	10
-637122644	3	7	9
-637129815	3	7	7
-637298059	3	8	12
-637379976	3	8	11
-637500311	3	8	9
-637659716	3	6	10
-637681528	3	7	10
-637693339	3	6	10
-637739027	3	10	17
-637748852	3	8	12
-637753343	3	8	12
-638163659	3	7	11
-638344632	9	8	13
-638386123	3	8	13
-638401667	3	6	11
-638403560	3	8	12
-638471543	3	8	10
-638502104	3	6	10
-638632571	3	9	13
-638737095	81	8	12
-638786739	3	8	12
-638862871	3	7	11
-638963123	9	6	10
-638995332	3	6	9
-639033591	3	8	10
-639054715	3	8	11
-639064244	3	8	12
-639204299	3	7	12
-639307679	3	8	13
-639338039	3	8	13
-639383495	3	6	9
-639835108	3	8	12
-640075668	3	6	10
-640171172	3	6	10
-640183223	3	6	10
-640234263	3	10	13
-640258807	3	5	9
-640309303	3	8	14
-640482139	3	8	13
-640483487	3	8	13
-640588244	3	7	12
-640884207	3	8	12
-640948279	3	7	12
-641327496	3	7	11
-641333947	3	8	12
-641357159	3	8	10
-641458883	3	8	14
-641506439	3	8	11
-641694135	3	8	12
-641760519	3	7	12
-641767227	3	8	13
-642218599	3	6	10
-642307411	3	6	9
-642462379	3	6	10
-642513711	3	8	10
-642522287	3	5	6
-642528811	243	8	12
-642588340	3	7	11
-642740363	9	9	13
-642861283	3	8	12
-642870823	3	8	12
-642934183	3	8	13
-642982947	3	8	12
-642989156	3	8	13
-643033304	81	8	12
-643037944	3	6	9
-643051607	3	10	16
-643065688	3	5	6
-643286564	3	8	10
-643380740	3	8	13
-643436999	3	8	12
-643461839	3	8	13
-643670111	81	8	12
-643681607	3	7	10
-643700020	3	8	13
-643757908	3	8	12
-643764212	3	7	12
-644006312	3	9	14
-644077183	3	8	15
-644120340	3	8	12
-644137444	3	6	10
-644205899	3	8	10
-644291607	3	10	18
-644303732	3	8	11
-644332279	3	8	11
-644391752	3	6	9
-644566523	3	6	10
-644569064	3	7	11
-644577195	3	7	12
-644691767	3	8	13
-644701879	3	8	12
-644821283	3	6	10
-644843779	3	8	11
-644843912	3	9	15
-645021012	3	8	12
-645724996	3	8	10
-645736447	3	8	12
-645770695	3	5	8
-645812035	3	8	12
-645903652	3	8	13
-646036644	27	7	12
-646094095	81	7	12
-646162859	3	5	6
-646269503	3	6	10
-646364283	3	6	10
-646632779	9	7	12
-646669939	3	7	12
-646795396	3	6	9
-646894111	3	7	9
-646925919	3	6	9
-646982023	3	8	12
-647024552	3	9	15
-647146504	3	8	12
-647149883	3	6	9
-647299011	3	8	10
-647312807	3	7	11
-647343343	3	8	13
-647413943	3	7	12
-647510107	3	8	15
-647515960	3	6	10
-647640803	3	7	11
-647651995	3	6	9
-648125944	3	7	12
-648439588	3	8	10
-648621627	3	8	12
-648710967	3	8	10
-648732615	3	7	12
-648767732	3	7	11
-648804511	3	6	10
-649078984	3	6	10
-649425799	3	7	12
-649432311	3	7	11
-649438835	3	6	10
-649448591	3	7	11
-649451492	3	5	6
-649531444	3	8	10
-649811764	3	7	12
-649835864	81	7	12
-650117559	3	6	9
-650183155	3	10	17
-650185087	3	9	14
-650338404	3	8	12
-650420948	3	5	9
-650635444	3	8	13
-650761415	3	6	10
-650799147	3	8	13
-651252788	3	6	10
-651318968	3	8	12
-651418183	3	8	11
-651595199	3	6	10
-651677695	3	10	16
-651697979	3	7	11
-651840168	3	7	12
-651857019	3	7	11
-651894983	3	6	10
-651999716	3	6	9
-652005051	3	10	15
-652048131	3	6	10
-652062260	3	8	10
-652123384	9	8	13
-652206903	3	6	10
-652214431	9	8	13
-652259807	3	6	9
-652313131	3	6	10
-652374067	3	8	12
-652481987	3	6	10
-652535879	3	8	13
-652593999	3	8	10
-652603751	3	8	12
-652742835	27	8	12
-652751331	3	8	10
-652797643	3	7	11
-652800603	3	8	12
-652912264	3	6	10
-652947151	3	5	5
-652961319	3	8	10
-653001448	3	5	6
-653069047	3	11	16
-653132747	3	8	11
-653276039	3	4	5
-653413559	9	7	12
-653513511	3	8	12
-653688488	3	8	10
-653744991	3	8	13
-653835188	9	7	12
-653909752	3	7	10
-653925247	3	7	12
-654079079	3	8	12
-654241215	3	8	12
-654344888	3	8	12
-654371684	3	9	13
-654406456	243	8	12
-654450547	3	7	11
-654468319	3	6	9
-654515579	3	6	10
-654630216	9	8	12
-654633547	3	6	10
-654668563	3	8	10
-654684655	3	6	9
-655118456	3	10	16
-655128856	81	8	12
-655294747	3	6	9
-655295087	3	6	10
-655470484	9	7	12
-655653656	3	7	11
-655745588	3	6	9
-655754843	3	8	13
-655759803	3	8	14
-655828827	9	5	6
-655840068	3	8	13
-656006196	27	8	12
-656007428	3	10	15
-656056263	3	8	11
-656192744	81	8	12
-656438648	3	8	10
-656484351	3	7	9
-656689247	3	8	10
-656726772	3	8	12
-656729511	3	8	12
-656756088	3	6	9
-656762651	9	8	13
-656772563	3	5	9
-656782580	3	7	12
-656879683	3	7	12
-656975147	3	8	11
-656989115	3	6	10
-657023336	9	8	13
-657120120	3	8	13
-657121687	3	7	12
-657127039	9	8	12
-657148147	3	8	12
-657269416	3	8	10
-657407039	3	8	13
-657412232	3	8	13
-657543091	3	8	12
-657612327	729	8	12
-657615759	3	8	12
-657868079	9	8	10
-657903695	3	8	13
-658044703	3	8	13
-658047288	3	6	10
-658376952	3	7	12
-658379732	3	6	9
-658443631	3	8	10
-658465187	3	9	15
-658509731	3	7	12
-658646792	3	7	12
-658680520	3	8	12
-658710439	3	8	13
-658871911	3	9	15
-658992379	3	8	10
-659007915	3	8	10
-659054824	6561	8	12
-659062859	3	8	10
-659069060	3	8	12
-659169528	3	8	10
-659251507	3	6	10
-659258407	3	8	12
-659288755	9	7	12
-659295156	3	7	12
-659413707	3	9	16
-659538771	3	8	12
-659549767	3	8	12
-659584568	3	6	10
-659586052	3	5	6
-659636419	9	8	12
-659655499	9	8	12
-659754391	3	9	13
-659760247	3	8	12
-659974955	3	8	12
-660003811	3	8	12
-660269928	3	8	15
-660275204	3	6	9
-660328039	3	8	11
-660502859	3	5	5
-660578695	3	6	10
-660612011	3	8	10
-660715204	3	8	10
-660797967	3	8	12
-660853707	3	6	10
-660878708	3	11	18
-660954703	3	6	10
-661033320	3	8	13
-661130459	9	8	12
-661258264	27	8	12
-661299467	3	6	10
-661406932	3	7	11
-661549483	3	7	11
-661599007	3	6	9
-661745688	3	6	10
-661775399	3	8	12
-661807391	3	6	10
-661821416	3	7	12
-661870715	3	7	12
-661875963	3	8	12
-661989239	3	5	9
-661998199	3	8	13
-662102099	3	6	10
-662272484	9	8	12
-662586647	3	6	10
-662807119	9	8	12
-662904679	9	7	12
-663002231	9	7	12
-663006355	3	6	10
-663126571	3	9	13
-663127320	3	7	9
-663278568	3	8	13
-663323111	3	8	12
-663585483	3	8	12
-663617811	3	8	10
-663687219	3	8	12
-663698216	9	8	12
-663760024	3	7	11
-663808603	3	6	10
-663816963	3	8	12
-663930004	9	8	12
-663948772	3	8	12
-664012939	3	8	13
-664309795	3	8	11
-664429931	3	10	18
-664584724	81	8	12
-664655495	3	6	9
-664740772	3	8	9
-664846387	3	9	15
-665004280	3	6	10
-665011399	3	7	12
-665085608	27	8	12
-665118915	3	6	10
-665152739	3	6	10
-665324344	3	8	10
-665667624	3	6	10
-666161416	3	8	13
-666162872	3	6	10
-666183899	3	6	10
-666205355	9	5	6
-666252751	3	7	12
-666266999	3	8	10
-666368443	3	8	13
-666370119	3	8	13
-666556939	3	6	10
-666872219	3	8	12
-666954740	3	5	9
-667220043	3	8	11
-667385295	3	8	10
-667558219	3	6	10
-667563639	3	7	11
-667578163	3	8	13
-667794351	3	6	10
-668086388	3	8	11
-668090543	3	8	12
-668142407	9	8	12
-668163572	3	7	10
-668189092	3	7	11
-668239307	3	8	10
-668302323	3	8	10
-668372231	3	7	12
-668414548	3	6	10
-668522955	27	8	12
-668835203	3	7	12
-668853167	3	8	13
-668859499	3	6	10
-668923064	3	6	10
-668961043	3	6	10
-669017939	3	7	11
-669110888	3	6	10
-669114811	3	7	12
-669151579	3	7	12
-669198347	3	6	10
-669248283	3	10	17
-669258228	3	9	15
-669351752	3	8	12
-669361163	3	8	10
-669439843	3	8	11
-669449443	3	8	12
-669541908	3	7	12
-669545695	3	7	12
-669558479	3	6	10
-669622271	3	6	9
-669681707	3	8	12
-669776023	3	6	9
-669790427	3	8	11
-669808168	3	8	10
-669971983	3	6	10
-670172248	3	7	11
-670309316	3	8	13
-670454083	3	8	14
-670457320	3	8	14
-670535923	3	6	10
-670734948	3	6	10
-670882179	3	8	12
-670951879	3	8	13
-671006123	3	8	13
-671016543	3	6	10
-671038399	27	8	12
-671142111	3	10	18
-671237732	3	8	13
-671238563	3	8	12
-671241967	3	6	10
-671444776	3	8	14
-671457023	3	8	10
-671517031	9	6	10
-671592907	3	8	12
-671643227	3	8	13
-671720035	3	8	12
-671729727	3	8	10
-671798803	3	6	10
-672113723	3	6	8
-672157663	3	8	14
-672260615	3	6	10
-672313028	3	6	10
-672313531	9	8	12
-672425231	3	6	10
-672471859	3	6	10
-672595188	3	5	6
-672686936	3	8	10
-672750159	3	8	10
-672772399	3	8	9
-673019531	3	8	13
-673253556	3	8	10
-673288808	3	8	10
-673352051	3	8	12
-673400339	3	6	10
-673434199	3	8	11
-673468327	9	7	12
-673764835	3	10	19
-673768267	3	7	11
-674020015	3	8	12
-674076131	3	8	14
-674288331	3	8	13
-674298003	3	6	9
-674370407	3	7	12
-674409739	3	8	13
-674745236	3	8	13
-674756167	3	6	10
-674863720	3	8	10
-674998836	3	6	10
-675158143	3	7	11
-675163967	3	8	12
-675231428	3	8	10
-675272083	81	8	12
-675307203	3	8	13
-675418835	3	6	10
-675436443	3	4	4
-675496196	3	8	11
-675640427	3	9	15
-676035019	3	6	10
-676127892	3	6	10
-676294827	3	8	13
-676469867	3	8	11
-676505531	3	8	13
-676558515	3	7	12
-676562063	3	8	12
-676635599	3	8	13
-676696344	3	8	10
-676711695	9	7	12
-676800872	3	5	6
-676928507	3	8	13
-676933352	3	8	13
-676942763	3	10	16
-676958712	3	8	12
-677002171	3	8	10
-677094259	3	8	13
-677163935	3	8	10
-677233283	3	8	14
-677366792	3	6	9
-677424171	9	7	12
-677448283	9	7	12
-677489459	3	7	12
-677567707	3	5	6
-677629671	3	8	12
-677826920	3	7	12
-677952907	3	8	12
-677953828	3	8	10
-678038595	3	7	11
-678095231	3	6	9
-678237531	3	8	10
-678253703	3	6	10
-678347483	3	7	12
-678438091	81	8	12
-678514063	3	7	7
-678527111	3	8	12
-678680431	3	8	13
-678681923	3	8	12
-678692420	3	6	10
-678745495	3	9	15
-678827832	3	7	12
-678935135	3	6	9
-679028639	3	8	14
-679118995	9	7	12
-679201016	3	8	12
-679328227	3	8	13
-679392596	27	8	12
-679446296	3	8	12
-679457319	3	8	10
-679467995	3	8	10
-679670616	3	6	10
-679789896	3	6	9
-679848907	3	7	11
-679910611	3	8	15
-679911316	3	6	9
-680073716	3	6	10
-680087795	3	8	10
-680138247	3	8	13
-680175751	3	8	11
-680188443	3	8	10
-680226196	3	8	12
-680306196	3	6	10
-680316191	3	8	12
-680490527	3	6	10
-680639747	3	6	10
-680715880	3	8	12
-680776532	3	7	11
-680834711	3	7	9
-680953827	3	8	10
-680982488	3	8	12
-681004795	3	6	10
-681230131	9	9	13
-681259215	3	8	11
-681300391	3	8	12
-681376580	3	5	6
-681410643	3	8	10
-681413935	3	7	9
-681575176	729	8	12
-681745619	3	7	9
-681975367	3	8	13
-681993419	3	8	10
-682025239	3	11	17
-682096904	3	8	12
-682111380	3	8	10
-682583860	3	7	9
-682627864	3	6	10
-682673531	81	8	12
-682809491	3	6	9
-682819183	3	6	11
-682924315	3	6	10
-683049972	81	8	12
-683092499	3	8	12
-683186195	3	10	14
-683433859	9	9	15
-683445284	3	8	10
-683693704	3	8	13
-683715403	3	5	6
-683762343	3	6	10
-683854291	3	8	13
-684040403	27	8	12
-684085007	3	8	13
-684247163	3	8	12
-684312627	3	7	9
-684368491	27	8	12
-684473199	3	6	10
-684535267	3	8	10
-684652027	3	6	8
-684693431	3	8	12
-684766183	3	11	18
-684806699	27	8	12
-684823012	3	8	13
-684956728	3	6	9
-684956823	3	9	14
-685051495	3	6	10
-685098571	3	8	13
-685215192	3	8	10
-685262951	3	6	8
-685418847	3	8	13
-685716767	27	8	12
-685733736	3	11	18
-685890451	3	7	12
-686039307	3	5	9
-686062968	3	8	10
-686095044	9	7	12
-686099384	243	8	12
-686101511	3	7	12
-686113995	3	8	12
-686128495	3	7	12
-686280495	3	6	10
-686436683	3	11	28
-686439615	3	5	9
-686446931	3	8	13
-686486135	3	6	10
-686522292	3	7	11
-686626631	3	8	11
-686670420	3	8	10
-686691923	3	6	10
-686710643	3	6	10
-686778359	3	8	12
-686795099	3	8	13
-686882407	3	8	10
-686939123	3	8	12
-687022451	3	8	10
-687053455	3	6	10
-687080131	9	8	12
-687083284	3	7	9
-687143768	3	7	11
-687236503	3	7	12
-687242839	3	6	10
-687256783	3	11	11
-687306199	3	8	13
-687379163	3	6	10
-687386660	3	8	11
-687432163	3	8	11
-687612671	3	8	10
-687672911	3	6	9
-687726643	3	8	12
-687799407	3	4	5
-687813683	3	6	9
-688146164	9	8	10
-688229635	3	8	11
-688285671	3	7	12
-688296327	3	8	13
-688321787	3	8	12
-688544260	3	8	14
-688636023	3	8	11
-688666771	3	8	17
-688690871	3	7	11
-688709199	3	8	12
-688747507	3	8	12
-688969031	3	8	12
-688983880	3	8	12
-689003391	3	8	12
-689176483	3	8	12
-689390756	3	8	10
-689500235	3	8	12
-689694591	3	8	10
-689749332	3	6	9
-689912543	3	8	10
-690020164	3	8	12
-690162904	3	7	12
-690328543	3	8	12
-690409451	3	8	10
-690499963	3	8	12
-690548695	3	8	12
-690715880	3	6	10
-690803295	3	8	11
-690848979	3	6	10
-691131607	3	8	12
-691156708	9	7	12
-691205531	3	8	10
-691316852	3	6	10
-691446451	3	8	10
-691566011	3	6	10
-691578403	3	8	13
-691581540	3	8	13
-691595795	3	7	9
-691617988	3	6	10
-691652103	3	8	13
-691681307	3	7	9
-691751395	3	6	10
-691913711	3	6	10
-692001448	3	7	11
-692119903	3	6	10
-692395215	3	8	12
-692672311	3	8	13
-692810783	3	8	12
-692861188	3	8	12
-692970415	3	8	12
-693002263	3	8	14
-693113844	3	7	11
-693265231	3	9	14
-693275368	3	7	12
-693293035	3	8	10
-693296383	3	8	12
-693558751	3	8	10
-693560324	3	8	12
-693727607	3	6	10
-693754547	3	8	12
-693814963	3	6	10
-693965815	3	8	12
-693990503	9	6	9
-694041503	3	11	19
-694123583	3	8	12
-694282831	3	8	11
-694408395	9	8	10
-694497992	3	8	13
-694541103	3	8	13
-694562708	3	8	13
-694580995	3	7	11
-694595256	3	8	13
-694642459	3	8	12
-694848163	3	8	13
-695034260	3	8	10
-695087855	3	8	12
-695337323	3	6	10
-695386687	3	5	9
-695413651	3	6	10
-695429188	3	6	10
-695496856	3	8	10
-695508323	3	8	10
-695746567	9	7	12
-695842564	729	8	12
-695990499	3	6	10
-696042856	27	8	12
-696172223	3	6	10
-696206191	3	8	12
-696328692	3	6	10
-696358920	3	6	9
-696629803	27	7	12
-696918567	3	8	12
-696944616	3	6	10
-696979579	9	8	13
-697187291	3	8	12
-697224863	3	8	10
-697378756	3	7	12
-697486655	3	6	10
-697499720	3	8	10
-697637191	3	6	10
-697789252	3	7	11
-697941703	3	6	10
-698035012	3	8	12
-698344187	3	8	11
-698680344	3	8	12
-698742248	3	6	10
-699102731	3	8	13
-699107503	3	8	10
-699252619	3	6	10
-699383787	3	8	13
-699409587	3	6	10
-699435599	3	6	9
-699455843	3	7	11
-699560087	3	8	11
-699610479	3	8	12
-699639112	3	7	9
-699692503	3	7	10
-699722659	3	7	12
-699750319	3	7	11
-699902871	3	8	12
-699934408	243	8	12
-700031044	3	8	12
-700057507	3	8	10
-700080311	3	8	11
-700192491	3	5	5
-700200815	3	8	10
-700330607	3	8	12
-700379835	3	5	9
-700442351	3	5	9
-700466567	3	7	12
-700509080	3	8	10
-700623971	3	8	12
-700634127	3	9	11
-700774696	3	6	10
-700979860	3	8	11
-701278727	3	8	13
-701289707	3	10	19
-701485879	9	6	9
-701586136	3	6	10
-701633743	3	6	9
-701700379	3	7	12
-701828788	3	6	10
-701845107	3	7	9
-701857992	3	8	10
-701864776	3	7	12
-701883771	3	7	12
-701913496	3	6	10
-701963755	3	6	11
-702063947	3	8	13
-702103924	3	9	16
-702175719	3	7	12
-702344248	3	8	14
-702378728	3	9	13
-702379963	3	8	10
-702499832	3	10	17
-702502395	3	6	10
-702758563	3	7	11
-702836283	27	8	12
-702851476	3	7	9
-702872264	3	7	12
-702938920	27	8	12
-703075015	3	6	10
-703077743	3	8	15
-703189444	3	7	11
-703297511	3	7	11
-703340148	3	8	13
-703385967	3	8	12
-703391528	3	6	10
-703449735	3	8	13
-703667723	3	7	11
-703701659	3	8	13
-703754035	3	8	11
-703775071	3	8	10
-704097011	9	8	12
-704162535	3	7	11
-704169931	3	5	9
-704247791	3	8	12
-704303428	3	8	12
-704566011	9	7	12
-704733151	3	8	13
-704808132	3	11	18
-704863592	3	8	10
-704920155	3	8	12
-704923048	3	7	12
-705180647	3	6	10
-705229883	3	8	10
-705324280	3	8	12
-705332383	3	7	9
-705335695	3	8	13
-705466247	3	8	12
-705922207	3	6	10
-705960931	3	8	12
-705989348	3	7	11
-706110763	3	4	5
-706149987	3	5	5
-706150927	3	8	12
-706159220	3	8	13
-706318855	3	11	18
-706359268	3	10	14
-706433863	9	8	12
-706477944	3	8	12
-706674211	9	7	12
-706726187	3	8	12
-706960264	3	6	10
-706981295	3	6	10
-707017587	3	8	12
-707077444	3	8	10
-707317907	3	7	9
-707351191	3	7	9
-707536639	3	6	10
-707562536	3	8	10
-707619480	81	8	12
-707678143	3	8	10
-707791156	3	6	9
-707819019	3	11	17
-707845819	3	7	11
-707899883	3	8	12
-707986491	3	9	16
-708001583	3	8	13
-708070631	3	7	12
-708274916	3	6	10
-708301463	3	8	12
-708353795	3	8	12
-708382167	3	6	10
-708392395	3	8	12
-708591047	3	8	13
-708664055	3	7	11
-708804008	3	6	10
-708899459	9	9	13
-708912728	3	8	10
-708914612	3	7	11
-709176259	81	8	12
-709299384	3	8	10
-709328431	3	8	10
-709485871	3	10	16
-709539099	3	8	13
-709683828	3	5	9
-709701256	3	9	15
-709788779	3	7	12
-709817503	3	6	10
-709920323	3	7	12
-710055319	3	7	12
-710180391	3	8	10
-710182483	3	7	11
-710240360	3	8	12
-710254596	3	8	10
-710280820	9	8	12
-710386007	3	8	14
-710401759	3	9	16
-710430663	3	6	10
-710505427	3	6	9
-710677371	3	8	13
-710901859	3	7	12
-710940695	3	8	10
-710954067	3	6	10
-710961591	3	8	10
-711060328	3	8	12
-711100868	3	8	12
-711408404	3	7	12
-711429591	3	6	9
-711592980	3	6	10
-711603559	3	5	6
-711695119	3	9	15
-711729115	3	8	13
-711813176	729	8	12
-711863903	3	8	15
-711984635	3	8	13
-712004383	3	8	10
-712055003	3	8	12
-712120868	3	6	10
-712517251	3	6	10
-712525963	3	11	17
-712564420	3	7	10
-712575419	729	8	12
-712654980	3	7	12
-712661147	3	8	10
-712752763	3	6	10
-712755863	3	9	13
-712772836	3	7	9
-712818456	3	8	12
-712882447	3	6	10
-713133527	27	8	10
-713142488	3	8	11
-713151060	3	8	17
-713254331	3	8	13
-713442551	3	7	7
-713456331	3	10	18
-713548171	3	7	11
-713596803	3	6	10
-713603316	3	6	9
-713638135	3	8	12
-713663835	3	6	10
-713745268	3	6	10
-713774571	3	8	13
-713814235	3	8	13
-713869463	3	5	9
-713908376	3	8	10
-714223615	3	6	9
-714251112	3	8	12
-714305204	3	6	10
-714338036	9	8	10
-714363320	3	6	9
-714512004	3	8	11
-714547247	3	6	9
-714686515	3	6	10
-714839092	3	8	13
-715131956	3	8	12
-715458423	3	7	11
-715612328	3	8	13
-715858159	3	7	10
-715870084	3	8	12
-716088279	9	7	12
-716247091	3	9	13
-716408340	3	8	14
-716450452	3	6	9
-716472827	3	6	9
-716594811	3	6	10
-716654303	3	8	10
-716714735	81	8	12
-716826287	3	5	6
-716876655	3	8	13
-717088091	3	8	12
-717101336	3	8	13
-717101439	3	8	12
-717203924	9	8	13
-717391599	3	8	13
-717426299	3	7	11
-717605576	3	8	10
-717614376	3	8	13
-718024819	3	6	10
-718043428	3	10	14
-718136692	3	6	10
-718158088	27	8	12
-718340651	3	8	13
-718470804	3	6	10
-718520483	3	6	10
-718558667	27	7	12
-718572356	3	8	13
-718631359	3	6	10
-718701459	3	6	9
-718808959	3	8	10
-718869988	3	6	10
-718974763	9	7	12
-719017655	3	8	10
-719053599	3	7	11
-719123263	3	8	12
-719154103	3	6	9
-719169899	3	8	12
-719229247	3	7	11
-719251487	243	8	12
-719363455	3	8	13
-719389759	9	7	12
-719429624	3	6	8
-719508248	243	8	12
-719583892	3	8	13
-719600632	3	8	13
-719607415	3	8	10
-719708596	9	8	12
-719858715	3	11	19
-719927139	3	8	10
-719985191	3	8	12
-720174731	9	7	12
-720185124	3	7	12
-720229031	3	6	9
-720278983	3	9	13
-720286955	3	8	12
-720308168	3	8	12
-720435487	3	8	11
-720540763	3	8	12
-720806104	3	4	4
-720807915	3	7	12
-721045704	3	7	11
-721050407	3	8	14
-721139064	3	6	10
-721287167	3	8	12
-721303487	3	8	13
-721304587	3	6	9
-721466468	3	6	10
-721489999	3	7	11
-721500968	3	7	12
-721705380	3	5	9
-722187240	3	8	13
-722256344	9	8	12
-722274095	3	6	10
-722374879	3	8	13
-722660203	3	8	13
-722903876	9	8	12
-722954383	3	7	11
-723058627	9	6	10
-723365507	3	7	12
-723404280	3	7	11
-723523940	3	9	13
-723573060	3	7	11
-723619759	3	8	11
-723630039	9	5	6
-723661860	3	7	12
-723723567	3	7	11
-723736056	3	6	10
-723876691	3	6	10
-723905771	3	7	10
-723960136	3	7	11
-724125192	3	6	10
-724164199	3	8	10
-724330087	3	8	10
-724439976	3	8	12
-724544255	3	6	10
-724611671	3	7	7
-724660532	3	6	10
-724754543	3	8	13
-724766920	3	8	13
-724872163	81	8	12
-725053720	3	6	9
-725454548	3	7	10
-725516171	3	8	12
-725743003	3	8	10
-725782820	3	8	12
-725833579	3	8	12
-725856799	3	8	13
-725872703	3	8	10
-725887624	3	8	10
-726019480	3	7	12
-726191608	3	8	10
-726194431	3	8	10
-726338724	3	7	10
-726447467	3	8	13
-726593347	3	7	12
-726780999	3	6	9
-726802547	3	8	14
-726959327	3	6	9
-726963668	3	6	10
-726985508	3	8	17
-726998747	3	8	14
-727127411	3	8	12
-727409491	3	5	8
-727439236	3	7	12
-727560311	3	9	18
-727578559	3	8	10
-727628663	3	8	12
-727647880	3	6	11
-727657368	3	8	14
-727819703	3	6	10
-727865396	3	8	10
-727903508	9	8	12
-727918564	3	8	12
-727923032	3	6	10
-728004116	3	8	10
-728081167	3	6	10
-728151463	3	7	11
-728196388	3	8	12
-728218039	3	6	10
-728449067	3	6	10
-728580536	9	8	12
-728656771	3	7	11
-728782763	3	8	12
-728797163	3	7	7
-728900708	3	7	11
-729013940	3	8	12
-729050027	729	8	12
-729076772	3	8	12
-729234363	3	8	13
-729253407	27	8	12
-729506627	3	6	10
-729691903	3	8	12
-729753271	3	11	20
-729803396	9	7	12
-729986727	9	8	10
-730072499	3	6	10
-730090111	9	8	12
-730099211	3	8	11
-730148696	3	7	11
-730162547	3	8	14
-730284216	729	8	12
-730369615	3	8	12
-730523103	3	6	10
-730721572	3	8	12
-730724647	3	8	10
-730789832	3	10	15
-730793911	9	9	15
-730818363	9	7	12
-730820471	3	8	12
-730921651	3	8	12
-730938043	3	7	11
-731132951	3	8	10
-731382151	3	5	5
-731445855	3	8	10
-731640603	3	6	10
-731696671	3	11	18
-731766415	3	8	14
-731935704	3	8	12
-732014923	3	8	13
-732022168	3	6	9
-732060408	3	8	13
-732089908	3	9	15
-732117227	3	6	10
-732185679	3	8	12
-732216856	9	8	12
-732290852	3	8	11
-732476695	729	8	12
-732499959	3	7	10
-732737927	3	6	10
-732739667	3	8	13
-732741987	3	8	10
-732936703	3	8	13
-732976591	3	6	10
-732984567	3	8	12
-733054952	3	8	12
-733102152	3	6	10
-733285491	3	7	9
-733352584	3	8	13
-733355967	3	8	10
-733387099	3	8	10
-733461983	3	8	12
-733531668	3	8	14
-733735463	3	8	10
-733776996	9	8	12
-733806852	3	6	10
-734172164	81	8	12
-734236307	3	6	10
-734255195	3	7	9
-734314363	3	6	9
-734331863	9	8	12
-734336419	3	8	12
-734351939	3	8	13
-734430091	3	6	10
-734433383	3	9	13
-734453743	3	6	10
-734462776	3	5	6
-734697128	3	8	10
-734725931	3	6	10
-734862596	243	8	12
-734881935	3	7	10
-734908040	3	8	14
-735008995	3	6	10
-735068283	3	7	11
-735085112	3	7	11
-735110619	3	8	13
-735158063	3	6	9
-735190004	3	7	11
-735233063	3	8	10
-735352340	3	8	11
-735438232	3	8	13
-735797407	3	6	9
-735877067	3	6	10
-735881768	3	6	10
-735919539	3	8	12
-735977123	3	8	12
-736041428	3	6	10
-736043051	3	8	11
-736055035	3	7	12
-736055447	3	8	10
-736084612	3	6	9
-736155944	3	8	12
-736313027	3	8	13
-736321747	3	5	5
-736479347	3	8	12
-736521055	3	8	13
-736529127	3	6	9
-736541135	3	8	13
-736627447	3	8	12
-736681252	3	7	12
-736763383	9	9	13
-736810223	3	8	13
-736828495	3	8	12
-737096152	3	8	10
-737144323	3	8	10
-737221731	3	6	10
-737313656	27	8	12
-737323192	3	7	12
-737358511	3	7	10
-737450804	3	8	12
-737585767	3	8	12
-737749563	3	8	13
-737777732	3	7	11
-737782548	3	8	12
-737948804	3	5	6
-737953995	81	8	12
-738064839	3	8	10
-738175835	3	5	7
-738198616	3	6	10
-738231571	3	8	13
-738284315	3	7	11
-738297143	3	6	9
-738418099	3	8	13
-738503035	3	6	10
-738521396	3	11	18
-738703220	3	8	10
-738967351	3	7	12
-739063459	3	7	10
-739452199	3	8	12
-739523255	3	8	12
-739585335	3	6	9
-739653972	3	6	9
-739781871	3	8	13
-739897752	3	8	12
-739922952	2187	8	12
-740008011	3	6	10
-740038660	81	8	12
-740115967	3	6	10
-740116751	6561	8	12
-740144723	3	8	10
-740195512	3	8	13
-740200008	3	8	10
-740208491	9	5	6
-740231047	3	7	11
-740311899	3	8	12
-740401163	3	9	13
-740601139	3	8	12
-740807447	3	8	11
-740816863	3	8	12
-740828692	3	7	11
-740871367	3	7	12
-740975779	3	8	12
-741105823	3	6	10
-741242760	3	8	10
-741274959	3	5	5
-741446931	3	7	12
-741528167	27	7	12
-741575039	3	6	10
-741802279	3	8	13
-741902468	3	7	12
-742002328	3	8	10
-742075268	3	9	13
-742119519	3	8	12
-742252312	9	7	12
-742361587	3	7	12
-742514971	3	8	10
-742758328	9	7	12
-742932187	3	9	13
-742964899	3	6	10
-743061111	9	8	12
-743122195	9	7	12
-743202743	3	7	12
-743320419	3	8	12
-743417736	3	7	11
-743563172	3	8	12
-743650035	3	8	10
-743661887	3	8	11
-743724168	3	8	13
-743747647	3	8	10
-743778903	3	8	15
-743803831	3	9	13
-743834312	3	6	10
-743899479	3	6	10
-743924843	3	8	13
-743981743	3	7	11
-744058551	3	6	10
-744265940	3	5	9
-744367407	3	5	6
-744601028	3	8	10
-744906783	3	8	10
-744909419	3	10	18
-745039064	3	5	5
-745044091	3	8	13
-745083668	3	8	12
-745273043	9	7	12
-745395347	3	8	11
-745511951	3	8	12
-745702388	3	7	11
-745845791	3	8	13
-745855015	3	8	12
-745874007	3	8	12
-745972583	3	7	12
-746009923	3	8	13
-746048708	3	8	13
-746131171	3	8	13
-746254415	3	6	10
-746306331	3	7	12
-746383567	3	8	14
-746460647	3	9	15
-746493256	3	8	10
-746575619	3	7	11
-746579371	3	5	6
-746703507	9	8	12
-746736411	81	8	12
-746752479	3	8	12
-746850695	3	7	12
-746870312	3	6	10
-747284615	3	8	12
-747328847	3	7	11
-747342931	3	10	16
-747399659	3	8	11
-747413131	3	8	12
-747494527	3	7	10
-747562703	3	8	10
-747571723	3	8	12
-747672452	3	7	11
-747725267	3	8	13
-747965323	3	7	12
-748282027	3	10	18
-748306967	3	8	12
-748344827	3	6	10
-748467863	3	7	12
-748539223	3	6	9
-748577147	3	6	10
-748673844	3	6	9
-748679459	3	6	10
-748841871	3	8	11
-748910623	3	6	10
-748932983	3	8	12
-749005592	3	7	12
-749036792	3	7	12
-749083684	3	8	10
-749115160	3	6	11
-749189716	3	8	10
-749194891	3	9	13
-749196760	3	8	10
-749199272	3	7	10
-749218739	3	8	12
-749240879	3	8	10
-749328868	3	8	14
-749353415	3	6	9
-749538212	3	7	12
-749540035	3	8	12
-749673683	3	6	8
-749812231	3	6	10
-749842739	3	8	12
-749994419	3	7	11
-750032807	3	8	10
-750229819	3	10	18
-750352251	3	8	10
-750377307	3	8	10
-750434948	3	8	13
-750535959	3	8	12
-750541391	3	8	13
-750617063	3	8	12
-750636111	81	8	12
-750768531	3	7	9
-750837131	3	8	13
-750839707	3	7	11
-750967187	3	8	14
-750996404	3	6	10
-751028763	3	8	12
-751060447	3	8	10
-751136104	3	8	13
-751196183	3	6	10
-751312196	3	7	10
-751454939	3	8	10
-751502995	9	9	15
-751523687	3	8	10
-751863727	3	10	16
-751994340	27	8	12
-752043351	3	8	10
-752057423	3	8	10
-752077139	3	6	10
-752295279	3	8	12
-752397495	3	8	12
-752539988	27	8	12
-752587647	3	7	12
-752690635	3	6	10
-752855219	3	8	12
-752961019	3	8	17
-753005495	3	7	12
-753022519	3	9	13
-753058344	729	8	12
-753204559	3	8	10
-753358783	3	6	10
-753826619	81	8	12
-753911395	3	9	16
-754047123	3	7	11
-754220355	3	5	6
-754270663	3	8	12
-754389124	3	8	12
-754439199	3	6	9
-754444427	3	6	10
-754453923	3	7	12
-754498884	3	6	10
-754916307	3	6	10
-755035319	3	6	10
-755038484	3	7	11
-755041155	3	5	6
-755061143	3	8	10
-755063060	3	7	12
-755223880	3	8	12
-755399455	243	8	12
-755451211	3	8	12
-755579939	3	6	10
-755614936	3	7	12
-755666888	3	8	10
-755799695	3	9	17
-755807979	3	8	11
-755892088	3	7	12
-755902235	3	8	12
-755943236	3	8	10
-755988815	3	6	10
-756069847	3	8	10
-756113651	3	11	14
-756142072	3	8	10
-756148840	9	8	13
-756246516	3	8	12
-756453887	3	8	12
-756708267	3	6	10
-756793279	3	8	12
-757049444	81	8	12
-757072995	3	7	12
-757102271	81	7	12
-757107031	27	8	12
-757157779	3	8	12
-757212619	3	8	13
-757255667	3	7	11
-757495571	3	6	10
-757585763	27	8	12
-757650799	3	8	10
-757656587	3	7	12
-757722952	3	6	10
-757786488	3	8	10
-757787711	243	8	12
-757829188	3	6	10
-757881067	3	8	10
-757889239	3	5	5
-757945023	3	7	7
-758012968	3	7	12
-758063887	3	6	10
-758181188	3	6	10
-758189959	3	6	10
-758208904	3	11	16
-758289871	3	7	11
-758397815	3	7	11
-758416391	3	10	12
-758419476	3	8	12
-758570120	3	7	12
-758589815	3	6	11
-758593187	3	8	12
-758910943	3	8	10
-758976807	3	6	10
-759027595	3	8	10
-759075871	3	6	9
-759360935	3	8	10
-759559352	3	6	10
-759698468	3	8	15
-759827407	9	7	12
-759843571	81	8	12
-759989823	729	8	12
-760028468	3	6	10
-760322887	3	7	12
-760404068	9	8	13
-760474740	3	8	14
-760480843	3	8	12
-760556344	9	8	12
-760620299	3	9	14
-760625263	3	6	10
-760760104	9	8	12
-760772983	3	8	12
-760823947	3	6	9
-760855039	3	7	12
-760902959	3	8	13
-760908020	3	6	10
-761121815	3	7	12
-761163879	3	8	12
-761222527	3	6	10
-761224363	3	8	10
-761655723	3	7	11
-761983383	3	7	10
-761994120	3	8	10
-762051140	3	6	9
-762052035	3	6	10
-762346564	3	7	11
-762407083	3	8	15
-762550676	9	7	12
-762710419	3	8	13
-762717255	3	7	10
-762840484	3	8	14
-762913556	3	7	12
-762988520	27	8	12
-763035131	3	8	12
-763045315	3	8	10
-763075063	3	10	16
-763227487	3	8	10
-763353028	81	8	12
-763730887	3	6	10
-763788403	3	8	10
-763866872	3	8	13
-763982879	3	5	6
-764239759	3	6	10
-764373160	3	7	12
-764464143	3	8	10
-764516068	3	8	10
-764540015	3	8	12
-764543528	3	7	12
-764569531	3	10	18
-764726948	3	8	10
-764735979	3	8	12
-764968863	3	7	7
-764973467	3	5	9
-765145743	3	7	12
-765238328	3	9	13
-765480359	3	8	10
-765561603	3	7	12
-765790251	3	7	11
-766092511	3	6	9
-766120571	3	7	12
-766132411	3	8	13
-766247111	3	8	10
-766309567	3	8	13
-766535899	3	8	10
-766655747	3	8	12
-766855555	27	8	12
-766879060	3	7	11
-766949791	9	8	12
-767004760	3	8	12
-767051707	3	11	15
-767132904	3	8	13
-767134799	3	6	10
-767159715	3	7	12
-767301828	3	8	12
-767332147	3	8	12
-767393736	3	6	10
-767471167	3	7	12
-767490148	3	8	10
-767633924	3	8	10
-767818596	3	8	12
-767879332	3	8	10
-767928983	3	8	12
-767937047	729	8	12
-768007464	3	7	12
-768046791	3	8	12
-768048455	3	8	12
-768051944	3	8	12
-768062872	3	6	10
-768131620	3	6	10
-768219963	3	7	11
-768260867	3	7	11
-768270883	3	11	22
-768400595	3	8	13
-768409003	3	8	13
-768666791	3	7	12
-768754139	3	8	13
-768898276	3	6	9
-768917351	3	8	12
-768922664	3	7	12
-768979855	3	8	10
-768997396	3	8	11
-769125435	27	8	12
-769165215	243	8	12
-769219691	3	8	12
-769229508	3	8	13
-769258664	3	8	10
-769381531	3	6	10
-769467144	3	8	13
-769725204	3	8	10
-769739720	3	8	14
-769772731	3	6	10
-769813048	3	7	9
-769905559	3	7	12
-769977959	3	6	10
-770032424	9	6	10
-770062024	3	10	16
-770063636	3	6	10
-770227688	3	8	14
-770240051	3	8	10
-770324935	3	8	10
-770370488	3	8	13
-770425444	3	6	10
-770614527	3	8	12
-770689555	3	7	12
-770819972	27	8	12
-770872328	3	8	13
-771282071	9	7	12
-771608427	9	9	13
-771608712	81	8	12
-771611092	3	7	11
-771780212	3	6	10
-771869883	3	8	12
-771970360	3	11	17
-772048031	3	7	12
-772204344	3	6	10
-772238760	3	7	11
-772274911	3	7	11
-772319551	3	8	10
-772386583	3	8	13
-772520127	3	6	10
-772593047	3	6	10
-772681143	3	8	13
-772845364	3	8	12
-773086708	729	8	12
-773224787	3	8	12
-773811579	3	10	20
-773877811	3	8	13
-773957379	3	7	12
-774018515	3	7	12
-774274711	3	8	10
-774325528	3	6	10
-774536899	3	8	10
-774569939	9	7	12
-774581735	3	8	10
-774586788	3	8	10
-774608664	3	8	10
-774662840	3	9	12
-774757288	9	6	10
-774918952	3	8	13
-775023220	9	7	12
-775065587	3	6	10
-775098532	3	6	11
-775129688	9	7	12
-775223764	3	8	13
-775255144	3	8	14
-775273199	9	8	12
-775274035	3	8	13
-775533587	9	9	15
-775725688	3	8	12
-775762168	3	11	17
-775772632	3	8	12
-775805863	3	8	17
-775909787	3	8	12
-776036599	3	8	12
-776046579	3	7	11
-776203123	3	7	9
-776489576	9	9	15
-776501704	3	6	9
-776640579	3	7	10
-776667099	3	8	13
-776677371	3	6	10
-776703784	3	8	13
-776733407	3	6	10
-777111915	3	8	10
-777152399	3	7	12
-777296531	3	6	10
-777332296	3	8	13
-777354099	3	7	12
-777463179	3	6	10
-777467176	9	8	12
-777510920	3	7	11
-777574411	3	8	11
-777598807	3	8	10
-777606059	3	6	10
-777726347	3	9	13
-777758207	3	6	10
-777823079	3	8	13
-777993863	3	6	10
-778136820	3	8	13
-778236847	3	8	10
-778272411	3	6	10
-778337895	3	7	9
-778396024	3	7	9
-778433063	3	6	10
-778622532	6561	8	12
-778656376	3	7	12
-778724116	3	8	10
-778821143	3	5	6
-778829156	3	8	13
-778860163	3	6	10
-779285335	3	8	10
-779512219	3	8	10
-779833096	9	7	12
-779875819	3	8	12
-779880772	3	6	10
-779893403	243	8	12
-779948776	3	6	10
-780013451	9	8	12
-780024199	3	8	13
-780090436	3	7	9
-780375279	3	8	12
-780434463	3	7	12
-780446728	9	9	13
-780458631	3	10	16
-780463640	3	7	12
-780465327	3	7	12
-780591715	3	8	10
-780605967	3	8	10
-780761035	3	8	13
-780813231	9	8	14
-780949380	3	8	13
-781093451	3	5	9
-781127603	3	6	10
-781178147	3	6	10
-781204771	9	8	12
-781237811	3	6	10
-781380455	3	10	18
-781680979	9	6	10
-781775095	27	8	12
-781981171	3	8	12
-782151295	3	8	12
-782198903	9	8	12
-782206547	3	6	10
-782215172	3	7	12
-782322404	3	8	12
-782340536	3	7	13
-782358296	3	8	10
-782447335	3	6	10
-782677879	3	6	10
-782712727	3	7	11
-782948292	3	6	9
-782995624	3	6	10
-783061732	9	8	13
-783171563	3	7	12
-783191679	27	8	12
-783323519	3	8	13
-783499892	3	8	15
-783526904	3	8	12
-783738776	3	7	12
-783818859	3	8	12
-783838331	3	8	10
-783840515	3	7	9
-783887752	3	8	15
-784069463	3	6	10
-784173935	3	7	11
-784206343	3	6	10
-784218235	3	8	13
-784349647	3	6	10
-784491791	3	7	12
-784556687	3	9	13
-784805480	3	7	12
-784953787	3	8	11
-784989683	3	8	10
-785123384	3	6	9
-785158984	9	8	12
-785178599	3	6	10
-785208315	3	8	12
-785217623	3	6	9
-785269527	3	6	9
-785444567	3	6	10
-785445096	3	6	9
-785634664	3	7	11
-785650655	3	8	10
-785698987	3	8	10
-785699448	3	8	14
-785803335	3	8	10
-785808327	3	8	13
-785827195	3	8	12
-785873383	3	7	9
-785908847	3	6	9
-785916628	3	7	11
-785960107	3	6	10
-785986664	3	8	12
-786075364	3	9	13
-786149699	3	8	10
-786255684	3	6	10
-786596232	3	6	10
-786605591	3	8	14
-786840259	3	8	10
-786864648	3	8	12
-786922456	3	7	12
-786952543	3	8	10
-787027992	3	5	5
-787059655	3	10	15
-787200964	3	8	12
-787257220	3	8	10
-787265995	3	8	12
-787326783	3	7	12
-787352408	3	6	10
-787373527	3	8	13
-787469412	3	8	10
-787477587	3	9	13
-787635876	3	8	10
-787912203	9	9	13
-788000644	3	4	5
-788041195	9	8	12
-788243411	3	8	14
-788252856	9	8	13
-788273911	3	7	11
-788333919	3	8	12
-788385172	3	8	11
-788407880	243	8	12
-788504948	3	6	9
-788514943	3	8	13
-788530151	9	8	12
-788574587	9	7	12
-788640356	3	8	12
-788831236	9	8	12
-789070980	3	9	15
-789119403	3	8	13
-789196456	3	5	9
-789363271	3	7	11
-789427295	3	7	9
-789614179	3	7	12
-789649204	3	6	9
-789654424	3	8	12
-789680507	3	11	16
-789732591	3	8	11
-789744287	9	8	10
-790336376	27	8	12
-790378779	3	6	10
-790422663	3	8	12
-790434195	3	8	10
-790457347	3	8	10
-790461507	3	9	13
-790531591	3	7	9
-790579695	3	8	10
-790735943	9	6	9
-791065336	3	5	5
-791071679	3	8	10
-791078039	3	8	13
-791106536	81	7	12
-791207092	3	5	9
-791266907	3	7	12
-791273783	3	10	19
-791336607	9	9	13
-791346259	3	7	12
-791430607	3	8	11
-791525039	3	6	10
-791657188	9	6	10
-791713967	3	7	12
-791718483	3	8	10
-791720527	3	8	10
-791737795	3	7	12
-791822984	3	8	13
-791847087	3	7	11
-792162539	3	8	10
-792339187	3	8	13
-792479931	3	6	10
-792534035	9	8	12
-792556547	3	6	10
-792581855	3	8	12
-792592387	3	5	6
-792680863	3	6	10
-792811063	3	8	14
-792839336	3	7	11
-792868607	3	10	15
-792948356	3	8	12
-793037095	3	6	9
-793212776	3	6	10
-793231707	3	8	11
-793237487	3	7	11
-793375591	3	8	10
-793424244	3	6	10
-793487507	3	7	10
-793543124	3	6	10
-794122807	3	7	11
-794127119	3	8	12
-794228515	3	8	13
-794362676	3	8	11
-794481672	9	9	13
-795127672	729	8	12
-795306068	3	8	11
-795444904	9	6	10
-795629191	3	6	10
-795663119	3	6	9
-795696855	27	8	12
-795830955	3	8	13
-795842383	3	8	12
-795865403	3	7	10
-795943239	3	8	13
-795958568	3	6	10
-796240091	3	6	10
-796266751	3	8	10
-796342712	3	8	10
-796345711	3	8	12
-796424855	3	11	16
-796574399	9	8	12
-796587112	3	8	12
-796650067	3	6	9
-796681652	3	8	13
-796755347	3	7	12
-796771496	9	8	12
-796841907	3	8	10
-796921624	3	7	12
-797118115	3	8	11
-797208279	9	8	13
-797211191	3	6	10
-797338859	9	7	12
-797361627	3	8	10
-797763752	9	7	12
-797764795	3	5	6
-797767048	3	6	10
-797794663	3	6	10
-797873007	3	6	9
-797905448	3	7	11
-797912499	3	8	12
-798020435	3	8	10
-798114671	3	7	9
-798524328	3	8	10
-798534359	3	8	10
-798586639	3	8	12
-799043579	3	8	15
-799247543	27	8	12
-799265528	9	9	12
-799418371	3	9	15
-799443172	3	6	9
-799616984	3	8	10
-799664507	3	8	12
-799824419	3	10	16
-799886980	3	8	10
-799989284	3	8	11
-800016599	3	8	12
-800081383	27	8	12
-800098539	3	6	9
-800104971	3	7	11
-800136119	3	8	10
-800255863	3	8	13
-800268632	3	7	12
-800323607	3	8	10
-800481988	3	8	15
-800537943	3	8	12
-800558123	3	6	9
-800561215	3	8	10
-800619919	3	8	12
-800675391	3	6	10
-800715512	3	8	10
-800719915	3	8	15
-800727864	3	8	12
-800906683	3	8	13
-800986856	3	7	12
-801038163	81	8	12
-801059412	3	8	13
-801100723	9	8	13
-801488692	9	7	9
-801573972	3	8	10
-801645627	3	8	11
-801797867	3	7	11
-802261131	3	8	10
-802309531	3	8	10
-802579672	3	8	13
-802616344	9	9	13
-802629848	3	8	13
-802676015	3	7	10
-802862843	3	8	13
-802915208	3	7	12
-803022395	3	8	14
-803026644	3	8	13
-803094740	3	5	6
-803210999	3	8	13
-803229704	3	8	11
-803339336	3	8	12
-803344747	3	6	10
-803536995	3	8	12
-803567831	6561	8	12
-803797396	3	8	10
-803820395	3	11	20
-803964027	3	7	11
-804080356	3	11	13
-804279983	3	8	12
-804318663	3	7	11
-804355608	3	7	12
-804463707	81	8	12
-804483592	3	7	9
-804652319	3	6	10
-804715915	3	8	12
-804775287	3	5	5
-804814963	3	8	12
-804849783	3	8	12
-804894071	3	6	10
-805016455	729	8	12
-805024408	3	7	12
-805109748	3	8	10
-805495379	3	5	6
-805520564	9	8	12
-805600324	3	5	6
-805628904	27	8	12
-805670239	3	10	16
-805721503	3	7	12
-805791487	3	8	13
-805884043	6561	8	12
-805907235	3	8	13
-805914591	27	8	12
-805974547	3	7	11
-806257147	3	8	13
-806462063	27	8	12
-806477903	3	8	12
-806478403	3	6	10
-806520628	3	7	11
-806554628	3	7	11
-806560179	3	6	10
-806691327	3	8	10
-806835479	3	7	11
-807053523	3	6	9
-807229560	9	8	12
-807247835	3	8	14
-807348603	3	9	16
-807354651	3	6	8
-807378056	3	6	10
-807511028	27	8	12
-807837235	3	8	14
-807875123	3	6	10
-808011287	3	7	11
-808063208	9	9	13
-808085299	3	8	11
-808220740	3	8	13
-808263336	3	8	12
-808361599	3	7	11
-808545539	3	10	15
-808569476	3	8	12
-808622139	3	6	10
-808705412	9	9	12
-808732628	3	8	10
-808790711	3	6	9
-808828051	3	6	10
-808954879	3	6	10
-809048011	243	8	12
-809092340	27	8	12
-809099551	3	7	11
-809128403	3	8	13
-809257715	3	8	10
-809272596	3	8	12
-809352115	3	8	12
-809544243	3	7	12
-809644367	3	8	17
-809736343	9	8	12
-809834052	3	7	11
-809898036	3	8	13
-809991691	3	6	10
-810007151	3	7	12
-810101528	3	6	10
-810114820	3	7	11
-810131187	3	8	10
-810274291	3	7	12
-810305759	3	8	10
-810315067	3	8	13
-810352023	9	8	12
-810367828	3	6	10
-810433967	3	6	10
-810474276	3	8	12
-810531179	3	7	9
-810659851	81	8	12
-810894919	3	6	10
-810939172	3	6	9
-810940020	81	8	12
-811131736	3	8	10
-811187279	3	8	13
-811336852	3	6	10
-811426387	3	8	12
-811505460	3	8	15
-811643903	3	8	11
-811649859	3	8	13
-812097508	27	8	12
-812245508	3	7	11
-812283943	9	8	12
-812309320	3	6	10
-812493332	27	8	12
-812583320	3	9	13
-812744312	3	6	10
-813064404	3	7	12
-813069220	3	7	11
-813173947	3	7	11
-813197364	3	6	9
-813207383	3	6	9
-813961108	3	8	10
-814024839	3	8	13
-814054568	3	10	18
-814114648	3	8	13
-814365811	3	7	9
-814390099	3	6	10
-814639395	3	6	10
-814667719	9	9	13
-814740504	3	6	10
-814781476	3	6	10
-814824487	3	7	11
-815002555	3	8	13
-815034939	3	7	11
-815098983	3	6	10
-815117019	3	8	13
-815165684	3	6	10
-815171815	3	8	13
-815180552	3	11	13
-815191527	3	8	10
-815254823	3	5	6
-815375739	3	8	10
-815441059	3	6	10
-815454532	9	7	12
-815511331	3	6	10
-815639519	3	8	12
-815754979	3	7	11
-815758779	3	8	11
-815974111	9	7	12
-816172948	3	6	10
-816479827	3	8	10
-816527524	3	8	13
-816645988	3	6	10
-816650331	3	7	11
-816752303	3	8	13
-816755012	3	8	12
-816788552	3	6	11
-816814435	3	5	6
-816925667	3	6	9
-817011147	3	7	11
-817121895	3	8	12
-817337163	3	8	10
-817375387	3	7	12
-817396079	3	7	12
-817400807	3	6	10
-817641211	3	9	15
-817864712	3	6	10
-817975139	3	11	17
-817976435	3	7	7
-818036503	3	6	10
-818225508	3	6	10
-818387711	3	8	12
-818389156	3	8	10
-818548827	3	7	12
-818625551	3	7	10
-818654199	3	8	12
-818705091	3	5	6
-818721439	3	7	10
-818750955	9	7	12
-818849076	3	8	10
-818872856	3	5	9
-818879711	3	8	10
-818882447	3	7	11
-819092676	3	5	9
-819124852	27	8	12
-819194727	3	7	11
-819228819	3	8	10
-819256927	3	6	10
-819402196	3	8	13
-819505767	3	8	10
-819509887	3	6	10
-819771059	3	8	10
-819775940	3	7	12
-819833251	9	7	12
-819862339	3	6	10
-820057015	3	7	12
-820082399	3	5	6
-820234355	3	6	10
-820403187	3	8	13
-820540655	3	8	10
-820556031	3	6	10
-820583851	3	8	10
-820593208	3	7	10
-820631747	3	8	10
-820634795	9	7	12
-820710692	3	8	10
-820784903	3	6	9
-820837087	27	8	12
-820845064	9	6	9
-820925059	3	7	11
-821143739	3	6	9
-821259588	3	9	13
-821503151	3	7	11
-821530039	3	6	10
-821531976	3	8	12
-821553380	3	8	12
-821609060	3	8	12
-821641267	3	8	13
-821656903	3	10	16
-821681480	3	6	10
-821806555	3	8	10
-821822843	3	9	14
-821843304	3	8	14
-821946911	243	8	12
-821966711	3	8	12
-821968807	3	6	10
-822068751	3	6	10
-822264771	3	8	13
-822278708	3	5	5
-822316647	3	6	10
-822317835	3	8	12
-822385219	3	8	10
-822472303	3	7	10
-822482939	3	8	10
-822585283	3	7	12
-822585763	3	8	12
-822634283	3	7	9
-822880259	3	6	10
-822906071	3	5	6
-822907283	3	8	10
-823015383	3	7	12
-823053963	3	6	10
-823112727	3	7	10
-823120951	3	7	9
-823165748	3	8	13
-823168247	3	7	7
-823178803	3	5	7
-823487124	3	8	10
-823530955	9	8	12
-823607220	3	6	10
-823652639	3	8	10
-823991127	3	8	13
-824036055	3	8	10
-824103247	3	8	12
-824109167	3	8	14
-824326647	3	8	11
-824341579	81	8	12
-824420567	3	8	10
-824514407	3	6	10
-824561303	3	8	12
-824615636	3	6	10
-824757091	3	7	11
-824849912	3	8	10
-824861204	3	8	10
-824930488	3	7	11
-825113315	3	7	11
-825190724	3	8	10
-825271016	3	8	13
-825296244	3	8	13
-825300771	3	7	12
-825348815	27	8	12
-825769380	3	7	12
-825809912	3	8	10
-825837439	3	7	10
-825849128	3	8	13
-825907780	3	8	14
-825956644	3	8	15
-826017527	9	7	12
-826069544	3	6	9
-826083931	3	7	10
-826243259	3	5	6
-826244548	3	7	11
-826471732	27	8	12
-826618207	3	6	9
-826786963	3	9	10
-826883096	3	8	12
-826906468	3	8	12
-826925684	3	8	12
-826969492	3	8	11
-827178931	9	9	13
-827201651	3	9	15
-827282867	3	7	12
-827408247	3	6	10
-827507451	3	8	10
-827716360	3	5	5
-827722803	3	7	11
-827752171	9	8	11
-827859439	9	6	9
-827898564	3	6	10
-827909095	9	9	15
-827915795	3	4	4
-828045583	9	8	11
-828148155	3	8	10
-828327279	3	8	12
-828352499	3	8	13
-828471503	3	8	12
-828666407	3	8	13
-828789487	3	8	12
-828822819	3	9	15
-828922616	3	6	10
-829058043	3	8	14
-829089659	3	7	12
-829314871	3	6	10
-829454387	3	8	12
-829601239	3	6	10
-829602923	81	7	12
-829984868	3	7	11
-830152263	3	6	10
-830184351	3	4	4
-830252040	3	6	10
-830486479	3	10	17
-830674219	3	8	10
-830675063	3	8	10
-830805131	3	6	10
-830859251	3	6	10
-830859587	3	7	11
-830890312	3	8	12
-830897231	3	8	10
-830943208	9	7	12
-830943823	3	8	12
-831065063	3	8	10
-831188040	243	8	12
-831330919	9	7	12
-831411563	3	8	12
-831460399	3	7	11
-831539307	3	8	14
-831571603	3	8	13
-831691223	3	7	12
-831825032	3	8	11
-831912744	3	8	10
-831953543	3	8	10
-832168799	3	6	10
-832422763	9	8	12
-832457103	3	8	10
-832626787	3	8	13
-832739827	27	8	12
-832747108	3	8	14
-832763883	3	8	12
-832849823	3	8	12
-832874532	3	7	11
-832905923	3	8	13
-832975908	3	7	12
-832990840	3	8	10
-833087284	3	9	14
-833206955	3	7	11
-833313464	3	8	12
-833363203	3	7	12
-833364424	3	6	10
-833384903	3	7	9
-833446631	3	6	10
-833450459	3	8	13
-833490535	9	9	16
-833527399	3	6	10
-833603739	3	7	10
-833611640	3	6	10
-833740539	3	6	9
-833752843	3	6	10
-833754824	3	8	12
-833855556	3	8	12
-833896631	9	8	12
-833937727	3	7	12
-833947283	3	6	10
-833971819	3	6	10
-834069631	3	8	10
-834084751	3	6	10
-834105499	3	11	17
-834227288	3	8	12
-834277395	3	5	9
-834458068	3	6	10
-834540703	3	8	13
-834669131	3	8	12
-834696051	3	6	10
-834813899	3	6	10
-834914543	3	8	10
-835030607	3	8	12
-835032487	27	7	12
-835134987	3	8	13
-835189827	3	6	10
-835202819	3	8	12
-835550071	3	5	9
-835562707	3	5	6
-835670031	3	7	9
-835801364	3	6	10
-835867736	3	8	12
-835925971	9	7	12
-836562919	9	8	12
-836727231	3	8	12
-836873639	3	8	10
-837061208	3	8	12
-837071848	3	8	13
-837079480	3	7	10
-837184520	3	6	10
-837287951	9	8	12
-837288104	3	7	12
-837423967	3	8	12
-837442484	3	8	10
-837452723	3	8	13
-837638619	3	6	10
-837672643	3	7	12
-837751807	3	6	10
-837760387	3	8	12
-837764943	3	6	10
-837806916	3	6	10
-837913592	3	7	11
-837995455	3	6	10
-838269667	3	8	13
-838344607	3	8	12
-838422971	3	9	15
-838651739	9	7	12
-838988627	3	8	13
-838994887	3	9	13
-839042024	3	8	12
-839364980	3	8	13
-839409007	3	11	16
-839491928	3	7	11
-839635764	3	8	10
-839869144	3	8	10
-839948027	9	9	15
-839951515	3	6	10
-840057031	3	8	13
-840141460	3	9	16
-840286463	3	8	10
-840302387	3	7	12
-840385595	3	8	12
-840428983	3	8	12
-840492319	9	8	12
-840568324	3	8	10
-840583203	3	8	14
-840588036	3	8	12
-840828011	3	8	10
-840840116	27	8	12
-840871927	27	8	12
-840928091	3	8	11
-840988936	3	8	12
-841084539	3	6	10
-841105448	3	6	9
-841519927	3	7	10
-841622827	3	7	12
-841626803	3	8	12
-841658196	3	7	11
-841721236	3	8	12
-841789192	3	9	15
-841884979	3	5	9
-841926696	3	8	12
-841962319	3	6	10
-842017171	81	8	12
-842088116	3	8	12
-842151755	3	7	12
-842422831	3	6	10
-842432407	3	7	12
-842500931	3	8	10
-842636543	3	8	13
-842796179	3	7	11
-842803751	3	8	13
-842850628	3	7	11
-842871304	3	8	11
-842924459	9	7	12
-843127307	3	8	12
-843170099	3	7	7
-843324083	3	8	11
-843465551	3	8	12
-843640291	3	8	10
-843670103	3	8	13
-843682627	3	8	12
-843695687	3	7	11
-843952643	3	6	9
-843976559	3	8	12
-844181428	3	7	12
-844189279	3	6	10
-844204739	3	7	10
-844297295	3	8	12
-844330003	3	8	10
-844359224	3	6	9
-844506383	3	8	13
-844595131	3	8	12
-844655739	3	6	10
-844659652	3	7	11
-844705219	9	7	12
-844765076	3	8	10
-844782767	3	8	12
-844913251	3	7	12
-844970251	9	7	12
-845269403	3	6	9
-845294863	3	7	12
-845311560	3	6	10
-845406919	3	6	10
-845449912	3	8	13
-845656239	3	8	13
-845697847	3	6	10
-845784627	3	8	10
-845888207	3	11	11
-845953087	3	8	12
-846196619	3	6	10
-846300392	3	8	13
-846357359	3	8	14
-846521608	9	7	12
-846543668	3	6	10
-846587095	729	8	12
-846609423	9	8	10
-846674995	3	8	10
-846751691	3	6	9
-846868679	9	8	12
-847034807	9	6	10
-847255303	3	7	12
-847285851	3	8	10
-847422008	3	8	12
-847456411	3	8	12
-847628519	3	8	10
-847808699	3	5	9
-847843019	3	6	10
-847924855	3	6	10
-847952371	3	7	12
-848017783	3	6	10
-848144647	3	6	10
-848502392	3	7	11
-848529551	3	5	6
-848659107	3	7	11
-848784911	3	8	10
-848882479	3	8	10
-848915764	3	10	14
-848921044	3	7	11
-848948467	3	8	12
-849060859	3	7	10
-849129604	3	7	10
-849130667	3	6	10
-849235076	3	8	13
-849332335	81	8	10
-849602548	9	7	12
-849665659	3	8	11
-849702443	3	8	10
-849793667	9	7	12
-849843291	3	7	10
-849908335	3	8	12
-849911347	3	7	11
-850058943	3	6	9
-850107399	3	8	10
-850115507	3	9	15
-850201060	3	8	10
-850329139	3	7	11
-850446899	3	7	11
-850468719	3	7	12
-850534888	3	8	12
-850543556	3	8	12
-850576359	3	8	10
-850583460	3	6	10
-850719003	3	7	12
-850750987	9	7	12
-850787124	3	6	10
-850862296	3	7	10
-850888952	3	6	10
-851106324	3	6	10
-851154415	3	8	12
-851205336	27	8	12
-851267839	3	8	10
-851268247	3	6	10
-851349767	3	7	11
-851360615	3	7	12
-851395352	3	6	10
-851406067	81	8	12
-851615891	3	6	10
-851670563	3	7	11
-851726420	9	8	12
-851794420	3	8	12
-851870651	3	5	6
-852076011	3	7	11
-852167476	3	8	10
-852202543	3	8	10
-852371639	9	9	13
-852454948	3	8	10
-852551272	3	6	10
-852618760	3	8	12
-852652707	3	7	12
-852722227	3	6	9
-852724756	3	6	10
-852981784	3	6	9
-853053416	3	7	12
-853146523	3	10	15
-853203667	3	8	10
-853308347	3	6	10
-853366712	2187	8	12
-853376239	3	7	10
-853383671	3	8	14
-853569784	3	7	12
-853651943	3	7	10
-853680479	3	8	10
-853959896	3	5	6
-853994132	3	8	12
-854084404	3	8	10
-854127095	3	8	13
-854299871	3	8	10
-854322115	3	6	10
-854347528	3	7	12
-854428207	3	8	12
-854481739	3	8	12
-854752388	3	8	11
-854887611	3	10	14
-854919124	3	7	7
-854992531	3	7	11
-855077044	3	5	9
-855082551	3	8	10
-855091283	3	7	11
-855096195	3	8	12
-855188483	3	6	10
-855257539	3	6	10
-855379659	3	7	10
-855506920	3	6	10
-855583591	3	7	12
-855670259	3	8	12
-856000664	3	10	15
-856342787	3	7	12
-856438264	3	6	10
-856716063	3	7	12
-856716168	3	7	12
-856830763	9	8	12
-856897287	3	8	11
-856920499	3	6	10
-857014331	3	8	10
-857209451	27	8	12
-857218184	3	7	10
-857302683	3	6	10
-857644655	3	8	12
-857919395	3	8	10
-857936708	3	6	10
-857946527	3	8	13
-857990872	3	6	10
-858005256	3	6	10
-858172996	3	7	9
-858219279	3	8	13
-858339380	3	10	15
-858465912	9	9	13
-858936415	9	7	12
-859076111	3	9	13
-859132903	3	6	10
-859193528	3	8	12
-859229251	3	6	10
-859245243	3	7	11
-859245863	3	8	13
-859933956	3	11	17
-860036287	3	7	11
-860077955	3	8	12
-860110340	3	7	11
-860140376	3	5	9
-860244443	3	6	9
-860246248	3	8	10
-860246804	3	5	9
-860291924	3	5	9
-860312651	3	8	10
-860425519	3	8	12
-860572552	9	8	13
-860603399	3	6	9
-860825719	3	6	10
-860852644	3	8	10
-861000792	3	8	12
-861246728	81	8	12
-861562283	9	8	12
-861602455	3	7	12
-861620287	3	8	12
-861683320	3	7	11
-861864607	3	8	11
-861871639	3	7	10
-861881991	3	8	11
-862037835	3	8	12
-862054007	3	7	12
-862102159	3	8	10
-862145339	3	7	9
-862164635	3	8	13
-862168283	3	8	12
-862307396	3	7	11
-862376595	3	8	13
-862556527	3	7	12
-862999535	3	8	11
-863017540	3	7	12
-863044516	3	8	10
-863227751	3	6	9
-863372840	3	8	10
-863448243	3	8	10
-863464196	27	7	12
-863584987	3	8	12
-863914999	3	8	13
-864163687	3	8	10
-864166031	3	7	12
-864527343	3	7	8
-864581144	3	8	13
-864620591	27	8	12
-864682276	9	8	12
-864853179	3	8	13
-864922647	3	8	13
-864988907	3	6	10
-864991795	3	7	11
-865278152	3	6	10
-865367907	3	8	12
-865411563	3	8	13
-865423711	3	8	10
-865436071	3	6	9
-865527531	3	8	11
-865696195	3	6	8
-865830479	3	8	11
-865849119	3	7	7
-865871059	3	7	12
-865973624	3	8	10
-865983743	3	7	12
-866021347	3	8	12
-866248063	3	6	10
-866358183	3	8	15
-866375491	3	7	10
-866406243	3	8	12
-866459911	3	6	10
-866545240	3	8	13
-866561540	3	8	10
-866626907	3	8	11
-866689896	3	8	12
-866810891	81	8	12
-866979563	3	7	11
-867046271	3	7	12
-867088047	3	6	9
-867138296	3	8	12
-867169835	3	6	10
-867181352	3	8	13
-867209028	3	5	6
-867219812	3	8	11
-867291288	3	8	12
-867356311	243	8	12
-867423828	3	6	9
-867665267	3	8	10
-867714115	3	8	13
-867889135	3	6	9
-867905227	3	7	9
-867913951	3	6	8
-867916759	3	9	14
-868061135	3	6	10
-868081619	3	8	10
-868214168	3	8	10
-868241291	3	8	12
-868272071	3	6	10
-868318683	3	7	12
-868329871	3	8	10
-868346887	3	8	17
-868435160	3	8	12
-868442955	3	8	10
-868480548	3	8	10
-868566299	3	8	11
-868729411	3	8	12
-868873459	3	8	12
-869052099	81	7	12
-869097935	3	11	19
-869103427	3	6	10
-869119051	3	8	10
-869201924	3	8	10
-869445607	3	6	10
-869508023	3	7	11
-869708135	3	8	10
-869842879	3	6	10
-869906263	3	7	7
-869945880	3	6	9
-869985031	3	8	12
-870026199	3	8	13
-870067655	3	7	12
-870138391	3	8	13
-870537624	243	8	12
-870560715	3	8	10
-870565955	3	6	10
-870643119	3	7	12
-870793876	9	5	6
-870827812	3	6	10
-870923512	3	8	12
-870923672	3	8	12
-871074024	3	8	12
-871083751	3	5	9
-871114691	3	8	10
-871247779	3	6	9
-871278467	3	7	10
-871381384	3	8	10
-871559256	3	6	10
-871568328	3	8	12
-871626547	27	8	12
-871732356	3	6	10
-871785355	3	8	12
-871897819	3	8	13
-872262212	3	8	10
-872458295	3	7	12
-872505892	3	6	10
-872513351	3	8	12
-872522171	3	6	10
-872531663	3	8	12
-872535607	3	6	10
-872735032	3	5	9
-872855039	3	8	10
-872955023	3	8	13
-872999563	3	8	13
-873172703	3	6	10
-873206871	3	9	12
-873229919	9	8	12
-873278152	3	6	10
-873340283	3	6	9
-873376871	3	11	15
-873416148	3	8	13
-873659067	27	8	12
-873759659	9	6	9
-873968104	3	8	12
-874196339	3	7	12
-874223367	3	7	12
-874349812	3	8	12
-874396907	3	8	12
-874451051	3	6	10
-874623112	3	8	14
-874660391	3	6	10
-874884180	3	7	9
-875002187	3	8	12
-875076724	3	6	9
-875107319	3	8	11
-875175771	3	8	13
-875254295	3	7	9
-875264739	3	8	13
-875285924	3	7	11
-875372295	3	8	11
-875484836	3	8	11
-875535767	3	8	13
-875566267	3	8	10
-875625860	3	6	10
-875766939	3	7	11
-875989428	9	8	12
-876234819	3	5	7
-876257944	3	8	13
-876356535	3	8	12
-876701928	3	7	12
-876812907	3	7	12
-876846107	3	8	14
-876878219	3	6	10
-876894168	3	8	10
-876952447	9	8	13
-876972847	3	6	10
-877054031	3	8	12
-877366532	3	5	6
-877490803	3	5	9
-877553547	3	8	11
-877693603	3	8	11
-877733428	3	7	11
-877888664	3	8	10
-878040371	3	6	10
-878137512	3	7	11
-878169991	3	8	10
-878269451	3	7	8
-878312824	3	7	7
-878341259	3	8	10
-878358815	3	8	11
-878378287	3	7	11
-878406484	3	5	5
-878471416	3	8	10
-878492123	3	6	11
-878582395	3	10	17
-878635720	9	8	13
-878728719	3	6	10
-878778579	3	6	10
-878787368	3	6	9
-878817667	3	8	11
-878850676	3	6	10
-878913627	3	7	12
-878984223	27	8	12
-879036436	3	11	15
-879187423	3	8	12
-879316683	3	8	10
-879328856	3	5	6
-879340235	3	8	13
-879340927	9	5	6
-879448819	3	6	10
-879509908	3	8	12
-879520916	3	6	10
-879555544	3	6	9
-879627443	3	8	13
-879776040	3	8	10
-879794255	3	8	14
-880039919	3	5	5
-880148195	27	8	12
-880228591	729	8	12
-880249339	3	7	11
-880306091	3	7	11
-880363883	3	7	12
-880365323	3	8	10
-880438359	3	6	10
-880458740	3	6	10
-880479439	3	6	11
-880491620	3	8	12
-880585267	3	6	10
-880707187	3	8	12
-880754691	3	8	13
-880767060	3	7	11
-880933615	3	8	13
-881151396	3	8	12
-881156456	3	6	10
-881217919	3	7	11
-881376744	9	7	12
-881428868	3	6	11
-881450691	3	9	13
-881462647	3	7	12
-881482107	3	8	10
-881533183	3	11	13
-881973503	3	9	15
-882071876	3	7	7
-882170407	3	6	10
-882217880	27	7	12
-882298063	3	6	10
-882320819	3	8	12
-882334463	27	7	12
-882411979	27	7	12
-882490055	3	6	10
-882530872	3	8	10
-882582836	3	7	12
-882676111	27	8	12
-882735956	3	7	12
-882777403	3	7	12
-882943735	3	8	14
-883081023	3	9	17
-883163635	3	8	12
-883210435	3	8	8
-883359908	3	8	10
-883445268	3	8	12
-883536235	3	7	12
-883572107	3	8	10
-883618383	27	8	12
-883902820	3	6	10
-883915892	3	6	10
-883938247	3	8	10
-884090055	3	7	9
-884093543	3	8	10
-884122403	3	7	11
-884146308	3	8	10
-884156468	3	7	11
-884582563	3	8	13
-884594903	81	8	12
-884619719	3	8	13
-884925604	3	9	13
-884953864	3	6	9
-884991487	3	7	10
-885103720	3	8	13
-885106459	3	8	12
-885111668	3	8	15
-885145451	3	7	10
-885292595	9	7	12
-885360271	3	10	16
-885388915	3	8	13
-885472059	3	6	10
-885522667	3	8	12
-885667083	3	8	13
-885745592	3	8	12
-885985115	9	9	13
-886123455	3	6	10
-886200212	3	8	12
-886229927	3	8	13
-886247828	81	8	12
-886278487	3	7	11
-886400295	3	7	12
-886702567	9	9	13
-886866203	3	6	10
-886998779	3	8	10
-887119503	3	8	12
-887169839	3	6	10
-887191763	3	8	13
-887198052	3	6	10
-887364803	3	7	12
-887401759	3	8	11
-887415711	3	8	11
-887420131	3	6	10
-887452203	3	8	15
-887513428	3	6	10
-887597012	3	8	10
-887783032	3	7	12
-887812707	3	8	12
-887833967	3	8	12
-887839496	3	8	12
-887858203	3	8	10
-887902968	3	8	10
-887948071	9	9	13
-887958903	3	6	10
-887968895	3	8	13
-888072015	27	8	12
-888271928	3	8	10
-888453847	3	7	11
-888518571	3	7	9
-888622807	3	6	9
-888639976	3	8	12
-888654895	3	7	12
-888864323	3	8	12
-888907747	3	7	11
-888921759	3	8	10
-888949315	3	6	10
-889071544	3	8	10
-889174967	9	6	9
-889270959	3	5	9
-889357163	3	8	12
-889569172	3	8	11
-889585195	9	8	12
-889636019	3	6	10
-889652147	3	6	9
-889836627	3	6	10
-889849823	3	6	9
-889957607	3	10	19
-890012739	3	8	10
-890133611	3	7	12
-890178907	3	8	10
-890190136	3	8	13
-890190311	3	7	9
-890265268	3	6	10
-890270404	3	7	11
-890427572	3	8	12
-890494627	9	9	13
-890565559	3	7	9
-890631455	3	8	12
-890780515	3	8	15
-890920388	3	7	9
-890955471	3	8	11
-891020971	3	6	10
-891136443	3	8	10
-891176515	3	6	9
-891202007	3	8	12
-891264115	3	10	14
-891350339	3	6	10
-891426491	3	9	13
-891426939	3	6	10
-891458099	3	8	12
-891458247	3	7	12
-891459668	3	11	13
-891558247	3	7	12
-891567479	3	5	6
-891748959	9	8	12
-891957940	3	7	11
-891978504	3	6	9
-892075928	3	7	11
-892341592	3	7	10
-892362628	3	7	11
-892453951	3	7	12
-892461931	3	8	12
-892497151	3	8	13
-892543211	3	6	10
-892553687	3	8	13
-892584856	3	8	10
-892697032	3	7	10
-892825016	3	8	10
-892847015	3	5	9
-892902687	3	8	12
-892905736	3	7	12
-892928019	3	7	12
-892994691	3	7	10
-893174852	3	8	12
-893380767	9	8	12
-893439811	9	8	12
-893511159	3	8	12
-893532596	3	7	11
-893819892	3	8	13
-894069807	3	8	12
-894079640	3	6	10
-894314036	3	8	10
-894582499	9	8	12
-894593443	3	9	15
-894983252	3	5	9
-895114555	3	8	10
-895184852	3	8	12
-895431415	3	8	10
-895451204	3	6	10
-895631624	3	8	12
-895663380	3	8	10
-895688423	3	7	10
-895803879	3	8	10
-895860644	3	8	13
-895913231	3	6	9
-895964068	3	6	10
-895965387	9	8	12
-896135316	3	7	12
-896288728	3	8	12
-896408087	3	8	10
-896465991	3	7	11
-896488655	9	7	12
-896609060	3	7	12
-896627603	3	8	12
-896635556	3	8	12
-896724964	3	8	10
-896788948	9	8	13
-896833716	3	8	10
-896939524	3	8	10
-897078612	3	8	10
-897113684	3	8	10
-897507319	3	8	12
-897657771	3	6	10
-897666611	3	8	13
-897667940	3	6	9
-897675659	3	5	6
-897740387	3	7	11
-897759107	3	8	10
-897959267	3	8	10
-898141935	3	7	12
-898182312	3	8	12
-898194804	3	7	12
-898306084	3	8	10
-898405079	3	7	11
-898451535	729	8	12
-898581855	3	8	13
-898641255	3	6	10
-898647227	3	8	12
-898684291	3	8	10
-898733508	3	8	13
-899046427	81	7	12
-899091748	3	6	10
-899176856	3	7	12
-899278959	3	7	11
-899338280	3	8	12
-899445743	3	7	10
-899455835	3	8	12
-899474843	3	8	13
-899475279	3	8	10
-899524011	3	8	12
-899610703	3	6	10
-899790979	3	7	11
-899897204	3	8	10
-900124532	3	10	19
-900212827	9	8	15
-900234527	3	8	10
-900361743	3	7	9
-900415427	3	8	10
-900484639	3	7	12
-900605723	3	8	13
-900636244	3	6	10
-900658891	3	6	10
-900763127	3	8	12
-900790887	9	9	13
-900880591	3	6	10
-900983751	3	8	10
-901008579	3	8	10
-901242051	3	6	10
-901301624	3	8	10
-901409259	3	8	11
-901435016	9	8	12
-901468927	3	6	10
-901521655	3	8	10
-901575896	3	6	9
-901711976	3	7	12
-901714739	3	8	10
-901796536	3	8	15
-901921067	3	9	13
-902000551	3	6	10
-902092139	3	5	9
-902247223	3	8	10
-902406067	3	8	10
-902811755	3	8	12
-902931380	3	11	17
-902962020	3	8	11
-903105203	3	8	11
-903112315	3	6	9
-903183531	3	8	12
-903249224	3	11	18
-903386923	3	6	9
-903490871	3	9	13
-903511924	3	7	11
-903760024	3	6	10
-903856916	3	8	11
-904014535	3	6	9
-904254595	3	8	12
-904427247	9	9	15
-904497331	3	7	9
-904747103	3	6	10
-904770679	3	8	10
-904852264	9	7	12
-904898040	3	5	9
-905014495	3	8	11
-905265048	9	8	12
-905381003	9	9	13
-905389663	3	8	13
-905449940	3	9	13
-905516903	3	7	12
-905675092	3	8	13
-905696431	3	9	10
-905794043	3	8	10
-905849935	3	8	13
-906035851	9	8	12
-906315864	3	8	13
-906372419	9	8	10
-906374483	3	7	10
-906382531	3	7	11
-906463399	3	8	12
-906734708	3	6	10
-906745763	3	6	9
-906793351	3	8	12
-906821891	3	8	11
-906999076	3	8	10
-907030507	3	8	10
-907073727	3	8	10
-907104136	3	10	19
-907246567	3	8	10
-907308983	3	8	10
-907373460	3	8	13
-907413967	3	9	15
-907420591	3	7	11
-907502843	3	8	14
-907656987	9	7	12
-907689236	9	7	12
-907809079	3	8	12
-907860004	3	6	10
-907961611	3	8	12
-908057395	81	8	12
-908077515	3	8	12
-908400408	3	6	10
-908581976	3	7	10
-908755591	3	8	10
-908790472	3	8	12
-908822055	3	6	9
-908836183	3	10	17
-908939123	81	7	12
-908991683	3	8	12
-909115779	3	8	12
-909161459	3	8	11
-909193288	27	8	12
-909314248	3	6	10
-909418024	3	7	12
-909714916	3	7	12
-909831047	3	8	12
-909961671	3	8	14
-909974167	3	8	10
-910174079	3	7	11
-910182916	3	8	12
-910195363	3	8	11
-910416543	81	8	12
-910416867	3	8	12
-910497131	3	7	11
-910771339	3	7	11
-910784184	3	8	12
-910893448	9	9	13
-910908211	3	7	12
-910936363	3	11	16
-911003171	3	6	10
-911062435	3	8	12
-911088611	81	8	12
-911109880	9	7	9
-911146756	3	7	11
-911304435	3	8	13
-911396983	3	8	13
-911856395	3	6	10
-912006091	3	10	19
-912053128	3	8	10
-912123659	3	8	13
-912167416	3	8	10
-912206855	3	7	12
-912245284	3	8	12
-912317956	3	8	10
-912324163	3	8	10
-912361507	3	5	9
-912512584	3	8	12
-912585679	9	8	13
-912681748	3	8	11
-912838515	3	6	10
-912945268	3	7	12
-912955199	3	10	17
-913027019	3	7	12
-913169227	3	7	12
-913170808	3	10	17
-913178235	3	8	13
-913526807	3	8	11
-913549619	3	8	13
-913637847	3	6	10
-913669528	3	8	12
-913679907	3	11	22
-913702235	3	6	10
-913725191	81	8	12
-913892547	3	8	12
-914001979	3	6	9
-914459348	9	6	10
-914498231	3	6	9
-914505972	3	8	10
-914572036	3	8	13
-914576351	3	8	12
-914776091	3	6	10
-914784404	3	5	6
-914799235	3	8	12
-914849491	3	7	12
-914986831	3	8	13
-915165943	3	8	13
-915447003	3	8	12
-915711331	3	8	12
-915733867	3	8	13
-915780660	3	8	13
-915799672	3	6	11
-915860851	3	8	13
-915889195	3	7	9
-916107859	3	7	11
-916117480	3	6	10
-916140035	3	7	12
-916159351	3	6	9
-916197235	3	8	12
-916209035	3	8	12
-916240523	3	8	12
-916343031	3	8	12
-916409220	3	6	10
-916569028	3	8	12
-916572407	3	7	11
-916580111	9	7	11
-916618547	27	8	12
-916706788	3	7	11
-916756683	3	8	10
-916789155	3	8	13
-916841656	3	6	10
-916893555	3	5	7
-916964135	3	6	10
-916986091	3	8	12
-917040883	3	7	12
-917306563	3	6	9
-917423755	3	8	13
-917554487	3	8	12
-917671115	3	8	12
-917680863	3	7	12
-917962431	3	8	12
-918011751	3	6	9
-918107768	3	8	10
-918126111	81	8	12
-918158548	3	8	14
-918221588	3	7	10
-918404392	3	8	10
-918451219	3	8	12
-918485591	27	8	12
-918566195	3	8	12
-918579851	3	8	11
-918646355	3	8	10
-918693672	81	8	12
-918808804	6561	8	12
-918948567	3	5	9
-918991959	3	7	9
-919014248	3	8	12
-919082040	3	6	10
-919147364	3	8	12
-919228296	3	8	10
-919341659	3	6	10
-919348915	3	7	9
-919500456	3	8	10
-919544519	3	7	12
-919652639	6561	8	12
-919667384	3	8	10
-919717763	3	8	13
-919727096	9	9	13
-919812419	3	7	12
-919816887	3	7	12
-919834904	3	8	10
-919901947	3	8	12
-919904071	3	7	11
-919986747	3	7	12
-919995416	3	6	10
-919995555	3	8	14
-920022047	3	8	10
-920070552	3	7	12
-920442439	3	8	12
-920457496	27	8	12
-920460271	3	8	11
-920473095	3	5	6
-920551759	3	8	12
-920747711	3	8	13
-920777691	3	8	12
-921035224	9	8	12
-921047151	3	8	13
-921053748	3	8	13
-921111067	3	6	10
-921166212	3	8	12
-921215044	3	8	11
-921260983	3	6	10
-921334132	3	8	10
-921389835	3	6	10
-921540891	3	6	10
-921597571	3	6	9
-921721348	3	8	11
-922033567	3	7	12
-922105959	9	8	12
-922190203	3	8	10
-922334287	3	5	6
-922481156	3	6	11
-922576579	27	8	12
-922624472	3	6	10
-922627848	81	8	12
-922828660	3	6	10
-922829919	3	7	11
-922977643	3	8	10
-923209707	3	8	12
-923241327	3	7	12
-923340856	3	8	10
-923557287	3	8	10
-923654507	27	8	12
-923695111	27	8	12
-923706199	3	11	14
-923711207	3	6	11
-923764408	3	7	11
-923830984	3	8	11
-923846123	3	7	11
-923940447	3	8	12
-923940728	3	8	10
-923947384	3	7	9
-924007508	729	8	12
-924182787	3	6	10
-924203627	3	6	10
-924213268	3	8	10
-924410739	3	7	11
-924411407	3	8	11
-924689723	3	7	11
-924700552	81	8	12
-924727576	3	6	10
-924763271	3	7	11
-924808407	3	8	12
-924850676	3	7	12
-924862083	3	8	10
-924867155	3	8	10
-924878280	3	7	12
-925030851	3	8	12
-925034063	3	8	13
-925168771	9	9	15
-925278539	3	6	10
-925365608	3	9	13
-925404979	3	8	13
-925414323	3	6	11
-925574003	3	8	14
-925632484	3	6	8
-925653979	3	8	12
-925702367	3	6	10
-925715672	3	8	11
-925725587	27	8	12
-925873939	3	8	12
-925892776	3	7	10
-925930727	3	7	12
-925937771	3	8	10
-925977039	3	8	12
-926073123	3	8	10
-926165863	3	8	12
-926176079	3	6	9
-926390372	243	8	12
-926414579	3	7	12
-926496232	9	9	13
-926698663	3	6	10
-926827399	9	7	12
-926831876	3	8	10
-926973519	3	6	9
-927038499	3	8	11
-927202852	27	7	12
-927342184	3	7	12
-927478808	3	9	17
-927520584	3	8	13
-927521155	9	7	12
-927551704	3	8	12
-927574719	3	8	12
-927627172	3	7	11
-927750847	3	5	6
-927773603	3	8	10
-927857203	3	7	12
-927919979	3	7	11
-927946427	9	7	12
-928068664	3	8	12
-928127983	3	6	9
-928162148	3	6	10
-928307599	3	6	10
-928388803	9	8	12
-928501592	3	9	15
-928757303	3	8	13
-928916567	3	8	10
-929061748	3	7	12
-929338084	3	8	10
-929441828	3	8	12
-929553656	3	6	10
-929593528	3	6	10
-929605240	3	8	10
-929827335	3	8	12
-929847992	3	8	13
-929889476	3	6	9
-929987347	3	8	12
-930068719	3	8	12
-930094999	3	8	12
-930144056	3	7	12
-930194699	3	8	12
-930287183	3	5	6
-930423752	9	7	12
-930426611	3	8	10
-930440312	3	8	12
-930533835	3	6	10
-930566279	3	8	10
-930590291	3	6	9
-930605279	3	7	12
-930614152	3	7	12
-930633387	3	7	12
-930760424	3	7	12
-930782104	3	7	11
-930861703	3	7	10
-930929992	3	6	9
-930956179	3	7	11
-931202139	3	6	10
-931208971	3	7	11
-931220767	27	8	12
-931304743	3	7	11
-931391051	3	7	12
-931413352	3	9	14
-931433351	3	6	10
-931453988	3	8	10
-931457636	3	8	12
-931528580	3	8	11
-931604564	3	8	10
-931645412	3	6	10
-931683608	3	8	10
-931751443	3	6	9
-931882404	3	8	12
-932011215	3	8	13
-932144459	3	8	10
-932339764	3	8	13
-932352308	3	8	16
-932451844	3	8	12
-932495807	3	7	11
-932522351	3	8	12
-932566255	3	8	13
-932639267	27	8	12
-932847704	3	8	11
-932873167	3	8	13
-932888740	3	8	12
-932942315	9	8	12
-932944623	3	7	11
-933102952	3	6	10
-933124280	3	7	12
-933233048	9	9	15
-933248815	3	5	6
-933344051	3	8	12
-933356879	3	7	12
-933439643	3	7	12
-933462663	3	8	10
-933469007	3	8	10
-933562083	3	8	12
-933586079	3	6	9
-933696283	3	6	10
-933752612	9	8	10
-933897507	3	8	13
-934011403	3	9	13
-934128463	3	10	15
-934141567	3	8	11
-934188531	3	7	12
-934255235	3	11	17
-934340595	3	8	13
-934533703	3	10	16
-934716280	9	8	12
-934789960	3	7	12
-934812164	3	8	13
-934881947	3	8	13
-934919079	243	8	12
-934980724	3	9	15
-934995252	9	8	12
-935193451	3	8	11
-935334548	3	6	10
-935369107	9	6	9
-935441336	3	8	10
-935450440	3	6	10
-935715876	3	6	10
-935719588	3	8	13
-935724487	27	8	12
-935747099	3	6	10
-935826260	3	8	12
-935924195	9	8	12
-935989895	3	7	11
-936275727	3	8	13
-936418328	81	8	12
-936444068	3	6	8
-936529303	3	6	10
-936651831	9	8	13
-936664179	3	6	9
-936704667	3	8	10
-936788915	3	7	11
-936921443	3	10	18
-936972219	9	8	12
-936980679	3	6	10
-937019239	9	8	12
-937037892	3	8	12
-937109643	3	6	10
-937145435	27	6	10
-937194303	3	7	11
-937309908	3	8	10
-937461499	3	6	10
-937502315	3	8	12
-937515883	3	5	9
-937666927	3	8	13
-937695287	3	8	10
-937816223	3	6	10
-937952724	3	6	10
-937953931	3	6	10
-938052696	3	8	10
-938068647	3	8	10
-938075063	9	9	13
-938139415	3	8	12
-938169211	3	6	10
-938235784	3	8	10
-938281867	3	8	10
-938339023	3	7	12
-938346980	3	7	10
-938461591	27	8	12
-938563187	3	6	10
-938783371	3	8	13
-938787428	3	8	10
-938825796	3	6	10
-938878411	3	6	10
-939122792	27	8	12
-939203935	243	8	12
-939379208	3	6	10
-939519987	3	6	10
-939629688	3	5	9
-939692743	3	6	9
-939709439	3	8	12
-939715832	3	7	11
-940167959	3	7	10
-940414371	3	8	14
-940436308	9	7	12
-940566104	3	7	11
-940725859	3	7	12
-940739876	9	7	12
-940854824	3	8	13
-940883880	3	6	10
-940890395	3	6	9
-940905016	3	7	12
-940926403	3	6	9
-940980343	3	8	10
-941002019	3	5	6
-941013240	9	8	13
-941075540	3	8	12
-941167364	3	9	13
-941172379	3	7	12
-941206935	3	8	10
-941310519	3	6	10
-941432180	3	8	13
-941436091	3	8	12
-941685812	3	8	15
-941701688	3	6	10
-941808323	9	7	12
-942305459	3	8	13
-942395268	3	8	10
-942423603	2187	8	12
-942434419	3	8	14
-942775843	3	6	10
-942804467	3	7	12
-942954267	3	8	10
-942958815	3	8	13
-943047480	3	8	12
-943049476	3	7	10
-943133579	3	6	10
-943162664	3	8	10
-943236611	3	8	12
-943357615	3	8	10
-943487319	3	8	10
-943598399	3	7	12
-943615019	9	6	10
-943645727	3	6	10
-943658056	3	7	12
-943685284	9	8	13
-943815343	3	8	12
-943855819	3	7	12
-943876616	3	8	12
-943905799	3	5	9
-943932103	3	8	13
-944097331	3	7	12
-944173304	3	7	11
-944325303	27	8	12
-944570179	3	6	10
-944716647	3	6	11
-944753291	3	8	14
-944846167	3	7	12
-945131451	9	8	12
-945150148	3	8	13
-945178999	3	8	12
-945185559	3	7	12
-945192271	3	7	12
-945215256	3	8	10
-945272055	3	7	11
-945413103	3	8	10
-945458579	3	8	13
-945543391	3	7	10
-945606488	3	7	9
-945608024	9	8	12
-945631236	3	7	12
-945652852	3	6	10
-945665311	3	7	9
-945919891	3	7	11
-945922091	9	8	12
-946001784	3	8	10
-946026267	3	9	18
-946027455	3	6	9
-946069595	3	8	10
-946073407	9	7	12
-946125931	3	8	12
-946138811	3	8	12
-946230119	3	8	12
-946265320	3	8	13
-946399111	3	6	10
-946566983	3	8	13
-946617544	9	8	12
-946700219	3	8	12
-946813103	81	8	12
-946888856	9	6	10
-946947235	3	8	13
-946998659	3	8	11
-947102676	3	9	15
-947138815	3	8	12
-947269199	3	6	10
-947390219	9	7	12
-947398047	3	8	12
-947409044	3	6	10
-947411736	3	7	12
-947714584	81	8	12
-947953447	3	8	13
-948585487	3	6	10
-948669623	3	8	13
-948694315	3	11	23
-948754803	3	6	9
-948825044	3	7	11
-948912619	3	8	13
-948978631	3	7	11
-949184059	3	7	11
-949205011	3	6	9
-949248815	243	8	12
-949310511	9	8	12
-949437363	3	8	10
-949490984	3	10	17
-949591687	27	8	12
-949686963	3	8	11
-949900548	3	7	11
-949984759	3	8	13
-950047172	3	6	10
-950112051	9	8	12
-950127047	3	8	10
-950187767	3	8	12
-950274239	3	8	10
-950514779	3	7	11
-950665247	3	6	10
-950702564	9	5	9
-950725380	3	8	10
-950750719	3	8	10
-950860612	3	8	11
-950866703	3	7	12
-950957203	3	8	11
-951012987	3	7	11
-951072491	9	8	10
-951354427	3	8	12
-951465287	3	6	10
-951711112	3	8	12
-951816271	3	6	10
-951821159	3	7	12
-951905635	3	6	10
-952064456	3	6	10
-952336811	3	5	9
-952365279	3	7	12
-952382127	3	8	10
-952413720	3	6	10
-952480299	3	7	9
-952539880	3	8	13
-952555183	3	8	13
-952876527	3	6	10
-953072519	3	8	10
-953184395	3	8	10
-953221747	3	8	13
-953270036	3	9	15
-953295256	3	8	12
-953339471	3	7	12
-953383844	3	6	10
-953453879	3	10	12
-953692763	3	8	13
-953728052	3	6	10
-953728264	3	8	12
-953768839	3	5	5
-953818903	3	8	12
-953865267	3	8	13
-953898143	3	8	10
-953922559	3	8	12
-954198463	3	8	13
-954263679	3	6	10
-954334579	81	8	12
-954344351	3	8	11
-954356276	3	8	10
-954432008	27	8	12
-954772276	3	6	10
-954915415	9	6	10
-955012623	3	8	12
-955117067	3	8	12
-955251267	3	8	10
-955308283	3	7	12
-955332708	3	8	14
-955390571	9	7	12
-955460392	3	7	12
-955669619	3	8	12
-955759463	3	7	12
-955867780	3	7	12
-955871759	3	9	11
-955980635	9	8	10
-956013419	3	8	10
-956271828	81	8	12
-956312611	81	8	12
-956495444	3	8	12
-956604559	3	8	13
-956627779	3	6	10
-956787828	3	7	12
-956835992	3	6	9
-956898964	9	9	15
-957000127	3	6	10
-957028395	3	7	12
-957091303	3	8	10
-957108919	3	8	13
-957353396	3	7	11
-957476291	3	6	10
-957605747	3	8	14
-957635219	3	6	10
-957873603	3	6	10
-957929947	3	8	12
-958047891	3	8	12
-958054179	3	8	10
-958089511	3	8	12
-958277816	3	6	10
-958549188	3	8	11
-958590383	3	8	10
-958597204	3	8	12
-958626443	3	8	13
-958765823	3	6	10
-958791187	3	8	10
-958908692	3	6	10
-958931432	3	6	11
-959068491	3	7	11
-959098515	3	7	7
-959108388	3	8	10
-959218439	3	8	10
-959310451	3	6	11
-959340859	3	11	18
-959453384	3	6	10
-959540851	3	8	14
-959569927	27	8	12
-959579427	81	8	12
-959646379	3	8	10
-959764228	3	5	6
-960119291	3	8	10
-960235663	3	6	9
-960275944	3	10	13
-960607427	3	6	10
-960630491	3	11	18
-960638519	3	5	9
-960697992	9	7	12
-960709783	3	8	13
-960720511	3	7	9
-960861611	3	6	10
-960867732	3	7	9
-960961603	3	6	10
-960990515	3	8	13
-961059143	3	7	11
-961450331	3	6	10
-961602751	9	8	12
-961788568	3	8	14
-961904595	3	5	9
-962038772	27	8	12
-962057791	3	8	12
-962093780	3	10	17
-962107243	3	8	11
-962295511	3	5	9
-962347096	3	6	10
-962416407	3	7	11
-962423704	3	7	12
-962615363	3	8	12
-962713016	3	7	11
-962829716	3	5	9
-962857928	3	6	10
-962992779	3	8	12
-963100939	3	8	10
-963120615	3	7	12
-963123656	3	5	9
-963503908	3	6	9
-963632711	3	8	12
-963642047	3	7	11
-963748472	3	8	12
-964007364	3	6	10
-964084883	9	8	12
-964218055	3	6	10
-964419207	3	5	6
-964440020	9	9	15
-964468759	3	8	10
-964500295	3	7	12
-964522763	3	8	10
-964558087	3	6	10
-964807383	3	10	15
-964814051	3	7	12
-964892363	3	8	11
-964894195	3	7	12
-964912920	3	7	9
-964943063	9	9	13
-965014195	3	8	10
-965046235	3	6	10
-965150539	3	5	9
-965166360	3	7	12
-965256440	3	6	10
-965263047	3	8	13
-965303635	3	5	6
-965358283	3	8	10
-965438360	3	6	10
-965501044	3	8	10
-965553079	3	6	10
-965582916	3	8	12
-965614719	3	9	14
-965672419	6561	8	12
-965804083	3	8	10
-965879743	27	8	12
-965930772	3	8	10
-965933587	81	8	12
-966010879	3	6	9
-966088387	3	8	12
-966159172	3	8	13
-966406343	27	8	12
-966415076	9	6	9
-966592040	3	7	12
-966709992	3	6	10
-966735143	3	6	10
-966822328	9	8	12
-966828803	3	6	10
-966878327	3	6	9
-966982339	3	8	12
-967113779	3	6	10
-967150331	3	8	10
-967172755	3	7	10
-967187279	3	8	12
-967216823	3	7	10
-967294051	3	8	10
-967324436	3	8	12
-967326979	3	8	10
-967329679	3	6	10
-967373015	3	6	10
-967596612	3	6	10
-967608392	3	7	12
-967610035	3	9	15
-967684088	3	8	12
-967753659	3	8	12
-967819115	3	8	12
-967886299	9	8	17
-967932276	3	6	10
-968063752	3	6	10
-968179747	3	6	9
-968184695	3	8	12
-968218567	3	10	12
-968246639	3	6	10
-968271272	3	8	10
-968381508	3	8	13
-968437895	3	8	12
-968639959	3	7	12
-968669960	3	9	15
-968931271	3	8	13
-968994451	3	6	10
-969023435	3	7	12
-969025443	3	7	12
-969105595	3	6	10
-969140564	3	6	10
-969329271	9	8	12
-969375176	81	8	12
-969384023	3	8	10
-969530687	3	6	10
-969580047	3	6	9
-969611828	3	8	13
-969912116	27	8	12
-970016991	3	8	13
-970051327	3	8	10
-970284983	3	8	12
-970287923	3	8	10
-970676932	3	8	12
-970770376	3	7	12
-971246852	3	8	12
-971301956	3	8	10
-971327471	3	8	10
-971353279	3	8	12
-971366287	3	7	11
-971398536	3	7	11
-971411172	3	8	11
-971590436	3	8	14
-971601083	2187	8	12
-971616927	3	8	10
-971959999	3	8	12
-972086712	3	7	12
-972179203	3	7	12
-972218740	3	6	10
-972352583	3	8	11
-972434095	3	8	10
-972455699	3	5	5
-972493988	3	7	12
-972501027	3	8	13
-972527448	3	8	12
-972614495	3	8	10
-972701115	3	7	12
-972763355	3	6	10
-972791247	3	6	10
-972836923	3	9	10
-973065047	3	8	12
-973161079	3	9	10
-973180087	3	7	12
-973188607	3	8	12
-973236795	3	8	13
-973293035	3	9	14
-973464536	9	8	12
-973517588	3	8	10
-973615976	3	8	12
-973664071	3	7	9
-973701095	3	11	18
-973712119	3	8	10
-973766139	3	7	9
-973914499	3	8	10
-973944699	3	6	9
-973947156	3	8	12
-973995431	27	8	12
-974087663	3	8	15
-974157663	3	7	12
-974165203	3	6	10
-974208315	3	8	12
-974218120	3	8	11
-974252559	3	8	12
-974311447	3	7	12
-974545843	3	10	14
-974629555	3	7	11
-974649811	3	7	12
-974697251	9	8	12
-974740343	3	6	9
-974796439	3	10	18
-974817871	3	7	11
-974854471	3	9	15
-974872111	3	8	13
-974903419	3	8	13
-974907247	3	8	12
-975034356	3	8	13
-975105695	3	6	10
-975177923	3	8	12
-975310339	3	8	12
-975380187	3	7	12
-975642152	3	6	10
-975662516	3	5	9
-975763592	3	7	11
-975796703	9	8	10
-975830311	3	8	11
-975841771	3	7	11
-975884804	3	5	9
-975978884	3	8	11
-976098671	3	7	12
-976254439	3	8	11
-976310143	9	7	10
-976314111	3	6	10
-976359407	3	6	10
-976413176	3	8	12
-976416695	3	8	15
-976432984	3	6	10
-976491411	3	8	15
-976541044	3	8	12
-976751512	3	8	12
-976765631	3	8	10
-976767815	3	8	13
-976837431	3	11	17
-976863019	3	8	12
-977023491	9	7	12
-977106308	3	8	13
-977134216	3	7	11
-977256523	3	6	9
-977352452	27	8	12
-977458155	27	8	12
-977714708	3	6	9
-977802772	3	7	11
-977803843	3	7	12
-977945727	9	7	12
-978005991	3	7	10
-978085631	3	8	13
-978224647	3	8	13
-978298696	3	6	10
-978311011	3	8	12
-978379211	3	8	11
-978384823	81	8	12
-978398635	3	8	12
-978419499	3	8	13
-978462728	3	8	10
-978482488	3	8	10
-978588859	3	7	11
-978691476	81	8	12
-978810551	3	7	12
-978833044	3	9	16
-978882431	3	6	10
-979190799	3	6	10
-979227735	3	6	10
-979331331	3	7	10
-979436552	3	11	23
-979626839	3	8	10
-979819507	3	7	12
-979829419	3	8	13
-979911911	3	8	13
-979974023	3	6	9
-980143579	3	8	12
-980257099	3	8	12
-980494504	3	9	16
-980538344	3	7	9
-980596059	3	9	17
-980711288	3	8	13
-980725531	3	8	12
-980765891	27	7	12
-980826760	3	6	9
-980830807	3	8	14
-980909583	3	6	11
-981046867	3	6	10
-981049848	3	8	12
-981066011	3	6	11
-981265060	3	8	12
-981301208	3	8	11
-981347747	3	8	12
-981517587	3	6	10
-981593108	3	7	12
-981620695	3	5	5
-981636599	3	7	11
-981639123	3	7	12
-981710004	3	6	10
-981744295	3	7	12
-981837096	3	8	10
-981863803	3	8	10
-982009496	3	7	12
-982070203	3	7	9
-982159843	3	8	10
-982299191	3	6	10
-982350127	3	8	13
-982382628	3	7	12
-982400351	3	6	10
-982511603	3	7	12
-982568503	3	5	6
-982775047	3	7	7
-982787087	3	8	13
-982806479	3	7	11
-982852827	3	6	10
-982951719	3	8	13
-983044132	3	7	11
-983096715	3	8	13
-983273587	3	8	13
-983276180	3	6	10
-983289844	3	9	14
-983317327	3	8	12
-983349663	27	8	12
-983370568	3	8	10
-983458871	3	6	10
-983479448	3	7	12
-983628984	3	8	12
-983994760	3	8	13
-984059031	27	7	12
-984169736	3	8	12
-984180424	3	6	10
-984303627	3	6	9
-984359896	3	7	9
-984606024	3	8	13
-984644039	3	8	12
-984662827	3	9	10
-984821880	3	6	9
-984962964	3	8	12
-985017956	27	8	12
-985287912	3	7	11
-985379539	6561	8	12
-985379944	3	7	12
-985453316	3	8	12
-985621543	3	7	11
-985646840	3	6	8
-985648276	3	7	11
-985651188	3	8	13
-985780903	3	6	10
-985843128	9	6	10
-985883587	3	8	12
-985897923	3	8	12
-986057899	3	5	6
-986150903	3	8	10
-986161507	3	8	12
-986179459	3	9	13
-986183272	3	8	12
-986199287	3	8	10
-986248424	3	8	12
-986250127	3	5	6
-986382815	27	8	12
-986397535	3	5	9
-986464519	9	7	12
-986476504	3	8	13
-986509531	3	7	12
-986555723	3	6	11
-986569352	3	8	12
-986645924	3	7	11
-986675747	3	8	10
-986749860	3	8	12
-986786324	3	5	6
-986867979	3	8	12
-986930603	3	8	11
-987046067	3	6	10
-987169607	3	6	10
-987212263	3	8	10
-987289951	3	8	10
-987315479	3	6	10
-987329091	3	6	9
-987417128	3	8	12
-987442015	3	8	13
-987528059	3	8	12
-987561476	3	8	12
-987592612	3	8	14
-987772719	27	8	12
-987867259	3	7	12
-987898371	3	7	12
-987913671	3	5	5
-987914971	3	8	14
-987964007	3	8	12
-988024047	3	7	12
-988072471	3	8	12
-988124856	3	7	11
-988167931	3	5	5
-988238443	9	7	12
-988296131	3	7	12
-988365444	3	7	12
-988447540	3	6	9
-988583208	27	8	10
-988699351	3	7	11
-988744287	3	7	11
-988870451	9	9	15
-988957427	9	7	12
-989097891	3	6	10
-989233396	3	7	11
-989311983	3	8	12
-989351603	3	6	10
-989461572	3	8	11
-989706756	3	8	13
-989717444	3	8	13
-989722987	3	6	10
-990017972	3	5	6
-990243748	3	8	10
-990328436	3	8	12
-990347387	3	10	14
-990347899	3	6	10
-990425019	3	8	13
-990453831	3	8	12
-990800399	3	6	9
-990844788	3	10	13
-990849428	3	6	10
-990958907	3	8	13
-991103172	3	9	13
-991210243	3	8	10
-991226199	3	7	12
-991531299	27	8	12
-991781011	3	7	12
-991933327	3	8	10
-991949032	3	8	13
-991980247	3	8	11
-992065071	3	8	10
-992134776	3	6	9
-992233063	3	6	10
-992287799	3	7	12
-992364212	3	7	11
-992462964	3	6	9
-992564707	3	6	9
-992692795	3	9	15
-992744835	3	6	10
-992931347	3	5	9
-992977267	3	6	10
-993010807	3	8	12
-993030820	3	6	10
-993202927	3	8	10
-993312987	3	7	11
-993417415	3	6	10
-993497163	3	7	9
-993577115	3	8	10
-993579351	3	8	10
-993611591	3	8	12
-993827444	3	8	12
-994072052	3	8	10
-994223155	9	8	12
-994250119	3	5	6
-994260547	3	6	10
-994471615	81	8	12
-994479223	3	8	10
-994508167	3	8	17
-994511983	3	8	10
-994569871	3	8	10
-994643043	3	6	9
-994718680	3	8	12
-994813752	3	8	13
-995051427	3	8	12
-995097515	3	6	9
-995178119	3	8	13
-995188679	27	8	12
-995233231	3	6	10
-995276703	9	8	12
-995516664	3	7	12
-995519351	3	6	10
-995747995	3	7	12
-995934203	3	8	12
-995936180	3	8	12
-995950651	3	5	9
-995983747	3	6	10
-996095811	3	6	10
-996140543	3	7	12
-996452911	3	6	10
-996480599	3	8	17
-996692791	3	8	14
-996758963	3	8	12
-996764903	3	8	10
-996813172	3	7	11
-996946751	3	8	12
-997034916	81	8	12
-997041092	3	6	10
-997145791	3	7	11
-997156751	3	5	6
-997224251	9	8	13
-997275431	3	7	10
-997275896	3	8	13
-997770115	3	6	9
-997862063	3	8	10
-997964040	3	6	10
-997996587	3	6	10
-998089779	3	8	10
-998122835	3	6	10
-998137027	3	8	10
-998161915	3	9	15
-998177988	3	6	10
-998224531	3	8	10
-998310088	3	7	12
-998323591	3	7	12
-998325163	3	6	10
-998611032	3	8	12
-998669399	3	8	13
-998683303	27	8	10
-998719240	3	8	12
-998786392	3	6	10
-998958484	3	8	11
-998987695	3	7	11
-999009411	243	8	12
-999067395	3	8	10
-999412567	3	8	12
-999418679	3	8	10
-999585268	3	8	11
-999593108	3	10	20
-999631591	3	8	11
-999842216	3	9	13
-999923207	3	7	11
-999990363	3	6	10
-1000114823	3	7	11
-1000230135	3	8	12
-1000237659	3	7	10
-1000260916	3	7	11
-1000352083	3	6	10
-1000369428	9	6	10
-1000488436	3	7	11
-1000715032	9	9	13
-1000719988	3	8	12
-1000758548	3	7	12
-1000774808	3	8	12
-1000877423	3	8	12
-1000954571	3	8	10
-1000976836	81	8	12
-1001081903	3	8	11
-1001113339	3	8	13
-1001131588	3	8	10
-1001185556	3	8	10
-1001260135	3	8	13
-1001291784	3	7	9
-1001300071	3	8	10
-1001376767	3	8	10
-1001459896	3	8	12
-1001505227	3	8	13
-1001578792	3	8	14
-1001655716	3	8	12
-1001788139	3	6	9
-1001851508	3	8	10
-1001993080	3	6	10
-1002037112	3	5	5
-1002222947	3	8	11
-1002289480	3	8	12
-1002361823	3	8	13
-1002439095	3	8	13
-1002466824	3	7	11
-1002726312	3	6	10
-1002748004	3	8	12
-1002875835	3	8	12
-1002878840	9	7	12
-1003015955	3	8	10
-1003177736	3	10	15
-1003368280	3	6	10
-1003444763	3	7	11
-1003452308	3	8	10
-1003510955	3	8	13
-1003512783	3	8	12
-1003550971	3	6	10
-1003674019	3	8	12
-1003685187	3	8	12
-1003773992	3	5	6
-1003805531	3	8	10
-1003889863	3	6	8
-1003913043	3	8	10
-1003962839	3	6	10
-1004111060	3	5	6
-1004166527	3	8	13
-1004236627	3	6	9
-1004306932	3	5	6
-1004331127	3	6	10
-1004384851	3	8	10
-1004449112	3	7	8
-1004549691	81	8	12
-1004577032	9	9	13
-1004698219	3	10	16
-1004713951	27	8	12
-1004819764	3	8	10
-1004955448	3	8	12
-1004955963	27	8	12
-1005095479	3	8	13
-1005202039	3	8	12
-1005322271	3	8	11
-1005509443	3	7	11
-1005649944	3	7	7
-1005707315	3	6	9
-1005785972	3	8	13
-1005855387	9	7	12
-1005868356	3	8	11
-1005912907	3	8	12
-1005976132	3	8	12
-1006011940	3	8	12
-1006062467	9	8	13
-1006204547	3	6	10
-1006235699	3	7	12
-1006255144	3	8	10
-1006459283	3	7	12
-1006480631	9	7	12
-1006571476	3	7	11
-1006606723	3	5	9
-1006651727	3	8	10
-1006959047	3	7	11
-1006966319	3	7	12
-1006979320	3	6	10
-1007023999	3	6	10
-1007087028	3	8	17
-1007187908	3	8	13
-1007263271	3	8	13
-1007351363	3	6	9
-1007404264	3	7	12
-1007517032	3	8	10
-1007595188	3	8	10
-1007634739	3	7	11
-1007650964	3	7	9
-1007739903	3	8	13
-1007753711	3	8	10
-1007812095	3	5	9
-1007893320	3	8	13
-1008019987	3	6	8
-1008098011	3	6	11
-1008482035	3	8	12
-1008505787	3	8	14
-1008611063	3	6	10
-1008772607	3	6	10
-1008914564	3	8	13
-1008930927	3	8	12
-1008940699	3	8	10
-1009055599	3	7	12
-1009284312	3	8	13
-1009428772	3	6	10
-1009494147	3	8	12
-1009592563	3	7	12
-1009627247	3	8	14
-1009710383	3	7	12
-1009743143	3	8	12
-1009775204	729	8	12
-1009881604	3	8	10
-1010014831	3	7	12
-1010038295	3	11	21
-1010059476	3	5	9
-1010133928	3	8	13
-1010173796	3	8	12
-1010312884	3	8	11
-1010390151	3	7	9
-1010395252	3	7	11
-1010398399	3	8	10
-1010454899	3	7	11
-1010618084	3	8	12
-1010620319	3	6	10
-1010621540	9	9	13
-1010647304	3	7	9
-1010671352	3	6	10
-1010723204	3	5	6
-1010741972	3	8	12
-1010850319	3	8	13
-1010958596	3	7	12
-1010966791	3	8	10
-1011129620	9	8	12
-1011160967	3	6	10
-1011194356	3	7	7
-1011202163	3	5	8
-1011230943	3	8	12
-1011296132	3	6	10
-1011415783	3	8	10
-1011482131	3	9	16
-1011589203	3	8	10
-1011663220	3	8	12
-1011687555	3	11	13
-1011896699	3	8	10
-1012023239	3	8	12
-1012025271	3	8	12
-1012075611	3	6	10
-1012454851	3	7	9
-1012465887	3	6	10
-1012481795	3	8	10
-1012602859	27	8	12
-1012725687	3	7	11
-1012816164	3	8	12
-1013068651	3	8	10
-1013113103	3	8	12
-1013229016	3	8	12
-1013444455	3	8	12
-1013672095	3	8	11
-1013675835	9	7	12
-1013761471	3	5	9
-1013766551	9	8	12
-1013794167	3	8	11
-1013816067	27	8	12
-1013887867	9	9	13
-1014143812	3	7	12
-1014178991	27	8	12
-1014205912	3	6	9
-1014216395	3	5	6
-1014217799	3	6	10
-1014238787	3	8	14
-1014417003	3	8	10
-1014491667	3	9	16
-1014505059	3	6	10
-1014590164	9	8	13
-1014591736	3	7	12
-1014725976	9	8	10
-1014736532	3	8	10
-1014742531	3	8	13
-1014927287	81	8	12
-1014934447	3	7	11
-1015089227	3	8	14
-1015115416	3	8	11
-1015206251	3	11	19
-1015373188	3	7	10
-1015387343	3	7	7
-1015509464	3	7	12
-1015547492	3	8	13
-1015549336	3	8	10
-1015583172	3	5	6
-1015776967	3	8	10
-1015828919	3	8	12
-1015836027	3	6	10
-1015881599	3	6	10
-1015937812	3	6	10
-1015960459	3	7	12
-1016079160	3	8	14
-1016099643	3	6	10
-1016105659	3	6	9
-1016233355	3	6	9
-1016422676	3	6	10
-1016546243	3	9	13
-1016792916	3	6	10
-1016901592	3	7	11
-1016960056	3	7	12
-1017078456	27	8	12
-1017191371	3	8	12
-1017377747	3	8	10
-1017410543	3	8	10
-1017468920	3	5	9
-1017688883	3	6	10
-1017701687	9	7	12
-1017780971	3	6	10
-1017889192	3	9	18
-1018069823	3	6	10
-1018139143	81	8	12
-1018169563	3	6	9
-1018455092	3	6	10
-1018548532	3	5	9
-1018649767	3	8	13
-1018670243	3	6	10
-1018871283	9	7	11
-1018918547	3	6	10
-1018957191	3	8	13
-1019048068	3	8	10
-1019309791	3	8	10
-1019510515	9	7	12
-1019579523	3	8	14
-1019642491	3	8	15
-1019736196	3	8	10
-1019798107	3	8	13
-1019803695	3	7	12
-1019966719	9	8	10
-1019976691	3	8	12
-1020019603	3	6	9
-1020187195	3	7	12
-1020197796	3	6	9
-1020325827	3	8	12
-1020368083	3	6	10
-1020390820	3	8	10
-1020616847	3	6	10
-1020673988	27	8	12
-1020925691	3	7	11
-1020953379	3	9	14
-1020994163	3	8	12
-1021083816	3	6	10
-1021170040	3	7	12
-1021202587	3	8	12
-1021207295	3	6	10
-1021222239	3	7	11
-1021357284	3	8	12
-1021445419	3	6	10
-1021485271	3	6	10
-1021563704	27	7	12
-1021609508	3	8	13
-1021647983	3	6	10
-1021681879	3	6	8
-1021783927	3	8	10
-1021950692	27	7	12
-1022005579	3	7	11
-1022210187	9	8	13
-1022386936	3	8	12
-1022472103	3	7	10
-1022554283	3	7	12
-1022606699	3	8	13
-1022616551	3	8	10
-1022625515	3	6	10
-1022639647	3	8	12
-1022640539	27	7	12
-1022868647	3	8	12
-1022879204	3	8	10
-1023080372	3	8	11
-1023132347	3	8	10
-1023312712	3	8	12
-1023337144	3	8	12
-1023597947	3	7	12
-1023641576	3	7	7
-1023647987	3	8	13
-1023698707	27	8	12
-1023732392	3	8	15
-1023745459	3	7	12
-1023815919	3	7	12
-1023946055	3	8	12
-1024006547	3	8	10
-1024114996	3	8	13
-1024136436	3	4	4
-1024138435	3	8	10
-1024630771	3	8	10
-1024643783	3	5	9
-1024699704	3	7	10
-1024846331	3	8	13
-1024852891	3	6	8
-1024893715	3	8	13
-1024970711	3	8	13
-1025186815	3	8	11
-1025202003	3	8	12
-1025244484	9	9	15
-1025253211	3	8	11
-1025442491	3	6	10
-1025591863	3	6	9
-1025657572	3	7	10
-1025763956	3	7	12
-1025940371	81	7	12
-1025988635	3	7	11
-1026000647	27	8	12
-1026153496	3	7	11
-1026167719	3	8	14
-1026212131	3	8	10
-1026383727	3	8	12
-1026393320	3	5	6
-1026403960	3	8	12
-1026466979	3	8	10
-1026526276	3	7	11
-1026745807	3	8	10
-1026891811	9	8	12
-1026895071	3	7	12
-1026902567	9	7	12
-1026947364	9	7	12
-1026984731	3	8	12
-1027527211	3	6	10
-1027746536	3	6	10
-1027851956	9	5	6
-1027886404	3	8	11
-1027886851	3	8	10
-1027929335	3	7	12
-1028188056	3	8	12
-1028282179	3	8	12
-1028540696	3	6	9
-1028545631	3	8	10
-1028696467	3	8	12
-1028731399	3	8	10
-1028738003	9	5	6
-1028753707	3	8	13
-1028781716	3	7	12
-1028893640	3	6	10
-1028961544	3	6	10
-1029105411	3	8	10
-1029136719	3	7	11
-1029164244	3	6	10
-1029165720	3	8	13
-1029224863	3	6	10
-1029340003	3	8	13
-1029550407	3	7	9
-1029811623	3	8	13
-1029910627	3	8	10
-1029927144	3	8	10
-1029996635	3	8	14
-1030095604	3	8	12
-1030126483	9	9	13
-1030184059	3	8	12
-1030190183	3	8	10
-1030243035	3	6	10
-1030445940	3	6	10
-1030446120	3	8	13
-1030615003	3	8	15
-1030669252	9	8	13
-1031032807	3	8	13
-1031087451	3	8	13
-1031170279	3	8	12
-1031184152	3	6	10
-1031220232	3	7	11
-1031291347	3	8	13
-1031392931	3	7	12
-1031500735	3	7	9
-1031645911	3	6	9
-1031668788	3	6	10
-1031669336	3	8	10
-1031814276	3	8	12
-1031860564	3	8	11
-1032169047	3	8	13
-1032215912	3	8	12
-1032239748	3	7	10
-1032244616	3	8	12
-1032287407	3	8	13
-1032297476	3	6	10
-1032329683	27	8	12
-1032669384	3	6	10
-1032735135	3	6	10
-1032866911	3	7	12
-1032886787	3	8	10
-1032915047	3	8	11
-1032994632	9	8	13
-1033063459	3	6	10
-1033253023	3	8	10
-1033287047	27	7	12
-1033289639	3	8	11
-1033458260	3	6	10
-1033511507	3	8	10
-1033573099	3	6	10
-1033627927	3	8	17
-1033699739	3	8	13
-1033707511	3	8	12
-1033898323	3	8	10
-1033935016	3	6	10
-1033977859	9	7	12
-1034063767	3	7	12
-1034203487	3	8	12
-1034364035	9	7	12
-1034380047	3	6	10
-1034383827	3	5	5
-1034403135	9	6	10
-1034424584	9	6	10
-1034570504	9	8	12
-1034578196	3	7	11
-1034600999	3	6	10
-1034645483	3	8	13
-1034702987	3	6	9
-1034728376	3	8	13
-1034757083	3	6	10
-1034788115	3	8	10
-1034996932	3	8	13
-1035034388	3	7	11
-1035044643	3	8	13
-1035137935	3	4	5
-1035272895	3	10	15
-1035330495	3	8	13
-1035349863	3	8	10
-1035561999	3	8	13
-1035588696	3	7	10
-1035590707	3	8	13
-1035661192	3	7	12
-1035740931	27	8	12
-1035867947	3	8	10
-1036147263	3	8	10
-1036204683	3	8	13
-1036208740	3	8	13
-1036328995	3	8	12
-1036348003	3	8	12
-1036373204	3	8	10
-1036412903	3	7	12
-1036421527	3	11	20
-1036478296	3	5	9
-1036510891	3	8	14
-1036690539	3	7	11
-1036783563	3	7	11
-1036889567	3	6	9
-1037017192	3	7	12
-1037063731	9	8	10
-1037066984	3	6	10
-1037184455	3	8	12
-1037207111	3	7	9
-1037298084	9	8	12
-1037329439	9	8	12
-1037354232	3	8	12
-1037405047	3	8	10
-1037455527	3	7	9
-1037460115	3	8	13
-1037739588	3	8	12
-1037863160	3	8	12
-1037881812	3	8	12
-1037998319	3	8	10
-1038016743	3	8	13
-1038018103	3	8	13
-1038023220	3	5	6
-1038308360	3	7	11
-1038411123	3	8	10
-1038438715	3	6	10
-1038522559	9	9	13
-1038555448	3	5	9
-1038676772	3	11	18
-1038824836	3	6	9
-1038895723	3	8	12
-1039111563	3	5	9
-1039120359	3	8	10
-1039243972	3	6	11
-1039356331	3	8	11
-1039365543	3	5	6
-1039454472	3	6	9
-1039606031	3	7	11
-1039612979	3	7	9
-1039630195	3	8	10
-1039705780	3	8	12
-1039769880	3	8	13
-1040157876	3	8	10
-1040193496	3	8	13
-1040208683	3	8	13
-1040272628	3	8	11
-1040548036	3	5	6
-1040574484	3	7	11
-1040858039	3	6	10
-1040864311	3	6	10
-1040970244	3	8	12
-1041018936	3	6	10
-1041089768	3	8	12
-1041220767	3	8	11
-1041222163	3	6	10
-1041342851	3	8	10
-1041345384	3	8	15
-1041347604	3	6	10
-1041350676	3	8	10
-1041412836	27	8	12
-1041439871	3	6	10
-1041535243	3	6	10
-1042058191	3	7	12
-1042114136	9	8	12
-1042233447	3	7	11
-1042308735	3	7	12
-1042349599	3	10	16
-1042354307	3	9	15
-1042460040	3	8	13
-1042528443	3	8	10
-1042735267	3	8	12
-1042739519	3	10	19
-1042858520	3	7	11
-1042920251	3	8	12
-1043029364	3	8	10
-1043182216	3	8	12
-1043190435	81	8	12
-1043298355	3	6	10
-1043306823	3	8	11
-1043344767	9	9	13
-1043408963	3	8	11
-1043481847	9	8	12
-1043870980	3	8	12
-1043913839	3	8	13
-1043934415	3	8	10
-1044036292	3	8	10
-1044141191	3	8	14
-1044163039	81	8	12
-1044255544	27	8	12
-1044311351	3	6	10
-1044372836	3	5	5
-1044374991	3	7	11
-1044491559	3	8	12
-1044602392	3	8	11
-1044602947	3	8	10
-1044635752	3	8	10
-1044674052	3	6	9
-1044725127	6561	8	12
-1044874283	3	8	13
-1044916791	3	8	12
-1044951528	3	8	11
-1044976227	3	5	9
-1045013624	3	6	9
-1045115971	3	6	10
-1045141547	3	8	12
-1045213608	3	8	13
-1045217659	3	8	13
-1045399727	3	8	10
-1045450315	9	7	12
-1045603119	3	8	10
-1045607683	9	8	12
-1045751899	3	6	10
-1045922359	3	8	10
-1046118583	3	6	10
-1046317971	3	6	9
-1046550280	3	6	10
-1046576723	3	6	10
-1046689172	9	7	12
-1046765327	3	8	13
-1046767723	3	6	10
-1046991155	3	11	11
-1047010427	9	8	12
-1047145619	9	7	12
-1047265016	3	6	10
-1047285343	3	8	13
-1047323279	3	6	10
-1047559947	3	8	15
-1047612340	3	8	11
-1047654599	3	7	11
-1047695603	3	9	15
-1047719683	3	8	13
-1047787035	3	8	10
-1047805907	3	8	13
-1047865611	3	6	11
-1047983331	3	7	12
-1048062403	3	7	12
-1048096707	3	8	12
-1048198579	3	7	12
-1048234379	3	6	10
-1048303304	3	8	12
-1048308920	3	8	12
-1048338831	3	6	9
-1048657796	3	7	12
-1048709823	3	8	10
-1048720459	3	8	12
-1048817524	3	8	12
-1048825379	9	9	15
-1048881959	3	8	10
-1048937515	3	7	12
-1048952479	3	6	9
-1048953947	3	8	10
-1048969947	81	8	12
-1049008456	3	9	15
-1049219979	3	7	11
-1049283059	3	8	13
-1049361320	3	6	10
-1049464532	3	7	11
-1049528995	3	6	10
-1049600883	3	8	12
-1049668195	3	8	15
-1049770623	3	8	10
-1049820359	3	6	10
-1049946728	3	8	12
-1050375587	3	8	12
-1050444307	3	6	9
-1050475267	3	8	13
-1050571363	9	8	13
-1050613439	3	8	15
-1050684091	3	7	10
-1050703748	3	6	9
-1050704543	3	7	10
-1051007467	3	7	11
-1051024132	3	7	11
-1051034120	9	8	12
-1051040815	3	6	10
-1051066523	3	11	18
-1051196071	3	6	10
-1051306052	3	8	12
-1051352596	3	8	10
-1051727323	3	7	11
-1051772307	3	6	10
-1051829347	27	8	12
-1051879143	3	6	10
-1051945331	3	7	12
-1052119931	3	8	10
-1052153435	3	6	10
-1052197784	3	9	13
-1052234351	3	7	11
-1052257672	9	7	12
-1052351935	3	5	9
-1052423592	3	7	12
-1052466159	3	7	12
-1052490772	3	6	10
-1052507192	3	8	12
-1052680639	3	7	12
-1052690543	3	8	12
-1052738787	3	8	10
-1052880632	3	10	19
-1053023988	3	11	13
-1053031171	3	8	13
-1053045527	3	8	10
-1053079935	3	8	12
-1053094227	3	6	10
-1053101827	3	8	13
-1053165876	3	7	11
-1053270683	3	6	10
-1053367364	3	6	9
-1053571451	9	7	12
-1053693528	3	6	9
-1053723911	3	7	9
-1054037067	3	8	12
-1054255127	3	7	11
-1054308955	27	7	12
-1054379780	3	8	14
-1054399751	3	8	12
-1054455691	3	6	9
-1054555012	3	6	8
-1054610004	3	8	13
-1054684067	3	6	10
-1054684571	3	8	10
-1054889668	3	6	10
-1054896751	81	8	12
-1055040863	3	8	10
-1055064523	3	6	10
-1055146424	3	7	10
-1055150123	3	7	12
-1055228135	3	6	10
-1055262927	3	8	10
-1055279851	3	6	10
-1055337871	3	8	10
-1055556264	9	7	12
-1055622311	3	8	13
-1055730871	3	8	12
-1056009711	27	7	12
-1056051496	3	7	11
-1056196587	3	8	10
-1056197224	3	8	12
-1056294343	3	7	9
-1056409711	3	8	13
-1056463543	3	8	13
-1056509743	3	7	12
-1056664212	3	8	13
-1056713848	3	6	10
-1056782643	3	6	9
-1056790751	3	8	10
-1056833067	3	6	10
-1057013587	729	8	12
-1057087447	3	8	12
-1057201863	3	5	6
-1057285911	3	8	12
-1057353044	3	8	10
-1057375828	3	7	13
-1057426923	3	5	6
-1057453464	3	7	11
-1057492443	3	6	9
-1057510759	3	6	9
-1057522308	3	8	10
-1057765640	9	8	12
-1057766487	3	8	10
-1057784871	3	8	13
-1057837147	3	7	12
-1057935999	3	11	18
-1057946035	3	8	12
-1057977671	3	7	12
-1058015107	3	8	10
-1058078195	3	8	13
-1058199547	3	8	12
-1058207779	9	8	10
-1058296836	3	9	13
-1058350027	3	8	11
-1058358468	3	9	16
-1058367188	27	8	12
-1058385471	3	8	13
-1058471108	3	5	9
-1058549731	3	8	10
-1058567947	3	8	10
-1058621919	3	7	12
-1058720907	3	8	10
-1058770363	3	7	11
-1058774804	3	9	15
-1058802728	3	8	13
-1058832004	243	8	12
-1059211528	3	7	12
-1059317911	3	8	11
-1059452759	3	8	12
-1059524295	3	7	12
-1060003460	3	6	10
-1060101811	3	8	11
-1060104271	3	6	10
-1060147231	3	8	13
-1060496103	3	5	6
-1060673051	3	7	11
-1060727252	3	8	12
-1061193467	3	7	11
-1061222531	81	8	12
-1061277331	3	8	13
-1061363992	9	9	15
-1061364479	3	6	10
-1061472467	3	8	12
-1061530683	3	8	12
-1061578003	27	8	12
-1061666355	3	8	10
-1061785747	3	5	6
-1061866248	3	9	18
-1061878863	3	8	10
-1062161864	3	7	11
-1062248219	3	6	10
-1062320903	3	8	12
-1062447899	3	8	12
-1062453203	3	7	11
-1062453919	3	6	9
-1062662696	3	8	10
-1062686343	3	8	12
-1062795683	3	6	10
-1062881032	3	8	13
-1063329412	3	7	12
-1063387347	3	8	12
-1063473384	3	6	10
-1063483752	3	7	12
-1063760815	3	8	12
-1063780111	3	6	9
-1063780660	3	8	10
-1063837839	3	8	10
-1063882664	81	8	12
-1063952216	3	8	10
-1064120687	3	8	13
-1064347095	3	8	13
-1064356447	3	8	12
-1064399496	27	8	12
-1064485699	3	6	10
-1064496215	3	6	10
-1064580603	3	6	9
-1064596155	3	6	10
-1064876872	3	8	12
-1065059187	3	6	11
-1065091348	3	8	10
-1065094687	3	7	12
-1065136424	3	8	13
-1065148079	3	8	12
-1065216155	3	8	9
-1065326564	3	7	12
-1065366111	9	8	10
-1065611227	3	6	10
-1065681476	3	6	9
-1065726643	3	6	10
-1065893583	9	9	15
-1066337571	9	8	12
-1066383295	3	8	11
-1066534887	3	8	12
-1066703567	3	6	10
-1066736211	3	7	11
-1067026651	3	9	13
-1067241576	3	7	11
-1067262303	3	6	10
-1067295923	3	8	11
-1067392468	3	7	12
-1067450984	9	7	12
-1067509487	3	8	12
-1067518871	3	8	14
-1067558543	3	8	12
-1067632015	81	8	12
-1067680931	3	8	13
-1067707912	3	6	10
-1067766891	3	8	15
-1067783307	3	7	11
-1067857604	2187	8	12
-1068282003	9	6	10
-1068415135	3	7	9
-1068424904	3	7	12
-1068593160	81	8	12
-1068691787	3	8	12
-1068701243	3	8	12
-1068876695	3	8	12
-1068877651	3	6	10
-1068949231	3	8	13
-1068993571	3	8	13
-1069060791	3	8	13
-1069064308	729	8	12
-1069082863	3	9	15
-1069414887	3	6	10
-1069440303	3	6	10
-1069469827	3	8	12
-1069564135	3	6	10
-1069599407	3	8	12
-1069788152	3	7	11
-1069804779	3	5	6
-1069857060	243	8	12
-1069878164	3	8	12
-1069921687	3	8	12
-1069939803	3	9	13
-1070142767	3	8	12
-1070420339	3	8	10
-1070500751	9	8	13
-1070651739	3	7	11
-1070701135	3	6	10
-1070776463	81	8	12
-1070861987	3	6	10
-1070920472	3	8	10
-1070945659	3	8	13
-1071008911	3	5	6
-1071071079	9	9	13
-1071087943	3	8	13
-1071141320	3	8	12
-1071161359	3	6	10
-1071284079	3	8	12
-1071289543	3	7	12
-1071314612	3	8	13
-1071460523	3	8	10
-1071635063	3	7	12
-1071636643	3	6	10
-1071776967	9	8	12
-1071884155	3	10	15
-1072023983	3	8	13
-1072059268	3	7	12
-1072076744	3	9	13
-1072166399	3	8	12
-1072220527	3	6	10
-1072226488	3	7	11
-1072239095	27	8	12
-1072257944	3	6	10
-1072369844	3	7	8
-1072393131	3	6	8
-1072630612	3	8	11
-1072637736	3	8	12
-1072703759	3	6	10
-1073365063	3	7	12
-1073574399	3	7	11
-1073595487	3	8	13
