-3321607
-3640387
-4019207
-4447704
-4472360
-4818916
-4897363
-5048347
-5067967
-5153431
-5288968
-5769988
-6562327
-7016747
-7060148
-7503391
-7546164
-8124503
-8180671
-8721735
-8819519
-8992363
-9379703
-9487991
-9778603
-10348907
-10381927
-10676983
-11072355
-11324296
-11328339
-11389912
-11393951
-11967780
-12047115
-12201979
-12559720
-12641639
-12755172
-12840904
-12897383
-13275687
-13278979
-13863220
-13974943
-14177407
-14227223
-14445844
-14643743
-14935391
-15476323
-15625067
-15987407
-16006307
-16042291
-16434239
-16564388
-16572804
-16657624
-16763912
-16784851
-17000507
-17112804
-17177572
-17496643
-17653587
-17725451
-17810891
-17896020
-17987428
-18409348
-18582159
-18590515
-18594131
-19006932
-19233080
-19368251
-19513736
-19912611
-19932436
-19941763
-19969763
-20080808
-20096024
-20252728
-20501128
-20621908
-20846440
-21194392
-21483928
-21658407
-21747455
-21806879
-21965907
-21972215
-22151867
-22165572
-22309331
-22441080
-23104527
-23321832
-23685848
-23951123
-24143284
-24418831
-24688264
-24909131
-24952655
-25012003
-25249451
-25274247
-25424951
-25660711
-25680535
-25684355
-25748312
-25997167
-26156083
-26430603
-26514856
-26607371
-26758111
-27458447
-27607115
-27634267
-27808763
-27840799
-27858536
-28114627
-28494568
-28502452
-28732623
-28914811
-28991499
-28996895
-29039896
-29225219
-29313672
-29349211
-29395571
-29454007
-29482627
-29597551
-29613268
-29676772
-29725336
-30078739
-30110403
-30365267
-30470603
-30479731
-30536548
-30580763
-30778471
-31170815
-31604267
-31859095
-32139951
-32256687
-32332891
-32494888
-32711691
-32830228
-32852423
-32922883
-32967727
-33450387
-33505727
-33543383
-33778824
-33866072
-33886715
-33889487
-34019704
-34025032
-34294431
-34365368
-34394964
-34395976
-34410767
-34557071
-34587283
-34700727
-34757159
-34764971
-35063799
-35180884
-35269627
-35275411
-35397931
-35470387
-35494763
-35858996
-35910676
-36323563
-36352456
-36399667
-36519044
-36848479
-36975896
-37418788
-37595407
-37762223
-37882679
-37935860
-37940287
-38206088
-38295992
-38547491
-38582072
-38588287
-38683940
-38711939
-38934467
-39026155
-39678747
-39726931
-40294232
-40305668
-40524047
-40628227
-40644155
-40956599
-40974248
-41128408
-41337480
-41344543
-41443599
-41477179
-41755827
-41889531
-41896536
-41980504
-42071235
-42132596
-42252679
-42305279
-42322639
-42503351
-42587971
-42686563
-42808163
-42826011
-42895603
-42907123
-42986939
-43080191
-43139524
-43376628
-43461239
-43586455
-43710943
-43798756
-43963060
-43987623
-44097816
-44378884
-44387671
-44659183
-44671307
-44772863
-44813091
-44849411
-45152879
-45183043
-45554287
-45722467
-45770539
-45971092
-46220036
-46237207
-46280315
-46356087
-46677864
-46783571
-46887364
-46905323
-47332147
-47450935
-47455087
-47677668
-47831891
-47963219
-48023907
-48330759
-48511515
-48651143
-48862488
-48973895
-49127647
-49303355
-49499524
-49594276
-49666519
-49723123
-49875223
-49993463
-50065655
-50179656
-50463903
-50563859
-50566564
-50609427
-50611819
-50713799
-50831112
-50977103
-50994247
-51065211
-51274915
-51371291
-51880371
-52088423
-52119327
-52494539
-52517111
-52526399
-52532008
-52722084
-52743011
-53090887
-53209523
-53246276
-53395079
-53450299
-53472280
-53765843
-53893759
-53997976
-54060483
-54258447
-54433787
-54530671
-54750952
-54962868
-55002551
-55099043
-55247159
-55458643
-55459844
-55990111
-56012791
-56023159
-56062840
-56179268
-56227223
-56877643
-56892947
-56910443
-57236692
-57280391
-57525107
-57537671
-57554915
-57886599
-58055055
-58106407
-58264280
-58436551
-58503176
-58616979
-58670031
-58830347
-58917044
-58924687
-58983812
-59240407
-59283247
-59283847
-59289547
-59457832
-59728531
-60157219
-60252979
-60416488
-60638315
-60661208
-60670931
-60732499
-60912499
-60936143
-61043151
-61050644
-61052171
-61063943
-61090772
-61113332
-61263451
-61522964
-61559087
-61764971
-61954504
-62092203
-62202324
-62299023
-62919784
-62993416
-63069839
-63165371
-63199139
-63263807
-63572952
-63643603
-63849412
-63946915
-63953087
-64018859
-64046083
-64058143
-64080884
-64345151
-64677252
-64733531
-64842308
-64894027
-65118839
-65257604
-65417747
-65547115
-65561387
-65566643
-65739755
-65809779
-66047467
-66126811
-66319367
-66483203
-66847063
-66873559
-66977099
-67223287
-67231491
-67244147
-67271572
-67322296
-67493503
-67604871
-67657143
-67726936
-67912984
-68193140
-68259176
-68261656
-68516555
-68523256
-68642059
-68655147
-68903007
-69456767
-69544011
-69645755
-69676520
-69709283
-69768715
-69933299
-70061912
-70164019
-70177623
-70488707
-70502371
-70853099
-71153643
-71227880
-71253620
-71525815
-71527667
-71545411
-71603795
-71655143
-71659867
-71662359
-71911464
-72088707
-72128884
-72222184
-72673979
-72691603
-72839983
-72903379
-72972579
-73046319
-73086555
-73097403
-73103963
-73123807
-73509431
-73539679
-73816115
-73831256
-73892607
-74069848
-74251236
-74343019
-74428948
-74446471
-74672023
-74775687
-74926067
-74944691
-74977087
-74988295
-75069563
-75170616
-75199172
-75199703
-75474676
-75700947
-75950259
-76062191
-76278068
-76295551
-76327547
-76563391
-76644136
-76719119
-76781539
-76819303
-76933327
-77016484
-77436244
-77533044
-77879663
-77947879
-78051887
-78113599
-78123956
-78159544
-78417563
-78616756
-78766563
-78789999
-79042567
-79076147
-79239059
-79239963
-79378899
-79417343
-79446183
-79713039
-79777147
-79821928
-79843343
-79889939
-79954936
-80055743
-80067263
-80179323
-80228087
-80340595
-80667656
-81002507
-81055347
-81080107
-81173699
-81430807
-81491291
-81592963
-81952699
-82147415
-82220615
-82346307
-82361155
-82593159
-82735860
-82911943
-82927111
-82960979
-83076495
-83164003
-83181284
-83260039
-83281243
-83512523
-83555403
-83593716
-83655843
-83667140
-83678267
-83739364
-83876747
-83977007
-83987583
-84000335
-84091667
-84404939
-84503683
-84537355
-84604483
-84730747
-84962455
-85241139
-85273015
-85349659
-85436308
-85503343
-85829711
-85846072
-85893823
-85922243
-85944759
-85965519
-86099672
-86148239
-86530739
-87068820
-87076607
-87116531
-87155515
-87227535
-87289583
-87374676
-87438824
-87556859
-87590243
-87621595
-87759928
-87771844
-87893823
-87970040
-88163771
-88235059
-88359035
-88396079
-88474207
-88503319
-88605903
-88957723
-89101399
-89209544
-89234452
-89258335
-89284916
-89466479
-89471204
-89479108
-89575699
-89625131
-90055207
-90129243
-90151727
-90233124
-90379720
-90399059
-90424839
-90428676
-90531160
-90751007
-90827851
-90847527
-91120904
-91153780
-91171831
-91246847
-91420051
-91765579
-91789131
-92011559
-92519956
-92547507
-92613251
-92630292
-92788051
-92956243
-92965111
-93345044
-93463883
-93494131
-93572052
-93672231
-93695199
-93785768
-93828263
-94226740
-94314472
-94359479
-94489012
-94600216
-94652299
-94709544
-94771304
-94779688
-94932955
-95043595
-95117988
-95319944
-95378159
-95400167
-95932132
-96012987
-96032407
-96095191
-96157147
-96163699
-96198436
-96347887
-96529780
-96569255
-96632203
-96635087
-96691448
-96758036
-96769507
-96924143
-96956527
-97028499
-97097335
-97193767
-97508420
-97572883
-97660095
-97677239
-97685956
-98134403
-98346291
-98501444
-98512820
-98532655
-98975828
-98999924
-99063651
-99119012
-99151723
-99356968
-99422308
-99888447
-100051871
-100183379
-100203007
-100351651
-100465547
-100470679
-100552015
-100765576
-100861323
-101022855
-101035903
-101177319
-101375499
-101380051
-101402132
-101588291
-101706439
-101706719
-101726123
-101764712
-101798884
-101993963
-102107476
-102408356
-102448843
-102504715
-102862399
-102875979
-102991307
-103019367
-103066755
-103233395
-103265860
-103410836
-103419807
-103585979
-103770483
-103804552
-103965639
-104176635
-104540167
-104712567
-104728740
-104729779
-104731543
-104864343
-104906328
-104956276
-105040211
-105071143
-105215595
-105273787
-105274283
-105347240
-105569787
-105589567
-105720547
-105834035
-105860635
-105967319
-106125551
-106247912
-106268803
-106331556
-106372235
-106715623
-106925507
-107033560
-107034195
-107095315
-107314951
-107475007
-107623363
-107668299
-107682635
-108037479
-108109907
-108273279
-108289923
-108315995
-108518063
-108526127
-108627752
-108654647
-108764879
-108803464
-108890715
-109036687
-109060195
-109414808
-109587704
-109970463
-110021687
-110317755
-110398423
-110426808
-110528935
-110554211
-110800772
-110870967
-110899864
-110992667
-111043195
-111199539
-111234260
-111442868
-111677988
-111690015
-111900819
-111924471
-112047087
-112059944
-112072984
-112112119
-112117351
-112121876
-112363203
-112456564
-112547220
-112596647
-112723355
-112889387
-112992004
-113007880
-113018495
-113096244
-113105219
-113156599
-113167511
-113221139
-113259832
-113490499
-113540959
-113890891
-114080251
-114100019
-114178515
-114292127
-114296595
-114514807
-114536483
-114574879
-114601055
-114610335
-114622887
-115001783
-115026215
-115076040
-115205367
-115329767
-115516059
-115566587
-115676840
-115737043
-115915967
-116208379
-116256163
-116313160
-116537768
-116689115
-116737743
-116872171
-117126383
-117211048
-117413191
-117917147
-118035051
-118111703
-118364216
-118414067
-118426632
-118540135
-118625620
-118706147
-118820856
-118874888
-119070947
-119182840
-119208040
-119422468
-119439427
-119602411
-119771843
-119808287
-119850047
-119879459
-119905627
-120085699
-120214447
-120291131
-120340607
-120423796
-120457012
-120727867
-120755064
-120770168
-120779123
-120906347
-120976943
-121013764
-121212515
-121270235
-121295560
-121382643
-121462739
-121494820
-121599127
-121791091
-122084895
-122237763
-122333143
-122340311
-122380811
-122400367
-122563911
-122592871
-122594963
-122641927
-122739448
-122818616
-122836171
-122845123
-122924623
-123088355
-123418083
-123437656
-123440727
-123652535
-123673460
-123698584
-123712095
-123927735
-123939723
-124171604
-124260783
-124438679
-124479319
-124586023
-124789384
-124971331
-125146031
-125151859
-125187496
-125261035
-125266235
-125333412
-125389496
-125474071
-125599604
-125640255
-125932691
-125982391
-126078459
-126160744
-126190095
-126207064
-126247035
-126395447
-126441247
-126453544
-126488119
-126533428
-126680395
-126757480
-126842071
-126931407
-126946959
-127001507
-127083363
-127140819
-127179368
-127214419
-127775543
-127780203
-127839299
-127863723
-128173971
-128219291
-128264243
-128297731
-128400095
-128551556
-128568632
-128631659
-128791076
-128873467
-128942504
-129052759
-129346591
-129465544
-129545647
-129566823
-129621827
-129794180
-129800404
-129853060
-130106879
-130287111
-130323587
-130841668
-130981476
-131071559
-131296148
-131379251
-131461883
-131484740
-131662371
-131789608
-131842299
-132000548
-132067304
-132085951
-132163268
-132309544
-132473940
-132535283
-132696427
-132748228
-132763171
-132768840
-132799179
-132948888
-132975815
-133331928
-133574847
-133667087
-133746671
-133858164
-133920551
-133989187
-134034647
-134104024
-134216987
-134217247
-134400324
-134705176
-134937604
-134937803
-135130999
-135235988
-135448979
-135496963
-135547519
-135618612
-135672259
-135761647
-135813691
-135819467
-135838324
-135896664
-135912067
-135942127
-135992867
-136151583
-136153111
-136185871
-136256647
-136282463
-136687508
-136878251
-137007843
-137034408
-137170183
-137225371
-137291476
-137353544
-137394091
-137436724
-137672011
-137738792
-137752583
-137896439
-138230347
-138387395
-138394136
-138431976
-138603587
-138650388
-138690547
-138697355
-138814971
-139160659
-139174539
-139272611
-139353252
-139457363
-139509247
-139713832
-139725491
-139758459
-139791739
-139854279
-140037972
-140168771
-140196739
-140217268
-140313171
-140367832
-140436319
-140477435
-140507383
-140559544
-140623051
-140655747
-140768771
-140813643
-140987188
-141000955
-141073183
-141154516
-141178143
-141241443
-141590039
-141624232
-141723403
-141772615
-141950147
-141960027
-141976823
-142014499
-142082007
-142270239
-142531951
-142545871
-142650951
-142705139
-142722836
-142829491
-143011787
-143153812
-143294291
-143306932
-143390452
-143506884
-143509683
-143862803
-143978071
-144024031
-144095547
-144115476
-144178420
-144297267
-144317791
-144346308
-144352228
-144449419
-144523723
-144664899
-144708547
-144910303
-145170008
-145281736
-145379719
-145391423
-145519608
-145537655
-145694455
-145761028
-146144183
-146175455
-146215079
-146767151
-146904195
-146969896
-147106619
-147203607
-147223524
-147278003
-147288551
-147364807
-147372692
-147430363
-147488884
-147619732
-147634791
-147671428
-147833688
-147848471
-147863908
-147994487
-148015928
-148077199
-148183412
-148232379
-148326260
-148371684
-148374067
-148447176
-148459339
-148590251
-148670884
-148826372
-148847668
-148917919
-148919560
-149065343
-149126459
-149168660
-149225315
-149292411
-149408452
-149499255
-149548296
-149614899
-149696351
-149796607
-149839763
-149845791
-149876552
-149896580
-149898920
-149969224
-150029755
-150037588
-150102607
-150119711
-150248959
-150266123
-150511811
-150517588
-150560363
-150811763
-150978931
-151017079
-151213531
-151285703
-151310607
-151326223
-151328355
-151418068
-151431927
-151601656
-151793279
-151931352
-152129903
-152141831
-152170691
-152326968
-152566824
-152590867
-152714811
-152816443
-152905127
-153042728
-153198052
-153302195
-153313240
-153480415
-153519367
-153943012
-154046179
-154287143
-154377755
-154481732
-154698484
-154876207
-154983683
-155025784
-155075539
-155118372
-155125299
-155128595
-155183059
-155329032
-155523399
-155535991
-155631895
-155694552
-155849707
-156042111
-156057779
-156143667
-156193879
-156225839
-156396211
-156418328
-156532271
-156684559
-156971831
-157096916
-157196355
-157236043
-157301587
-157315523
-157316487
-157432807
-157658059
-157734627
-157759203
-157790728
-157818392
-157925364
-158030527
-158043283
-158410088
-158480488
-158568063
-158712740
-158907844
-159035703
-159059928
-159120831
-159183431
-159218551
-159264212
-159518299
-159552807
-159566963
-159842587
-159919223
-159937095
-159949967
-159977627
-159983764
-160005791
-160203255
-160265044
-160327995
-160496276
-160504687
-160747208
-160794955
-161268388
-161434111
-161631311
-162002355
-162102223
-162106804
-162404267
-162632559
-162705839
-162763288
-162856443
-162898612
-162946099
-163004039
-163076963
-163092068
-163466895
-163742451
-163766039
-163904980
-163967847
-164016836
-164081444
-164176007
-164195095
-164346863
-164379379
-164443092
-164490995
-164677748
-164782543
-164831348
-164922935
-164952155
-165028287
-165077195
-165118308
-165190723
-165241615
-165279163
-165352883
-165450503
-165487636
-165578919
-165626148
-165641871
-165712292
-165803188
-165813215
-165899471
-165939880
-165978523
-166008856
-166116395
-166194779
-166449560
-166596251
-166662296
-166721311
-167143115
-167309283
-167362379
-167486692
-167522495
-167616283
-167676440
-167729831
-167892467
-168144596
-168228388
-168380088
-168423476
-168587555
-168629363
-168657416
-168674379
-168772951
-168936827
-168941587
-168954179
-168977080
-169003844
-169084939
-169565003
-169683887
-169722548
-169812807
-169863899
-169952971
-170093352
-170269784
-170293295
-170316407
-170421155
-170475647
-170546831
-170558411
-170591747
-170641299
-171697711
-171745732
-171847172
-171891672
-172142408
-172472980
-172519139
-172535059
-172600707
-172864612
-173055459
-173395336
-173436904
-173453135
-173668639
-173695507
-173728479
-173933419
-173970751
-174083503
-174180459
-174209115
-174259523
-174499367
-174716383
-174919243
-174922555
-175252199
-175374843
-175432424
-175763156
-175922643
-175960952
-176010403
-176109944
-176162891
-176214724
-176217427
-176265463
-176401403
-176461971
-176525099
-176696123
-176778823
-176811256
-176830351
-177117767
-177140660
-177146615
-177301835
-177327572
-177353432
-177661288
-177867732
-177887496
-177906983
-177907703
-177911939
-177935896
-178005176
-178099799
-178208719
-178310356
-178446739
-178587192
-178595732
-178717416
-178745587
-178865079
-178904532
-178905743
-178913883
-179016427
-179262491
-179389396
-179422799
-179458559
-179558808
-179638936
-179680511
-179722799
-179908680
-179972851
-179997667
-180102047
-180175091
-180273460
-180478139
-180606567
-180681511
-180757387
-180849736
-180853743
-180969287
-181118363
-181153571
-181220372
-181241707
-181286823
-181342911
-181476599
-181587503
-181588008
-181640027
-181673411
-181825823
-181896179
-181922147
-181950799
-182054323
-182149179
-182164776
-182212055
-182254047
-182318531
-182388184
-182542676
-182619055
-182799908
-182853896
-182899799
-182911171
-182954767
-183140612
-183409151
-183667579
-183685731
-183701471
-183810559
-183923899
-183931791
-184082084
-184351135
-184395227
-184437784
-184537012
-184651483
-184715151
-184720719
-184787051
-185203607
-185310795
-185339587
-185366740
-185376984
-185452055
-185493767
-185593748
-185737816
-185745367
-185794639
-185908231
-185911063
-185974856
-186160899
-186273811
-186324791
-186530207
-186585191
-186732515
-186896084
-187064291
-187136031
-187191391
-187240443
-187256667
-187261944
-187345615
-187487679
-187567459
-187653551
-187856612
-187888579
-187924299
-188027396
-188159512
-188294116
-188342147
-188347123
-188352419
-188409163
-188424655
-188521447
-188689423
-188786283
-188866751
-188874872
-188923415
-189043395
-189113140
-189378391
-189455935
-189537171
-189687759
-189791215
-190047751
-190056363
-190114552
-190539987
-190729947
-191222072
-191258143
-191379071
-191500615
-191572984
-191775716
-191852891
-192103243
-192408559
-192502695
-192576376
-192619924
-192644159
-192757064
-192836527
-192884708
-192928619
-192940519
-193021492
-193060583
-193067320
-193088888
-193390792
-193481043
-193677635
-193717864
-193724683
-193816927
-194056151
-194112068
-194116724
-194186911
-194796280
-194824979
-194878735
-194902340
-194921531
-194940932
-195028116
-195150847
-195522791
-195733911
-195742011
-195812867
-195946071
-196019828
-196027460
-196148436
-196153635
-196237923
-196435124
-196463815
-196476104
-196531007
-196569107
-196597871
-196736856
-197004839
-197305251
-197336239
-197346507
-197380424
-197520655
-197533055
-197602267
-197631463
-197755779
-197851299
-197895156
-198040904
-198110971
-198122815
-198144483
-198194747
-198235939
-198400387
-198453563
-198494239
-198524584
-198820263
-198860299
-198877919
-198887288
-199237908
-199309903
-199344088
-199360376
-199412979
-199477931
-199690283
-199701204
-200114851
-200150516
-200237860
-200268852
-200478803
-200522872
-200543299
-200682148
-200688139
-200762879
-200765784
-200857544
-200904807
-201153651
-201184687
-201249147
-201267635
-201509943
-201670239
-201865828
-201894591
-201944579
-202033203
-202089347
-202630007
-202646280
-202649351
-202945827
-203280547
-203333851
-203335283
-203438815
-203676712
-203768015
-203858167
-203878004
-203883711
-203991051
-204038527
-204050292
-204084679
-204113731
-204440583
-204507832
-204642419
-204658815
-204723067
-204823608
-205076371
-205503987
-205619144
-205689587
-205724667
-205832776
-206198743
-206252439
-206253204
-206311416
-206568676
-206739031
-206811455
-206845879
-206875335
-207000167
-207012155
-207025699
-207041351
-207042888
-207079079
-207311908
-207361259
-207394471
-207482084
-207634199
-207990419
-207995032
-207995847
-208065752
-208367668
-208650767
-208912468
-208955643
-208981867
-209045512
-209147739
-209182171
-209225924
-209263531
-209274179
-209315959
-209368319
-209407499
-209480295
-209552171
-209559507
-209676371
-209714011
-209843384
-210252548
-210370495
-210377495
-210398323
-210432088
-210486319
-210623048
-210687784
-210834547
-210859419
-210906552
-211187839
-211227288
-211248887
-211273319
-211316836
-211478627
-211518948
-211674011
-211697448
-211831727
-211865963
-211982516
-212003767
-212118807
-212206063
-212212823
-212245396
-212258623
-212283492
-212551711
-212640143
-212659304
-212683816
-212731016
-212743887
-212907908
-213013047
-213098367
-213102835
-213113291
-213148667
-213251971
-213255839
-213311095
-213351791
-213510084
-213519091
-213523567
-213574708
-213725919
-213954164
-214239847
-214246036
-214276819
-214281956
-214497487
-214554251
-214568767
-214663543
-214784131
-214829931
-214902679
-215050467
-215096887
-215191176
-215496739
-215588015
-215905567
-216023208
-216101427
-216103128
-216114011
-216224627
-216240116
-216265508
-216383591
-216544255
-216576280
-216600463
-216760103
-216799879
-216895204
-216942043
-217070471
-217169599
-217403747
-217658847
-217690527
-217786888
-217853303
-217895863
-217978511
-217989339
-218070231
-218834760
-218866307
-218896311
-218986552
-219151043
-219220087
-219269055
-219272035
-219464615
-219557348
-219832360
-219948724
-219962883
-220005619
-220140383
-220361444
-220695555
-220840643
-221112004
-221199416
-221214083
-221216207
-221335715
-221338583
-221345743
-221351311
-221427476
-221522948
-221602115
-221797736
-221808419
-221837843
-221875943
-221901812
-222069491
-222184507
-222245319
-222374312
-222590884
-222644859
-222661736
-222710207
-222818327
-222856951
-222920963
-222929780
-223186760
-223207751
-223256451
-223282415
-223393327
-223639699
-223683096
-223936067
-223985515
-224022644
-224238388
-224296403
-224319311
-224413231
-224466427
-224676019
-224726819
-224882099
-224985828
-225084623
-225101011
-225111811
-225229288
-225266803
-225324367
-225364495
-225501451
-225512103
-225836484
-225882328
-225942056
-226103252
-226134863
-226247927
-226264808
-226285391
-226492935
-226530804
-226566408
-226581815
-226705028
-226768747
-226776371
-226828667
-227223859
-227254163
-227373668
-227588063
-227621347
-227640788
-227824211
-227878467
-228030007
-228145263
-228153579
-228210632
-228363832
-228366007
-228404408
-228970283
-229194311
-229241843
-229291060
-229443815
-229527640
-229531859
-229712955
-229751351
-229883727
-229988136
-230046103
-230059147
-230090324
-230159031
-230164167
-230270659
-230298803
-230337748
-230428731
-230471699
-230514583
-230528276
-230575703
-230822664
-230869047
-230902591
-230992420
-231016295
-231041463
-231225544
-231290308
-231334483
-231409956
-231475976
-231669355
-231693143
-231743560
-231751283
-231827883
-232169891
-232207271
-232278279
-232288451
-232430647
-232500984
-232562107
-232638215
-232755511
-232868947
-232873860
-232990372
-233110363
-233168199
-233259160
-233261311
-233273028
-233377160
-233378648
-233384212
-233491316
-233541311
-233773124
-233825080
-233836583
-233892148
-233934808
-234095963
-234178367
-234216680
-234263467
-234373780
-234485215
-234540447
-234571683
-234590248
-234596715
-234629443
-234715847
-234814603
-234884024
-234912628
-235445387
-235480459
-235698135
-235786379
-235997807
-236036532
-236200607
-236229063
-236316803
-236414323
-236454871
-236582852
-236588356
-236666271
-236838367
-236838891
-237122947
-237129972
-237132839
-237231823
-237341095
-237497707
-237499487
-237647204
-237682667
-237682887
-237695999
-237752167
-237819704
-237880760
-237884619
-237985716
-238287032
-238415435
-238458587
-238629407
-238767892
-238811323
-238968328
-239295611
-239401204
-239565368
-239677039
-239745711
-239952212
-239955684
-240016907
-240028388
-240144999
-240195587
-240302059
-240407007
-240460552
-240625759
-240638484
-240793507
-240822807
-240873128
-240934711
-241107927
-241111892
-241254183
-241726580
-241875231
-242101695
-242115347
-242119016
-242232791
-242247867
-242316187
-242340203
-242440899
-242444315
-242522455
-242584547
-242686868
-242722852
-242783219
-242925263
-243066020
-243078099
-243254904
-243330035
-243543647
-243630823
-243647527
-243686516
-243949704
-244033892
-244128520
-244152292
-244187239
-244210852
-244269892
-244331403
-244541135
-244566452
-244574488
-244805735
-244895752
-244981371
-245064376
-245459320
-245501416
-245517043
-245523464
-245537240
-245576008
-245583560
-245591416
-245677411
-245717455
-245732088
-245744803
-245767864
-245862719
-245881960
-246038399
-246044795
-246049428
-246200147
-246272179
-246295083
-246349464
-246485071
-246517819
-246519499
-246626351
-246704163
-246726943
-246757107
-246798964
-246976439
-247004580
-247032915
-247076763
-247085519
-247111131
-247299396
-247321123
-247346455
-247380063
-247420711
-247491943
-247630479
-248200611
-248207583
-248222035
-248347943
-248348027
-248370667
-248425655
-248561239
-248582615
-248611796
-248615423
-248690040
-248750871
-248786907
-248795599
-248796148
-248876740
-248956792
-249007807
-249052084
-249211131
-249267887
-249287735
-249300260
-249584363
-249637119
-249646868
-249699611
-249851636
-249905111
-250102687
-250163320
-250181399
-250312443
-250315519
-250388452
-250416355
-250419887
-250651592
-250714824
-250876363
-250950711
-251159503
-251244319
-251515748
-251525471
-251650151
-251659127
-251659327
-251665151
-251781007
-251786119
-251813055
-251928587
-251940980
-252010247
-252011080
-252080196
-252084955
-252127444
-252167063
-252179896
-252458879
-252469239
-252545119
-252895571
-252947443
-252952676
-253026155
-253067279
-253162479
-253251611
-253313835
-253367895
-253375347
-253451747
-253454831
-253685315
-253774435
-253954095
-254028983
-254201011
-254249627
-254362767
-254387731
-254526760
-254569828
-254605147
-254707051
-254794207
-254801135
-255106308
-255121651
-255182655
-255243007
-255255899
-255285464
-255318879
-255321555
-255352987
-255474859
-255475579
-255580779
-255612327
-255744543
-255849683
-256023012
-256128648
-256182367
-256281607
-256346771
-256421332
-256426628
-256506799
-256600003
-257075528
-257157896
-257177743
-257287739
-257290543
-257428399
-257444104
-257503359
-257555839
-257658555
-257677391
-257735579
-257937944
-257943732
-258109643
-258194407
-258236995
-258415967
-258547435
-258644163
-258742219
-258829007
-258905528
-258973259
-259076276
-259100259
-259111511
-259176667
-259290571
-259312388
-259320568
-259322107
-259329716
-259344408
-259350863
-259372472
-259399396
-259408859
-259503976
-259542167
-259549895
-259574259
-259699839
-259746807
-259785791
-260062679
-260089619
-260444091
-260587848
-260804559
-261271115
-261274344
-261403863
-261490404
-261538719
-261804103
-261891031
-261950955
-262384951
-262640883
-262811579
-262871224
-262919831
-262931172
-263017320
-263236660
-263289343
-263310215
-263313967
-263329352
-263344088
-263413783
-263458915
-263467499
-263534695
-263652763
-263682115
-263780072
-263788292
-263885603
-263989123
-264097291
-264148387
-264172643
-264239579
-264392627
-264410680
-264618035
-264646131
-264862580
-264874404
-265050295
-265214116
-265226215
-265360027
-265376852
-265389256
-265425547
-265568660
-265653871
-265693748
-265776547
-265871311
-266267480
-266460931
-266624663
-266733347
-266846755
-267019672
-267097588
-267263423
-267417667
-267653495
-267851127
-267855143
-267937771
-268096708
-268102639
-268214119
-268303368
-268452059
-268467931
-268615679
-268817243
-268903931
-268956967
-269035079
-269099267
-269318047
-269385780
-269438071
-269442491
-269445443
-269489255
-269524052
-269621347
-269776196
-269866607
-270238163
-270301924
-270449240
-270525327
-270615640
-270636580
-270648219
-270678228
-270840455
-270849935
-270967048
-270996799
-271035183
-271219783
-271292627
-271357847
-271601527
-271638196
-271648499
-271688135
-271829219
-271882751
-271974839
-272304679
-272319352
-272355256
-272460343
-272466424
-272469223
-272531631
-272534084
-272840180
-273180644
-273340259
-273360772
-273361571
-273486260
-273503883
-273671159
-273770447
-273772679
-273904923
-273950708
-273952835
-274416719
-274420612
-274449647
-274567883
-274607371
-274635960
-274662276
-274901467
-274924939
-275289263
-275382607
-275428939
-275484191
-275490043
-275546260
-275625919
-275673515
-275838203
-276000263
-276089327
-276141828
-276230420
-276275003
-276320867
-276445959
-276510583
-276510727
-276544280
-276745891
-276998647
-277088244
-277173028
-277189208
-277376648
-277444212
-277631092
-277777912
-277833495
-277934980
-278074840
-278078212
-278248660
-278264811
-278439307
-278558303
-278639076
-278712515
-278764667
-278790827
-278795411
-278853599
-278854280
-279007099
-279210891
-279215771
-279279471
-279381307
-279717892
-279726008
-279824243
-279915259
-280201391
-280257223
-280618023
-280622639
-280718247
-280723863
-280758767
-280784644
-280949667
-280969323
-281196148
-281406947
-281582363
-281637627
-281764488
-281779495
-281873723
-281901368
-282121147
-282147827
-282348355
-282431059
-282462196
-282519115
-282608651
-282674635
-282790036
-282933167
-283018004
-283095223
-283171847
-283192323
-283216435
-283322751
-283388308
-283492148
-283540795
-283591779
-283625983
-283738888
-283776632
-283931848
-283950319
-284019188
-284094223
-284162767
-284185444
-284311556
-284349151
-284471583
-284587096
-284734911
-284768571
-284904915
-284975396
-284979459
-285213547
-285227859
-285354995
-285407691
-285525295
-285572427
-285913183
-285926603
-285985272
-286006243
-286194644
-286208255
-286336164
-286557899
-286576935
-286591319
-286626287
-286699987
-286771963
-286806803
-286895283
-287069012
-287193083
-287520315
-287629215
-287769163
-287784340
-287929028
-288417667
-288480228
-288579091
-288628595
-288685051
-288780756
-288802587
-288869732
-289210676
-289242276
-289353343
-289430627
-289489827
-289708791
-289767144
-289892679
-289927507
-289934707
-289949683
-289983307
-290092603
-290147383
-290290840
-290336271
-290741327
-290852659
-290892479
-290926815
-291081028
-291133272
-291344120
-291356411
-291519512
-291548327
-291598143
-291698059
-291715240
-291745531
-291855315
-291861123
-291956387
-291962155
-292046068
-292133767
-292151144
-292225972
-292229591
-292462495
-292475811
-292652884
-292761912
-292809444
-292913087
-293079016
-293119259
-293185707
-293499643
-293528595
-293745668
-293857759
-293869412
-293973236
-294047576
-294110267
-294116795
-294285144
-294393416
-294492047
-294551483
-294590279
-294609423
-294706707
-294844692
-295173784
-295398763
-295424203
-295425931
-295487860
-295529639
-295530103
-295779635
-296124503
-296316503
-296379960
-296487087
-296550984
-296567203
-296650488
-296651911
-296787027
-296793928
-296813971
-296820859
-296954423
-297087256
-297121348
-297265279
-297281096
-297292999
-297353236
-297366083
-297371332
-297522536
-297732523
-297773119
-297833107
-297844212
-297846291
-297859871
-297894484
-297938111
-298048991
-298080635
-298149128
-298216059
-298449967
-298454820
-298521527
-298524047
-298565843
-298665895
-299041611
-299225167
-299225831
-299242499
-299289428
-299639791
-299653699
-299723831
-299800139
-299910232
-300094260
-300189455
-300284043
-300306611
-300329843
-300350407
-300477039
-300555103
-300631687
-300652359
-300668920
-300746616
-300899839
-300992243
-301063459
-301447480
-301532107
-301580452
-301623528
-301717731
-301782931
-301978120
-302095607
-302204239
-302232927
-302247816
-302320103
-302322819
-302393747
-302598427
-302638231
-302641867
-302650007
-302675876
-302714407
-302756403
-302786088
-302926280
-302956051
-303172043
-303221851
-303230651
-303275443
-303486132
-303549112
-303573103
-303782315
-303961135
-304019767
-304120072
-304158884
-304199527
-304429695
-304474615
-304490627
-304716855
-304825288
-304836259
-304891539
-304907899
-304979719
-305042051
-305157799
-305242147
-305362391
-305506340
-305524139
-305627311
-305745859
-305756383
-305809303
-305839567
-306171172
-306286339
-306341411
-306442643
-306628339
-306859431
-306860520
-306892203
-307258147
-307271191
-307361887
-307384827
-307385399
-307405587
-307454855
-307511807
-307708451
-307776919
-308279811
-308376219
-308432935
-308518603
-308576291
-308669444
-308684927
-308895379
-308995627
-309002603
-309123719
-309139940
-309167771
-309366751
-309435763
-309523651
-309569035
-309710543
-309726771
-309746243
-309804047
-309830727
-309951172
-310035835
-310086235
-310208363
-310376991
-310422315
-310502312
-310562395
-310578367
-310837127
-310876791
-311048580
-311139815
-311226708
-311267291
-311286271
-311601443
-311602735
-311825339
-311841147
-311952052
-311973119
-312113131
-312206459
-312247927
-312855847
-312889363
-312900359
-312939428
-313028727
-313034484
-313038003
-313136231
-313278079
-313415679
-313540743
-313735652
-313775087
-313796312
-313881851
-313958692
-313976728
-314113076
-314395224
-314509099
-314599123
-314665332
-314733659
-314767028
-314817843
-314831480
-314863567
-315000968
-315077883
-315093631
-315192871
-315292143
-315300279
-315388527
-315485576
-315524687
-315578903
-315592987
-315738811
-315880891
-316143571
-316179640
-316196527
-316236695
-316374587
-316507848
-316525623
-316563683
-316759247
-316794687
-316874744
-317037352
-317067364
-317086655
-317103719
-317594423
-317837803
-318083527
-318192699
-318533531
-318571087
-318625215
-318743139
-318768763
-318799147
-318951915
-319277695
-319340740
-319380779
-319437647
-319577903
-319624039
-319639847
-319691479
-319811432
-319870999
-319873739
-319969751
-320017411
-320100511
-320230023
-320258039
-320300756
-320353919
-320423623
-320594596
-320762227
-320762760
-320873055
-321135691
-321225359
-321233096
-321335927
-321436315
-321510687
-321755323
-321784879
-321821807
-321928015
-321969236
-322016307
-322162631
-322166343
-322368555
-322436980
-322471572
-322674295
-322806356
-323020811
-323100019
-323262335
-323384759
-323828596
-323910779
-323949988
-324049963
-324385783
-324411783
-324481091
-324556591
-324658479
-324753171
-324762987
-324765012
-324843683
-324858392
-324916951
-324936947
-325004919
-325463387
-325836664
-325985560
-326075287
-326086628
-326094339
-326123956
-326251643
-326265215
-326316103
-326356859
-326390536
-326525995
-326536376
-326590379
-326664971
-326689640
-326723720
-326755639
-326854859
-327088167
-327248711
-327292615
-327354052
-327355051
-327421247
-327425240
-327465707
-327478219
-327520420
-327551399
-327730987
-327743159
-327845227
-328081595
-328127039
-328147672
-328260664
-328270168
-328370547
-328395395
-328401416
-328427556
-328442552
-328454779
-328455255
-328457476
-328517051
-328552836
-328567191
-328727003
-328820440
-328876420
-328899223
-328959071
-329025343
-329059415
-329062287
-329114036
-329283752
-329309535
-329335079
-329491151
-329492855
-329525119
-329558199
-329596392
-329629547
-329729727
-329819855
-329921699
-329932315
-329946568
-330363236
-330540743
-330550647
-330577627
-330689332
-330779656
-330804548
-331060403
-331133224
-331154491
-331305055
-331313947
-331325823
-331374923
-331393191
-331506420
-331620607
-331621635
-331650760
-331728744
-331746328
-331894099
-332091588
-332231160
-332258168
-332303032
-332337624
-332514964
-332527763
-332535479
-332562563
-332570648
-332604623
-332765236
-332816404
-332904683
-333034123
-333047959
-333100959
-333351412
-333493519
-333516847
-333519011
-333683403
-333741560
-333781963
-333833495
-333833627
-334116872
-334197784
-334242520
-334299103
-334334199
-334394627
-334470407
-334492836
-334520984
-334820947
-334844899
-334879915
-334897316
-334967467
-335123843
-335180667
-335231048
-335320939
-335337432
-335378399
-335426107
-335557016
-335581871
-335626231
-335707463
-335826211
-336018651
-336198527
-336304436
-336309683
-336374619
-336445435
-336454948
-336470423
-336508628
-336570203
-336772859
-336782599
-336845076
-336877995
-336881179
-336980632
-337151108
-337230327
-337262727
-337387668
-337450899
-337455987
-337539535
-337550803
-337680555
-337706651
-337722483
-337890667
-338012520
-338121411
-338134568
-338147987
-338151079
-338231307
-338423336
-338859044
-338918916
-338976627
-338980143
-338981272
-339058520
-339065491
-339207895
-339209139
-339417672
-339444619
-339508931
-339528824
-339563199
-339579347
-339610628
-339639791
-339964008
-339970164
-340004888
-340355368
-340366799
-340430379
-340431839
-340445256
-340471464
-340547035
-340596443
-340611703
-340688039
-340700996
-340712355
-340736027
-340741483
-340789796
-341031631
-341205243
-341234743
-341247055
-341247535
-341655736
-341668308
-341748227
-341754911
-341768983
-341770420
-341808387
-341827940
-341950132
-341992955
-342070655
-342145307
-342208052
-342247639
-342264163
-342291659
-342388799
-342464943
-342795347
-342856351
-342866312
-342996884
-343178515
-343225819
-343344244
-343427531
-343443172
-343496856
-343541519
-343555791
-343589527
-343593595
-343678139
-343795435
-343798212
-343818779
-343902488
-343910395
-343936427
-343977668
-343987043
-344027091
-344184339
-344202243
-344297387
-344301819
-344398603
-344670791
-344675443
-344695528
-344738107
-345010855
-345037919
-345344639
-345449939
-345598964
-345685859
-345721539
-345794835
-345798859
-345818371
-345822859
-345830372
-345910216
-346087207
-346143435
-346173311
-346301583
-346364007
-346376091
-346426068
-346447643
-346623259
-346734391
-346796195
-346967764
-347048071
-347060755
-347133611
-347180984
-347227539
-347250039
-347781268
-347782619
-347813287
-347849659
-347851759
-348172712
-348323727
-348481835
-348486459
-348591119
-348685899
-348697183
-348710179
-348784995
-348816891
-348894023
-348957336
-349147803
-349269307
-349329844
-349340971
-349367716
-349437192
-349481539
-349539259
-349639016
-349644487
-349729627
-349800216
-349861443
-349971403
-350040035
-350327316
-350463923
-350627791
-350687284
-350769092
-350915671
-351073156
-351114292
-351134951
-351333979
-351386580
-351541032
-351696703
-351839752
-352156627
-352228711
-352264495
-352266483
-352366244
-352621540
-352663863
-352691544
-352728276
-352796183
-352832043
-352912312
-353083263
-353094583
-353193347
-353213668
-353231639
-353427571
-353453432
-353601127
-353617735
-353707636
-353912024
-353935787
-354042955
-354113183
-354125147
-354213647
-354407531
-354542776
-354615412
-354656291
-354677963
-354733471
-354866819
-354889079
-354931924
-354989128
-355010971
-355084468
-355204072
-355403827
-355517108
-355661367
-355671476
-355776836
-355823027
-355973336
-356129848
-356143751
-356201215
-356243163
-356277639
-356300488
-356479291
-356535640
-356642491
-356646215
-357192708
-357306007
-357337711
-357386612
-357475307
-357577691
-357593707
-357664999
-357798579
-357946847
-358212523
-358245971
-358274363
-358299332
-358306699
-358328623
-358476679
-358566008
-358599271
-358620479
-358652499
-358698083
-358757303
-358844783
-358875256
-358940767
-358997335
-359247935
-359348851
-359411048
-359857668
-359928103
-360066820
-360297368
-360320683
-360480687
-360487015
-360575432
-360693515
-360707668
-360749559
-360944039
-361025299
-361177528
-361230607
-361352963
-361525539
-361535927
-361667044
-361883812
-362097784
-362230843
-362268359
-362328616
-362366228
-362571256
-362614984
-362739560
-362801240
-362804647
-362841123
-363193007
-363282719
-363298004
-363342596
-363358891
-363463435
-363533512
-363619559
-363725659
-363792872
-363911243
-364033956
-364126591
-364173711
-364351544
-364435991
-364584747
-364638955
-364698676
-364720351
-364770519
-364795207
-364888212
-365069627
-365143683
-365215951
-365413883
-365476127
-365582756
-365590427
-365601343
-365673187
-365855543
-366070323
-366180223
-366186571
-366397080
-366400760
-366484127
-366728587
-366780443
-366792611
-366841096
-366954059
-367038872
-367102136
-367125359
-367128115
-367153768
-367210696
-367294904
-367357279
-367474327
-367587059
-367745791
-367781239
-367982815
-368073892
-368218679
-368258356
-368351076
-368352455
-368487123
-368513444
-368536451
-368636527
-368718356
-368732723
-368743396
-368798155
-368812735
-368897919
-368906059
-368922376
-369006184
-369091959
-369131667
-369142511
-369151331
-369154563
-369241007
-369290219
-369399736
-369404563
-369505572
-369519128
-369532219
-369849227
-369866923
-370094468
-370185643
-370258079
-370312543
-370354231
-370410340
-370418683
-370439531
-370702943
-370776831
-370786747
-370926532
-370933847
-371007572
-371135455
-371202799
-371253899
-371254911
-371361547
-371445448
-371617931
-371821956
-371827823
-372032643
-372058367
-372141812
-372179336
-372330040
-372338472
-372389735
-372455763
-372573528
-372590551
-372821043
-372935892
-372946755
-373010123
-373020979
-373054943
-373071619
-373091267
-373191748
-373239451
-373262711
-373392228
-373481912
-373581799
-373612983
-373626580
-373704263
-373775135
-373852667
-373969316
-374131463
-374358847
-374455247
-374586891
-374598804
-374629831
-374894967
-375210728
-375277112
-375475835
-375510931
-375607499
-375635787
-375744623
-375767083
-376035204
-376251891
-376375367
-376424303
-376500007
-376576568
-376627623
-376644551
-376675939
-376723499
-376800344
-376907359
-376982792
-377080952
-377152787
-377254091
-377490703
-377585959
-377721183
-377890051
-377962891
-378035843
-378192523
-378277172
-378324595
-378379083
-378538391
-378539023
-378649055
-378761747
-378815939
-378894911
-378932351
-378945656
-379075559
-379701499
-379723327
-379756463
-379780760
-379830436
-379992116
-380080504
-380225635
-380272067
-380351019
-380426767
-380429547
-380447255
-380735619
-381054351
-381391239
-381504056
-381575019
-381580679
-381644939
-381694564
-381752776
-381886696
-382213127
-382227672
-382247827
-382250152
-382259832
-382386703
-382391812
-382416439
-382483992
-382496039
-382597059
-382643439
-382727123
-382737992
-382752303
-382859732
-382945979
-383053603
-383077608
-383381124
-383449207
-383520068
-383573363
-383773251
-383787003
-383820431
-383887128
-384330547
-384364603
-384409139
-384613816
-384636056
-384651719
-384727928
-384763611
-384782979
-384806863
-385006919
-385057823
-385060180
-385079608
-385116815
-385144712
-385225591
-385230527
-385303384
-385335931
-385346811
-385739807
-385924827
-385988899
-386130547
-386145163
-386202171
-386348279
-386637492
-386686264
-386753523
-386901431
-386908388
-387053719
-387266811
-387286244
-387313652
-387439528
-387484644
-387628979
-387788836
-387813415
-387859031
-387961383
-388019263
-388048152
-388183099
-388323755
-388349252
-388358411
-388417487
-388418631
-388477940
-388552535
-388575923
-388586515
-388588155
-388685135
-388743971
-388762823
-388794099
-388838291
-388841567
-388855528
-389052627
-389077347
-389078815
-389108863
-389201899
-389418056
-389480356
-389520308
-389713711
-389902324
-389917379
-389923572
-390057892
-390129187
-390149931
-390156883
-390240895
-390298287
-390619351
-390648504
-390676808
-390739476
-390751384
-390762823
-390887807
-390990583
-390996427
-391022655
-391041995
-391170824
-391370664
-391513656
-391575903
-391697003
-391946907
-391971252
-392016371
-392128967
-392136467
-392153107
-392235755
-392241656
-392418863
-392449924
-392465432
-392540068
-392551903
-392736484
-392887555
-393305243
-393347767
-393360868
-393483535
-393685540
-393832203
-393994376
-394118468
-394174447
-394573199
-394592759
-394614008
-394977455
-395151807
-395483524
-395577283
-395580459
-395644024
-395718196
-395966660
-395995476
-396117535
-396146823
-396400047
-396559095
-396730488
-396754339
-396802239
-396831255
-396846131
-396848891
-396894491
-396920584
-396953435
-397006095
-397023032
-397030468
-397178171
-397220383
-397382827
-397450612
-397452979
-397539939
-397602587
-397620967
-397812536
-397817815
-397843231
-397984692
-397993211
-398008983
-398018407
-398039335
-398088952
-398246260
-398296187
-398330771
-398428968
-398429447
-398457391
-398471719
-398472692
-398492455
-398520536
-398575291
-398680095
-398692187
-398695908
-398702559
-398758436
-398820567
-399006691
-399124451
-399157699
-399198811
-399405191
-399419896
-399589624
-399678007
-399795796
-399815403
-400079035
-400124740
-400127367
-400165784
-400172159
-400266356
-400506295
-400639595
-400868867
-400899803
-400900627
-400937555
-401040743
-401044856
-401117379
-401270007
-401288359
-401294227
-401310319
-401321487
-401477043
-401574340
-402208804
-402256595
-402394639
-402426383
-402685912
-402926203
-402930259
-403054815
-403113460
-403203991
-403208227
-403393559
-403422168
-403591447
-403706536
-403732311
-403760703
-403919547
-403921743
-404061176
-404073959
-404130887
-404217012
-404286511
-404366344
-404437172
-404609108
-404678479
-404702952
-404751587
-404753451
-404766903
-404889683
-404929955
-404976055
-405200659
-405220571
-405289839
-405435035
-405599311
-405618691
-405712459
-405868619
-406258004
-406318411
-406382664
-406429496
-406535208
-406557427
-406709967
-406844851
-406948027
-407047763
-407054247
-407084827
-407140639
-407147496
-407226355
-407420395
-407442143
-407446399
-407583780
-407737032
-407811556
-407858695
-408045831
-408072031
-408076347
-408104447
-408104664
-408146691
-408229935
-408320619
-408354904
-408526799
-408542631
-408815988
-408920647
-409011359
-409057892
-409072231
-409113571
-409146971
-409155159
-409164887
-409225567
-409266235
-409297723
-409562659
-409632243
-409680367
-409872427
-410105352
-410123908
-410137795
-410229415
-410276964
-410407951
-410602559
-410649647
-410667539
-410742436
-410907983
-410939479
-410956651
-411135668
-411167039
-411207416
-411343955
-411473171
-411487451
-411492291
-411494696
-411605576
-411613683
-411675007
-411903572
-411969268
-412052659
-412074548
-412200840
-412222855
-412229751
-412253931
-412259891
-412411215
-412499955
-412546664
-412579211
-412626459
-412664711
-412739267
-412760399
-413037220
-413114035
-413263288
-413320247
-413334611
-413635183
-413657131
-413673236
-413706571
-413714695
-413715895
-413737887
-413771887
-413828155
-413918923
-414007208
-414117491
-414127003
-414144068
-414248323
-414298852
-414342712
-414370468
-414551204
-414580631
-414684312
-414694563
-414700639
-414871411
-415131631
-415143563
-415152519
-415160612
-415202491
-415228259
-415259239
-415290867
-415298051
-415404760
-415460063
-415595779
-415724487
-415855463
-415856887
-415865399
-416101384
-416178311
-416223039
-416438580
-416716559
-416761715
-416848436
-416871735
-416983655
-416994559
-417027080
-417137691
-417140551
-417175051
-417353343
-417558891
-417565283
-417701256
-417721307
-417902259
-417971203
-418003771
-418030388
-418153935
-418192615
-418220231
-418320907
-418404299
-418476839
-418495163
-418500491
-418591263
-418669019
-418685588
-418755135
-418761923
-418852616
-418892287
-418908563
-418932719
-419040143
-419459695
-419498659
-419499211
-419602328
-419633608
-419652667
-419672495
-419676379
-419679359
-419734487
-419739523
-419867967
-419901583
-419937832
-420012111
-420061603
-420183524
-420239903
-420499544
-420673719
-420755959
-420907416
-420936967
-420989528
-421013351
-421051843
-421053103
-421242436
-421289979
-421358219
-421478995
-421496707
-421588463
-421601035
-421653108
-421962899
-422010051
-422022291
-422074371
-422145391
-422501271
-422573027
-422604744
-422671495
-422817896
-422848612
-423006868
-423057791
-423129832
-423157871
-423175927
-423179220
-423181263
-423223663
-423403195
-423513652
-423547912
-423572367
-423628372
-423647444
-423727115
-423887019
-423937579
-424036727
-424250227
-424402996
-424570792
-424595443
-424738232
-424961387
-424998676
-425329967
-425374755
-425400251
-425503272
-425708951
-425752519
-425807087
-426120884
-426166696
-426235096
-426314171
-426342295
-426349551
-426397188
-426436324
-426479656
-426523303
-426533092
-426573547
-426640803
-426862299
-426903007
-426917652
-426924759
-427046047
-427129403
-427177796
-427261051
-427333912
-427420491
-427466723
-427737359
-427857252
-427915687
-427917039
-428228040
-428325940
-428363231
-428389384
-428497267
-428702871
-428963231
-428991123
-429046687
-429060003
-429131832
-429133224
-429171992
-429264911
-429437316
-429499460
-429631640
-429673999
-429704363
-429817539
-429824983
-429877439
-429924536
-429936771
-430119583
-430131412
-430198136
-430230207
-430313107
-430459624
-430523643
-430563479
-430612628
-430667587
-430723156
-430814759
-430921743
-430949352
-430954372
-431048543
-431164211
-431251879
-431317859
-431327663
-431489015
-431579476
-431688504
-431783087
-431844311
-431890179
-431911556
-432010648
-432064731
-432104804
-432140431
-432271523
-432285639
-432326919
-432470515
-432526587
-432551707
-432592003
-432794883
-432822343
-432823747
-432930927
-433041755
-433071371
-433103459
-433197083
-433264724
-433265239
-433295411
-433468472
-433480115
-433515371
-433712407
-433725940
-433738803
-433757695
-434007912
-434041768
-434072891
-434221167
-434235943
-434381907
-434464687
-434538131
-434570731
-434625364
-434672223
-434779384
-434887576
-434995336
-435005735
-435015160
-435030292
-435322840
-435519335
-435519944
-435537911
-435550303
-435556787
-435596388
-435606943
-435668603
-435714452
-435757524
-435832499
-435854939
-435860399
-435899291
-435940571
-435970803
-436069027
-436107703
-436218359
-436226644
-436265223
-436267191
-436460099
-436603547
-436607816
-436631171
-436858996
-436861407
-436917407
-436932943
-436966243
-437230507
-437359931
-437385019
-437398564
-437399763
-437421032
-437458168
-437494019
-437840895
-437890307
-437952932
-438001735
-438061924
-438092519
-438459611
-438479331
-438698319
-438767003
-438842047
-438865343
-438901891
-438953828
-439077883
-439339336
-439496263
-439574360
-439656215
-439727167
-439993003
-440261603
-440282471
-440333995
-440385647
-440504371
-440607944
-440779279
-440861015
-440888644
-440952040
-441055627
-441085739
-441125807
-441186243
-441262072
-441282715
-441375179
-441397624
-441538079
-441621695
-441694264
-441705811
-441766680
-441781604
-441863347
-441908731
-442022271
-442040827
-442078440
-442137480
-442228883
-442262399
-442269512
-442444888
-442485496
-442591367
-442655924
-442661223
-442916612
-442928335
-443078148
-443242731
-443266223
-443293023
-443331795
-443359156
-443567667
-443724324
-443871471
-443982351
-444081091
-444127711
-444147007
-444178308
-444188971
-444251239
-444326676
-444430911
-444459347
-444564983
-444578676
-444863679
-444917563
-444920051
-444980383
-445221247
-445224859
-445315940
-445417807
-445429560
-445460639
-445466740
-445626520
-445630168
-445660231
-445704043
-445727263
-445749611
-445768424
-445802419
-445988072
-446051940
-446154135
-446212223
-446243647
-446322440
-446361208
-446408408
-446692287
-446808404
-446886695
-447111544
-447111687
-447131435
-447240715
-447242612
-447278980
-447380383
-447406611
-447488792
-447623236
-447736711
-447770296
-447841463
-447917416
-448079051
-448104891
-448108487
-448597807
-448626523
-448664599
-448678523
-448808467
-448945591
-448986248
-449070547
-449296583
-449302667
-449358627
-449451780
-449512919
-449557544
-449674259
-449706299
-449763359
-449804552
-449810711
-449815335
-449869643
-449883967
-449936167
-450026167
-450109227
-450209512
-450216687
-450225779
-450494603
-450708935
-450937867
-450955767
-451400459
-451435911
-451453011
-451513864
-451526232
-451567048
-451603903
-451638271
-451910071
-452043935
-452082311
-452138223
-452155343
-452218343
-452315803
-452365683
-452463567
-452475220
-452708443
-452738823
-452766551
-452768939
-452803643
-453108376
-453171659
-453420292
-453545351
-453659191
-453669583
-453694559
-453787663
-453922895
-453940115
-454110376
-454222499
-454343035
-454462339
-454464628
-454535935
-454545595
-454558360
-454586952
-454646692
-454676303
-454810327
-454859399
-454953403
-454981579
-455141263
-455145256
-455146388
-455252360
-455342151
-455345579
-455420879
-455427304
-455500919
-455548984
-455612135
-455641667
-455712191
-455725371
-455737847
-455891284
-455900824
-455974148
-456031591
-456131156
-456326104
-456363707
-456392723
-456485111
-456500191
-456506599
-456687899
-456750443
-456752767
-456760231
-456900415
-456903547
-456919355
-456965448
-457028447
-457060883
-457209563
-457304207
-457428324
-457463460
-457528711
-457564148
-457567503
-457680163
-457711688
-457856591
-458005971
-458028820
-458082763
-458134143
-458305123
-458330791
-458681764
-458732355
-458790719
-458793623
-458988535
-459027860
-459124827
-459145703
-459350555
-459443240
-459475055
-459577160
-459724724
-459969288
-460006843
-460210376
-460248607
-460350415
-460418799
-460425524
-460461779
-460530152
-460609027
-460707823
-460755467
-460853087
-460853407
-460926455
-461001695
-461088835
-461217256
-461224392
-461309711
-461342279
-461350056
-461440747
-461684211
-461772447
-461780191
-461803128
-461919427
-461981315
-461983835
-462054376
-462092459
-462121503
-462219163
-462388403
-462466867
-462496763
-462643816
-462708491
-462709976
-462746308
-462794392
-462813992
-462877748
-463033139
-463269003
-463316599
-463420052
-463481927
-463583739
-463702135
-463718987
-463732615
-463761347
-463860223
-464018747
-464133127
-464538295
-464549927
-464692111
-464748707
-464783927
-465138456
-465278963
-465577583
-465578067
-465687176
-465821659
-465836303
-466009156
-466173779
-466236415
-466259055
-466320404
-466324939
-466348163
-466367155
-466514232
-466842847
-466873931
-467327551
-467344299
-467370872
-467378531
-467538367
-467691092
-467791867
-467841448
-467859032
-467969448
-468131091
-468235235
-468366739
-468420692
-468461471
-468569496
-468611131
-468687255
-468815251
-469006179
-469070807
-469137639
-469319444
-469336163
-469457140
-469552327
-469931699
-470030363
-470050312
-470079059
-470250343
-470268627
-470335043
-470339979
-470455044
-470531195
-470542628
-470549963
-470636427
-470665471
-470685407
-470745704
-470824511
-470889332
-471172683
-471191459
-471251887
-471253423
-471276516
-471277227
-471350891
-471371555
-471486955
-471649919
-471702611
-471773467
-471791515
-471807499
-471845780
-472092679
-472280231
-472300203
-472315295
-472382851
-472390607
-472393191
-472468495
-472520191
-472536699
-472741187
-472747207
-472844395
-472880011
-472935739
-473164799
-473183943
-473192360
-473260776
-473267015
-473324735
-473377379
-473398663
-473422083
-473435995
-473594579
-473656199
-473707659
-473725507
-473793279
-473846456
-473898183
-473977267
-474123647
-474132487
-474133287
-474335860
-474619503
-474641319
-474694079
-474852799
-474937924
-475079339
-475146779
-475398692
-475485879
-475520711
-475595727
-475603723
-475692727
-475792663
-475836344
-475939959
-476051215
-476251864
-476256371
-476261771
-476282168
-476375635
-476584699
-476633311
-476741723
-476758164
-476782007
-476826215
-476837092
-477132024
-477179635
-477271931
-477297463
-477520339
-477548311
-477823688
-477992531
-478324759
-478353563
-478420483
-478487471
-478522292
-478564267
-478582196
-478599071
-478638147
-478671880
-478740968
-478771355
-478808891
-478918740
-478928939
-479006324
-479014696
-479043627
-479053507
-479080787
-479172027
-479278495
-479497483
-479866024
-479890283
-480115284
-480160843
-480213879
-480324596
-480351460
-480370148
-480388931
-480516871
-480561284
-480677735
-480692228
-480880987
-480974180
-481002947
-481083899
-481188607
-481384456
-481408699
-481505991
-481508907
-481535699
-481750807
-481815435
-481867483
-481906520
-482230759
-482275627
-482402103
-482439667
-482444503
-482486971
-482837543
-482848847
-482852471
-482858043
-482866264
-482895059
-483033347
-483406059
-483576423
-483666276
-483679412
-483730292
-483780644
-483909748
-484058159
-484079847
-484150099
-484187019
-484192171
-484270763
-484303431
-484413079
-484413716
-484655403
-484714707
-484721652
-484758883
-484824623
-484855991
-485037160
-485063704
-485230971
-485257783
-485335032
-485348307
-485391747
-485414467
-485837607
-485934143
-485985907
-486006611
-486044339
-486073144
-486107255
-486134483
-486169763
-486178599
-486182516
-486240340
-486472451
-486555455
-486651752
-486706731
-486785819
-486871871
-486881411
-487024067
-487169335
-487323103
-487356647
-487358087
-487389703
-487429795
-487454527
-487466815
-487685863
-487829659
-487850863
-488080687
-488502436
-488577907
-488607396
-488666859
-488727924
-488754424
-488828708
-488905979
-489060148
-489135336
-489163267
-489191279
-489199908
-489290308
-489425012
-489431495
-489476280
-489843940
-490170215
-490531807
-490560040
-490675787
-490691224
-490768680
-490794811
-490880427
-491028611
-491150427
-491220159
-491257927
-491294911
-491308811
-491499047
-491588315
-491596303
-491633544
-491670071
-491751599
-492028104
-492055535
-492207604
-492220271
-492414099
-492418319
-492588391
-492712303
-492723359
-492843547
-492933399
-493035839
-493065527
-493077839
-493089688
-493620899
-493658571
-493814107
-493952788
-494029867
-494130664
-494239307
-494477592
-494552263
-494576619
-494603895
-494621643
-494680715
-494728152
-494783187
-494825524
-495031319
-495085492
-495116488
-495168599
-495220099
-495351768
-495550463
-495555303
-495597464
-495627967
-495671919
-495793399
-495819748
-495942855
-496120120
-496206635
-496301880
-496400260
-496414635
-496507204
-496620548
-496712935
-496714180
-496729583
-496813127
-496816871
-496978948
-496987655
-497043599
-497061967
-497289471
-497305976
-497398919
-497433316
-497463796
-497551883
-497682980
-497845631
-498007903
-498143795
-498224840
-498237599
-498334183
-498342788
-498430231
-498435076
-498704099
-498757508
-499028788
-499108715
-499135144
-499166771
-499298408
-499310247
-499369412
-499756760
-499759919
-499897432
-499987016
-500057735
-500064708
-500092923
-500101531
-500146547
-500316184
-500319631
-500348631
-500454835
-500455735
-500498707
-500551187
-500559684
-500576415
-500577667
-500602387
-500762831
-500786239
-500794712
-500898583
-500954344
-500962223
-501039944
-501050111
-501107483
-501160835
-501190760
-501362803
-501387071
-501655767
-501686744
-501701527
-501732367
-501898147
-501900719
-502048363
-502207763
-502420612
-502455135
-502480619
-502563707
-502804627
-502810043
-502946023
-502995268
-503166919
-503174392
-503417812
-503450951
-503467759
-503482127
-503510651
-503608088
-503668423
-503718415
-503888863
-504152771
-504168647
-504190851
-504362147
-504436411
-504496687
-504531023
-504554395
-505013028
-505016488
-505017743
-505099895
-505289023
-505300911
-505338679
-505489128
-505633503
-505662595
-505770315
-505790743
-505806647
-506019019
-506037331
-506138747
-506212927
-506219528
-506258711
-506330515
-506365588
-506367652
-506422648
-506573311
-506708311
-506787524
-506790904
-506802760
-506832068
-507077848
-507092423
-507099860
-507102820
-507111467
-507113483
-507219043
-507274235
-507385999
-507562391
-507640520
-507699476
-507729243
-507778103
-507808031
-508030744
-508151316
-508171080
-508171155
-508196411
-508248967
-508307252
-508330167
-508428884
-508476536
-508485972
-508498783
-508572472
-508649011
-508661864
-508874424
-508957428
-508992367
-509049176
-509167907
-509269207
-509295587
-509395507
-509829215
-509943391
-509992863
-510007636
-510050959
-510073131
-510075451
-510123299
-510162799
-510214548
-510247599
-510444867
-510499327
-510506715
-510566468
-510794167
-510878519
-511192643
-511201799
-511217371
-511261576
-511290671
-511302343
-511356695
-511462403
-511548820
-511556287
-511594535
-511625791
-511652132
-511700595
-511910563
-511927079
-511963331
-512094407
-512095684
-512104859
-512237544
-512321043
-512427671
-512445428
-512450420
-512460088
-512522696
-512569507
-512621255
-512665480
-512694023
-512866036
-512882327
-512896051
-513006104
-513007303
-513013592
-513104851
-513145931
-513290852
-513440036
-513460276
-513471819
-513569463
-513739803
-513746283
-514025247
-514075687
-514161391
-514354123
-514381695
-514412087
-514682135
-514706948
-514749092
-514904196
-514967559
-515085123
-515160931
-515279731
-515373031
-515388292
-515396548
-515430308
-515506996
-515596148
-515622984
-515659319
-515700383
-515898931
-515924651
-515955755
-516041731
-516099016
-516199144
-516345699
-516373811
-516456199
-516482247
-516781428
-516986696
-517031711
-517257751
-517283912
-517339063
-517434063
-517582488
-517601127
-517603748
-517651224
-517695847
-517728727
-517767703
-517921192
-517940147
-518028260
-518054699
-518183220
-518288963
-518300491
-518430724
-518592243
-518731352
-518916523
-518998456
-519063815
-519148159
-519165183
-519178459
-519182219
-519264223
-519406879
-519419759
-519460644
-519470164
-519505060
-519560519
-519688915
-519702199
-519711784
-519789895
-519793739
-519962711
-519979736
-520028196
-520057124
-520119224
-520182951
-520212916
-520220731
-520253603
-520279843
-520333624
-520415688
-520419892
-520432696
-520474287
-520495019
-520681447
-520711423
-521237208
-521473556
-521727636
-521909887
-521985988
-522004163
-522032915
-522069099
-522080164
-522240907
-522298088
-522302531
-522312671
-522861043
-522900139
-522956255
-523029083
-523049467
-523073224
-523102135
-523174367
-523206655
-523291963
-523308299
-523330759
-523408803
-523483639
-523507467
-523525603
-523537972
-523733851
-523804031
-523819956
-523892047
-523893659
-523929347
-523975343
-524017108
-524039783
-524059059
-524094707
-524328023
-524481799
-524586531
-524597047
-524608639
-524670015
-524783480
-524837044
-524918803
-525023563
-525042499
-525146555
-525305391
-525434915
-525608824
-525709704
-525788671
-526042499
-526084415
-526129608
-526209032
-526254195
-526255239
-526260824
-526410996
-526505531
-526633655
-526667611
-526671699
-526767512
-526866344
-526890955
-526920071
-526999108
-527037384
-527192591
-527364695
-527387515
-527390671
-527432147
-527761183
-527867864
-527877787
-527891083
-528166459
-528223083
-528261583
-528364484
-528392983
-528436695
-528513131
-528544712
-528609343
-528661844
-528755071
-528805967
-529001679
-529005192
-529009231
-529036123
-529087243
-529150639
-529202751
-529237479
-529380856
-529413719
-529636403
-529654531
-529715287
-529770431
-529958827
-529995719
-530027507
-530099380
-530183647
-530384495
-530384824
-530560916
-530618223
-530984163
-531010211
-531163963
-531226479
-531263219
-531319035
-531375207
-531375987
-531379956
-531402167
-531513899
-531549176
-531700264
-531834835
-531845463
-531936148
-532030287
-532047507
-532083191
-532145336
-532190563
-532202203
-532207844
-532274423
-532330535
-532511231
-532604424
-532648087
-532840040
-532844831
-533526692
-533559443
-533571539
-533763411
-533847563
-533918947
-533995219
-533999903
-534002587
-534113576
-534137267
-534444611
-534599480
-534823064
-534823151
-534969128
-534976292
-534995635
-535159560
-535250344
-535295620
-535329815
-535335763
-535411256
-535453691
-535516035
-535525912
-535695807
-535810271
-536011583
-536104948
-536119703
-536153716
-536159679
-536341768
-536435207
-536449684
-536450795
-536574103
-536622447
-536670899
-536689220
-536850836
-536990583
-537115099
-537144292
-537152104
-537202819
-537271051
-537279652
-537475704
-537521816
-537530788
-537654959
-537735019
-537787903
-537883588
-537885923
-537912888
-537948155
-538147807
-538217959
-538271887
-538311524
-538331428
-538366388
-538414871
-538475784
-538496411
-538513583
-538538291
-538800415
-538855663
-538867163
-539009431
-539223011
-539260403
-539289240
-539431843
-539552099
-539663252
-539811316
-539836963
-539853784
-540098951
-540176591
-540208680
-540358323
-540379716
-540388047
-540428171
-540532819
-540713667
-540756712
-540851911
-540877967
-540917987
-541002660
-541032719
-541059691
-541146344
-541252779
-541363027
-541580119
-541581799
-541620568
-541658532
-541676692
-541698879
-541810904
-541831912
-541873572
-541874851
-541886911
-541943048
-542064436
-542332731
-542416872
-542437403
-542455359
-542596436
-542618255
-542620243
-542653988
-542705179
-542720363
-542809283
-542834036
-542937192
-542978635
-543049511
-543085543
-543112447
-543159940
-543313735
-543325863
-543380971
-543417832
-543442024
-543475743
-543500079
-543533063
-543702111
-543718571
-543743671
-543871715
-543915784
-543916103
-543958267
-544167032
-544241704
-544373220
-544400020
-544403123
-544457623
-544701623
-544858915
-544861364
-544883215
-545081560
-545218104
-545266447
-545267291
-545331631
-545353915
-545442043
-545496884
-545568887
-545599479
-545600840
-545732447
-545859995
-546002516
-546041211
-546044360
-546096431
-546132551
-546218315
-546245619
-546252611
-546259183
-546320651
-546361979
-546479464
-546492047
-546642296
-546891096
-547029283
-547046087
-547116856
-547158072
-547211112
-547226468
-547259316
-547334968
-547348855
-547369855
-547463699
-547576084
-547592711
-547728143
-547784932
-547870199
-548007791
-548073940
-548497187
-548599487
-548650436
-548676248
-548762852
-548790287
-548876852
-548999683
-549007255
-549048392
-549112567
-549182419
-549284331
-549288719
-549313035
-549347460
-549453743
-549458023
-549481055
-549525371
-549736483
-550083619
-550128783
-550216299
-550255128
-550465339
-550484887
-550575991
-550624971
-550697703
-550749320
-550830239
-550916011
-551039739
-551076895
-551083871
-551235719
-551245892
-551284707
-551364104
-551387428
-551456968
-551485736
-551556571
-551620808
-551708219
-551993647
-552266196
-552323039
-552344888
-552358203
-552412504
-552524359
-552631803
-552706003
-552730243
-552775816
-552841907
-552906643
-553001683
-553038455
-553080207
-553089623
-553192663
-553395887
-553514024
-553554628
-553754595
-553856179
-553898324
-554110987
-554209323
-554242811
-554478271
-554499511
-554534504
-554544584
-554672467
-554971199
-555116431
-555251699
-555268484
-555417368
-555517619
-555557271
-555572515
-555653892
-555760543
-555840536
-555958055
-555959407
-556025451
-556033652
-556064452
-556089252
-556104647
-556159495
-556293567
-556389528
-556410507
-556525711
-556541087
-556561027
-556623444
-556726019
-556752955
-556829511
-556835879
-556906884
-556951695
-557152724
-557316584
-557557880
-557637907
-557715615
-557736595
-557965716
-558064531
-558300035
-558377624
-558388267
-558423851
-558574799
-558578071
-558620639
-558823883
-558864015
-558943111
-559042115
-559115419
-559145499
-559241860
-559289899
-559316584
-559503928
-559584195
-559587163
-559634191
-559807572
-559923619
-560254264
-560265131
-560271268
-560286712
-560475271
-560519839
-560536404
-560542583
-560585667
-560615320
-560623659
-560637787
-560647559
-560919551
-560936020
-560953007
-561199096
-561551979
-561586495
-561682723
-561705491
-561736139
-561758683
-561895355
-561963855
-562003160
-562013859
-562043347
-562078399
-562104408
-562158347
-562379155
-562500723
-562522831
-562525951
-562564024
-562581863
-562599599
-562664580
-562794355
-562826004
-562887447
-563008539
-563051631
-563071588
-563213227
-563228855
-563244888
-563285167
-563342964
-563451023
-563538163
-563572519
-563727044
-563989103
-564113815
-564135607
-564161459
-564190467
-564198419
-564198991
-564215183
-564480472
-564551911
-564552759
-564567832
-564744948
-564748280
-564759267
-564811855
-564834936
-564936387
-564985807
-565043620
-565163167
-565207971
-565243087
-565289416
-565310859
-565310947
-565459339
-565570407
-565574803
-565683279
-565765131
-565788936
-565827107
-565891511
-566052899
-566068199
-566115431
-566354147
-566375507
-566379235
-566578932
-566584455
-566695139
-566740339
-566760787
-566794312
-566841559
-566904523
-566904787
-566959611
-567044191
-567094303
-567260455
-567264831
-567303719
-567376795
-567405620
-567408767
-567454319
-567462788
-567472324
-567502503
-567936263
-567938564
-567971167
-568103252
-568177015
-568186395
-568266436
-568366367
-568405619
-568421291
-568664743
-568782008
-568787176
-568792132
-568859567
-568876564
-568883384
-569106984
-569143443
-569310776
-569402471
-569422407
-569435768
-569489224
-569528308
-569557959
-569578223
-569586523
-569643883
-569785396
-570111719
-570575039
-570577303
-570623299
-570760808
-570834424
-570934451
-571021363
-571326843
-571348343
-571377323
-571484839
-571485523
-571502315
-571654751
-571770548
-571775755
-572084132
-572087291
-572114103
-572120548
-572221939
-572268055
-572275284
-572304019
-572328259
-572362836
-572463199
-572560679
-572601415
-572737780
-572798283
-572810984
-573056727
-573074376
-573101828
-573120803
-573156607
-573169827
-573313791
-573353683
-573435795
-573515987
-573546451
-573772055
-573853055
-573864755
-573869579
-573946280
-573952516
-573983331
-574101208
-574154423
-574445791
-574529763
-574603087
-574627255
-574640980
-574794660
-574908539
-575040808
-575178179
-575248280
-575265755
-575340152
-575428955
-575437543
-575503279
-575525579
-575645547
-575689631
-575830671
-575902259
-575935336
-575991220
-576058135
-576162116
-576344995
-576477444
-576550427
-576643972
-576688116
-576713336
-576758920
-576863547
-577091588
-577203220
-577269487
-577429539
-577480171
-577549403
-577750231
-577925215
-577983912
-578127736
-578174871
-578197451
-578304815
-578341099
-578388516
-578392683
-578443407
-578451743
-578479231
-578591591
-578606963
-578717807
-578809019
-578899531
-579015991
-579150203
-579160756
-579285583
-579369055
-579639811
-579808088
-579850143
-579853007
-579882035
-579928359
-579985331
-580025464
-580041967
-580132831
-580247555
-580270072
-580304507
-580333343
-580449179
-580482696
-580505160
-580513208
-580635451
-580698079
-580705432
-580779555
-580864487
-580900947
-580971407
-581047763
-581060135
-581161215
-581217864
-581290116
-581406987
-581495179
-581519384
-581550788
-581566820
-581603512
-581696159
-581792520
-581933672
-581971256
-582006691
-582023615
-582038419
-582090431
-582175907
-582201155
-582262031
-582400767
-582525211
-582590420
-582689512
-582727352
-582767719
-582774979
-582786311
-582814003
-582945331
-583052743
-583110971
-583571283
-583580603
-583749523
-583795583
-583841704
-583911928
-583971711
-584344648
-584363339
-584379912
-584445143
-584470856
-584503832
-584518359
-584600871
-584628004
-584762323
-584792632
-584806991
-584808103
-584876263
-584893055
-584905083
-584926724
-584976088
-585091531
-585297051
-585355684
-585441352
-585537131
-585668999
-585728043
-585738852
-585805748
-585837247
-585865028
-585892443
-585896307
-585984403
-585986052
-586018052
-586070587
-586228372
-586346483
-586361951
-586375892
-586443647
-586524955
-586668495
-586738408
-586933023
-586988211
-587013331
-587015815
-587037604
-587067688
-587090143
-587165412
-587231187
-587310467
-587426939
-587571287
-587596459
-587627880
-587677631
-587807971
-587869192
-588030683
-588066968
-588158596
-588209460
-588233347
-588470303
-588473543
-588606312
-588682515
-588776488
-588784919
-588819055
-588833976
-588952667
-588977423
-589010495
-589091288
-589108171
-589169467
-589190628
-589200971
-589341140
-589454483
-589491688
-589602639
-589606131
-589681252
-589708996
-589729223
-589826743
-589946555
-589978743
-590008552
-590011147
-590180503
-590306243
-590320547
-590417851
-590482051
-590495624
-590556599
-590563535
-590721827
-590915551
-591209599
-591227095
-591227723
-591232827
-591386159
-591491423
-591538859
-591612196
-591719304
-591846187
-591883679
-591966516
-592069027
-592382472
-592399831
-592403707
-592425235
-592441231
-592487591
-592518271
-592531087
-592548791
-592599284
-592607860
-592609539
-592647815
-592669543
-592768063
-592811092
-592881987
-592968788
-592986979
-593074347
-593116267
-593164648
-593211896
-593244571
-593273543
-593285492
-593606559
-593616647
-593635192
-593718283
-593729591
-593796296
-593829435
-593835060
-593900239
-593936632
-593970035
-594082264
-594294047
-594335839
-594374964
-594448280
-594576488
-594707268
-594783231
-594933207
-595010315
-595013791
-595018291
-595046728
-595058263
-595130763
-595168323
-595280687
-595478571
-595504751
-595515395
-595541047
-595567480
-595575395
-595589336
-595647363
-595712392
-595721587
-595741523
-595846183
-595928019
-595966740
-596018563
-596122855
-596230728
-596239727
-596250552
-596255327
-596265427
-596471923
-596490772
-596499864
-596519720
-596543492
-596554399
-596673255
-596871283
-596892184
-596920692
-597229615
-597307719
-597470323
-597548851
-597627347
-597697707
-597706440
-597719327
-597948859
-597987943
-598223779
-598273880
-598362628
-598395012
-598409332
-598566991
-598707923
-598725095
-598791155
-599025995
-599115560
-599193031
-599660884
-599735267
-599736107
-600038743
-600324344
-600383208
-600394371
-600397172
-600557915
-600713599
-600735695
-600755620
-600828379
-600857288
-600861864
-600906131
-600950415
-600975167
-601035587
-601132639
-601172287
-601310996
-601404635
-601413531
-601415407
-601442216
-601767399
-601834772
-601850855
-601907812
-602082151
-602142379
-602193851
-602374427
-602443640
-602578535
-602589423
-602616503
-602732383
-602753619
-602795384
-602798531
-602801288
-602810987
-603099411
-603158568
-603204148
-603217087
-603269668
-603393555
-603431684
-603432483
-603454139
-603537223
-603632756
-603653304
-603926879
-603976756
-604144952
-604295679
-604445387
-604484612
-604574003
-604636644
-604732484
-604853735
-604951624
-605169323
-605219403
-605277059
-605298399
-605441327
-605529523
-605562520
-605614244
-605637419
-605650651
-605701736
-605703415
-605847271
-605863432
-605869295
-605969051
-606013368
-606019327
-606102859
-606142699
-606184607
-606273955
-606319199
-606377047
-606463144
-606526856
-606586584
-606586963
-606588472
-606666759
-606767667
-606913316
-607083492
-607120292
-607161512
-607204759
-607330691
-607360324
-607675476
-607686943
-607701588
-607709395
-607818756
-607846616
-607851623
-607918827
-607933427
-608008424
-608106803
-608175851
-608235591
-608306611
-608382703
-608424671
-608490823
-608577415
-608727396
-608992099
-609032683
-609128180
-609266019
-609360299
-609427891
-609428939
-609433203
-609597095
-609615555
-609732548
-609835623
-609975895
-610249791
-610318823
-610327823
-610410891
-610412231
-610732484
-610833911
-610856215
-610914155
-610980323
-611034791
-611180247
-611241124
-611256623
-611270159
-611301751
-611346919
-611388395
-611461140
-611498951
-611579492
-611708632
-611727483
-611746971
-611796495
-611805259
-611861695
-611939912
-612039607
-612084459
-612139304
-612169483
-612446971
-612458328
-612488939
-612522823
-612568687
-612661391
-612936347
-612939471
-612975383
-613067799
-613156196
-613180679
-613241059
-613397332
-613412696
-613526735
-613537363
-613627059
-613640451
-613781095
-613821387
-613834187
-613846379
-613926671
-614004884
-614146327
-614166899
-614212136
-614270404
-614287959
-614324920
-614401399
-614414487
-614420615
-614648164
-614704639
-614705908
-614735716
-614754184
-614757395
-614805783
-614889016
-614940503
-615080647
-615118891
-615455887
-615821896
-615822395
-615896659
-615927304
-615935752
-615955399
-616055359
-616128331
-616173699
-616178795
-616227699
-616356379
-616409835
-616536331
-616739108
-616756943
-616791379
-616942787
-617005736
-617073299
-617124504
-617130644
-617357720
-617390887
-617460387
-617485768
-617704763
-617856499
-617866991
-618002855
-618143503
-618159551
-618366707
-618456723
-618494308
-618559719
-618729979
-618747636
-618752431
-618858647
-619024079
-619044292
-619303791
-619354243
-619375683
-619414671
-619435828
-619629416
-619653288
-619667907
-619714363
-619723011
-619812715
-619960904
-620001223
-620112455
-620122799
-620223727
-620231907
-620430955
-620442903
-620496911
-620498579
-620672387
-620686587
-620738447
-621159083
-621188852
-621351111
-621360283
-621367876
-621442083
-621610003
-621611167
-621621944
-621773192
-621943871
-622061512
-622080024
-622112939
-622379828
-622397176
-622406152
-622487960
-622550559
-622726743
-622752451
-622806280
-622848507
-622977671
-623067051
-623069831
-623283607
-623305363
-623333571
-623366435
-623421311
-623426408
-623482183
-623588667
-623631988
-623729991
-623818955
-623966763
-624040888
-624101867
-624278363
-624343224
-624366319
-624409307
-624665467
-624775003
-625009123
-625100759
-625236007
-625332980
-625586452
-625652079
-625652119
-625678919
-625836484
-625931771
-626016596
-626145176
-626205979
-626282051
-626332255
-626418851
-626431687
-626480563
-626539528
-626933944
-627031384
-627264152
-627631819
-627644831
-627824443
-627891803
-628132827
-628191336
-628256239
-628424819
-628475799
-628526296
-628663987
-628665563
-628727012
-628785271
-628822419
-628826804
-628838468
-628869588
-628922479
-629008439
-629270635
-629284211
-629393171
-629404923
-629416895
-629434363
-629446967
-629564052
-629586376
-629637992
-629671939
-629701860
-629702403
-629730359
-629868895
-629948744
-629958199
-630080887
-630210323
-630236903
-630239992
-630407319
-630469972
-630575979
-630696099
-630785215
-630810267
-630842143
-630902116
-630925619
-631151699
-631153651
-631338056
-631341940
-631348779
-631349144
-631366264
-631552579
-631591043
-631794063
-631881111
-632088664
-632270291
-632277823
-632431571
-632520267
-632524391
-632713091
-632802947
-632898011
-633125647
-633297747
-633318227
-633324019
-633367759
-633452344
-633619787
-633623279
-633640555
-633791839
-633863183
-633909515
-633929015
-634089252
-634128799
-634253636
-634271791
-634522159
-634554203
-635104452
-635114111
-635277191
-635313547
-635350324
-635414392
-635539736
-635611547
-635628503
-635766932
-635873883
-636135828
-636263643
-636278484
-636283115
-636327503
-636540292
-636698899
-636731615
-636913427
-636913860
-637122644
-637129815
-637298059
-637359944
-637379976
-637500311
-637659716
-637681528
-637693339
-637739027
-637748852
-637753343
-638163659
-638319943
-638344632
-638386123
-638401667
-638403560
-638471543
-638502104
-638632571
-638737095
-638786739
-638862871
-638912699
-638963123
-638995332
-639033591
-639054715
-639064244
-639204299
-639273539
-639307679
-639333595
-639338039
-639383495
-639626183
-639835108
-640075668
-640083183
-640171172
-640183223
-640234263
-640258807
-640309303
-640482139
-640483487
-640588244
-640884207
-640948279
-641322607
-641327496
-641333947
-641357159
-641458883
-641506439
-641694135
-641760519
-641767227
-641853995
-642218599
-642307411
-642462379
-642513711
-642522287
-642528811
-642588340
-642624107
-642728355
-642740363
-642861283
-642870823
-642934183
-642982947
-642989156
-643033304
-643037944
-643051607
-643065688
-643286564
-643380740
-643436999
-643461839
-643670111
-643681607
-643700020
-643757908
-643764212
-643956763
-644006312
-644077183
-644120340
-644137444
-644204067
-644205899
-644291607
-644303732
-644332279
-644391752
-644566523
-644569064
-644577195
-644691767
-644701879
-644715608
-644821283
-644843779
-644843912
-645021012
-645616603
-645724996
-645736447
-645752935
-645770695
-645812035
-645903652
-646036644
-646094095
-646162859
-646183723
-646202587
-646269503
-646341231
-646364283
-646460239
-646632779
-646669939
-646795396
-646894111
-646925919
-646982023
-647024552
-647131751
-647146504
-647149883
-647299011
-647312807
-647343343
-647413943
-647510107
-647515960
-647640803
-647651995
-648125944
-648197087
-648439588
-648621627
-648629651
-648710967
-648732615
-648767732
-648804511
-649078984
-649425799
-649432311
-649438835
-649448591
-649451492
-649489967
-649531444
-649811764
-649835864
-650117559
-650183155
-650185087
-650296187
-650338404
-650365131
-650420948
-650635444
-650761415
-650772660
-650799147
-651252788
-651318968
-651418183
-651595199
-651677695
-651697979
-651840168
-651857019
-651894983
-651979671
-651999716
-652005051
-652048131
-652062260
-652123384
-652206903
-652214431
-652259807
-652313131
-652374067
-652481987
-652535879
-652593999
-652603751
-652742835
-652751331
-652797643
-652800603
-652808931
-652912264
-652947151
-652960011
-652961319
-653001448
-653047188
-653069047
-653132747
-653158196
-653276039
-653360392
-653413559
-653513511
-653688488
-653744991
-653835188
-653909752
-653925247
-654079079
-654241215
-654344888
-654371684
-654406456
-654450547
-654468319
-654515579
-654630216
-654633547
-654668563
-654684655
-654706151
-655073411
-655118456
-655128856
-655294747
-655295087
-655470484
-655606731
-655653656
-655745588
-655754843
-655759803
-655803967
-655828827
-655840068
-656006196
-656007428
-656056263
-656147263
-656192744
-656438648
-656484351
-656689247
-656726772
-656729511
-656756088
-656762651
-656772563
-656782580
-656879683
-656975147
-656989115
-657023336
-657120120
-657121687
-657127039
-657148147
-657269416
-657407039
-657412232
-657543091
-657612327
-657615759
-657868079
-657903695
-658044703
-658047288
-658307807
-658376952
-658379732
-658443631
-658465187
-658509731
-658646792
-658680520
-658710439
-658871911
-658992379
-659007915
-659054824
-659062859
-659069060
-659169528
-659251507
-659258407
-659288755
-659295156
-659413707
-659538771
-659549767
-659584568
-659586052
-659636419
-659655499
-659754391
-659760247
-659974955
-660003811
-660269928
-660275204
-660328039
-660502859
-660578695
-660612011
-660615467
-660715204
-660726139
-660797967
-660853707
-660878708
-660951079
-660954703
-660995567
-661033320
-661130459
-661258264
-661299467
-661406932
-661549483
-661599007
-661745688
-661775399
-661807391
-661821416
-661870715
-661875963
-661989239
-661998199
-662102099
-662272484
-662332312
-662586647
-662807119
-662904679
-663002231
-663006355
-663126571
-663127320
-663278568
-663323111
-663585483
-663617811
-663687219
-663698216
-663747659
-663760024
-663808603
-663816963
-663930004
-663948772
-664012939
-664309795
-664429931
-664436296
-664584724
-664655495
-664740772
-664846387
-665004280
-665011399
-665037607
-665085608
-665118915
-665152739
-665324344
-665326111
-665667624
-666161416
-666162872
-666183899
-666205355
-666252751
-666266999
-666368443
-666370119
-666556939
-666872219
-666954740
-667220043
-667385295
-667558219
-667563639
-667578163
-667794351
-667904387
-668086388
-668090543
-668142407
-668163572
-668189092
-668239307
-668302323
-668372231
-668414548
-668522955
-668593991
-668666095
-668835203
-668853167
-668859499
-668923064
-668961043
-669017939
-669110888
-669114811
-669151579
-669198347
-669248283
-669258228
-669351752
-669361163
-669387876
-669439843
-669449443
-669541908
-669545695
-669558479
-669622271
-669664756
-669681707
-669776023
-669790427
-669808168
-669971983
-670028199
-670172248
-670309316
-670454083
-670457320
-670535923
-670734948
-670882179
-670951879
-671006123
-671016543
-671038399
-671142111
-671237732
-671238563
-671241967
-671444776
-671457023
-671517031
-671592907
-671643227
-671720035
-671729727
-671798803
-672113723
-672157663
-672260615
-672313028
-672313531
-672390488
-672425231
-672471859
-672590931
-672595188
-672686936
-672750159
-672772399
-673019531
-673180771
-673253556
-673288808
-673352051
-673400339
-673434199
-673468327
-673612863
-673720247
-673764835
-673768267
-674020015
-674076131
-674288331
-674298003
-674370407
-674409739
-674482279
-674607191
-674609739
-674709524
-674745236
-674756167
-674863720
-674998836
-675158143
-675163967
-675231428
-675272083
-675307203
-675418835
-675436443
-675496196
-675640427
-675775092
-676035019
-676127892
-676294827
-676469867
-676505531
-676558515
-676562063
-676588436
-676635599
-676696344
-676711695
-676800872
-676928507
-676933352
-676942763
-676958712
-677002171
-677084155
-677094259
-677163935
-677233283
-677366792
-677424171
-677448283
-677489459
-677567707
-677629671
-677826920
-677952907
-677953828
-678038595
-678095231
-678237531
-678253703
-678347483
-678438091
-678514063
-678527111
-678680431
-678681923
-678692420
-678745495
-678827832
-678935135
-678944003
-679028639
-679039211
-679118995
-679146583
-679201016
-679328227
-679392596
-679446296
-679457319
-679467995
-679670616
-679789896
-679848907
-679910611
-679911316
-680073716
-680087123
-680087795
-680138247
-680175751
-680188443
-680226196
-680306196
-680316191
-680490527
-680639747
-680715880
-680776532
-680834711
-680953827
-680982488
-681004795
-681151172
-681230131
-681248212
-681259215
-681300391
-681376580
-681410643
-681413935
-681575176
-681745619
-681975367
-681993419
-682025239
-682096904
-682111380
-682583860
-682627864
-682673531
-682809491
-682819183
-682924315
-683020543
-683049972
-683092499
-683186195
-683433859
-683445284
-683693704
-683715403
-683762343
-683842911
-683854291
-684040403
-684085007
-684247163
-684312627
-684368491
-684473199
-684535267
-684652027
-684693431
-684766183
-684806699
-684823012
-684915515
-684956728
-684956823
-685051495
-685098571
-685215192
-685262951
-685418847
-685598327
-685716767
-685733736
-685890451
-686039307
-686062968
-686095044
-686099384
-686101511
-686113995
-686128495
-686280495
-686393823
-686436683
-686439615
-686446931
-686486135
-686522292
-686626631
-686670420
-686691923
-686710643
-686778359
-686795099
-686882407
-686939123
-687022451
-687053455
-687080131
-687083284
-687143768
-687236503
-687242839
-687256783
-687306199
-687379163
-687386660
-687432163
-687612671
-687672911
-687726643
-687799407
-687813683
-688146164
-688229635
-688285671
-688296327
-688321787
-688544260
-688636023
-688666771
-688690871
-688709199
-688747507
-688969031
-688983880
-689003391
-689176483
-689234820
-689390756
-689500235
-689694591
-689749332
-689912543
-690020164
-690162904
-690328543
-690409451
-690499963
-690548695
-690659467
-690715880
-690803295
-690848979
-691131607
-691156708
-691205531
-691316852
-691446451
-691566011
-691578403
-691581540
-691595795
-691617988
-691652103
-691681307
-691751395
-691888852
-691913711
-692001448
-692119903
-692207831
-692213803
-692395215
-692672311
-692810783
-692861188
-692970415
-693002263
-693113844
-693265231
-693275368
-693293035
-693296383
-693558751
-693560324
-693727607
-693754547
-693814963
-693965815
-693990503
-694041503
-694123583
-694282831
-694408395
-694497992
-694541103
-694555192
-694562708
-694580995
-694595256
-694642459
-694848163
-695034260
-695080164
-695087855
-695337323
-695386687
-695413651
-695429188
-695496856
-695508323
-695710291
-695746567
-695842564
-695990499
-696042856
-696082631
-696172223
-696188579
-696206191
-696328692
-696358920
-696629803
-696918567
-696944616
-696979579
-697187291
-697224863
-697298584
-697378756
-697486655
-697499720
-697637191
-697776247
-697789252
-697941703
-698035012
-698344187
-698376451
-698512335
-698680344
-698742248
-698938715
-699102731
-699107503
-699252619
-699322991
-699383787
-699409587
-699435599
-699455843
-699560087
-699610479
-699639112
-699692503
-699722659
-699750319
-699902871
-699934408
-699935048
-700031044
-700057507
-700080311
-700192491
-700200815
-700330607
-700379835
-700442351
-700466567
-700509080
-700623971
-700634127
-700774696
-700979860
-701278727
-701289707
-701485879
-701586136
-701633743
-701700379
-701828788
-701845107
-701857992
-701864776
-701883771
-701913496
-701963755
-702063947
-702103924
-702175719
-702344248
-702353795
-702378728
-702379963
-702499832
-702502395
-702758563
-702836283
-702851476
-702872264
-702931343
-702938920
-703074103
-703075015
-703077743
-703189444
-703297511
-703340148
-703385967
-703391528
-703449735
-703667723
-703701659
-703754035
-703775071
-704097011
-704162535
-704169931
-704247791
-704303428
-704566011
-704733151
-704808132
-704863592
-704920155
-704923048
-705180647
-705229883
-705324280
-705332383
-705335695
-705404003
-705466247
-705922207
-705960931
-705989348
-706110763
-706149987
-706150927
-706159220
-706300291
-706318855
-706359268
-706433863
-706477944
-706674211
-706726187
-706960264
-706981295
-707017587
-707077444
-707317907
-707351191
-707536639
-707562536
-707619480
-707678143
-707791156
-707819019
-707845819
-707872340
-707899883
-707986491
-708001583
-708009391
-708070631
-708274916
-708276436
-708301463
-708353795
-708382167
-708392395
-708429539
-708486555
-708504087
-708591047
-708664055
-708804008
-708899459
-708912728
-708914612
-709039095
-709176259
-709299384
-709328431
-709485871
-709539099
-709683828
-709701256
-709788779
-709817503
-709828724
-709920323
-710055319
-710180391
-710182483
-710240360
-710254596
-710280820
-710386007
-710401759
-710430663
-710505427
-710677371
-710901859
-710940695
-710954067
-710961591
-711060328
-711100868
-711329039
-711408404
-711429591
-711592980
-711603559
-711692599
-711695119
-711729115
-711813176
-711826520
-711863903
-711937967
-711984635
-712004383
-712055003
-712120868
-712517251
-712525963
-712564420
-712575419
-712654980
-712661147
-712752763
-712755863
-712772836
-712818456
-712882447
-713059987
-713100295
-713133527
-713142488
-713151060
-713254331
-713442551
-713456331
-713548171
-713596803
-713603316
-713638135
-713663835
-713745268
-713774571
-713814235
-713869463
-713908376
-714223615
-714251112
-714305204
-714338036
-714363320
-714512004
-714547247
-714686515
-714839092
-715131956
-715458423
-715612328
-715858159
-715870084
-716088279
-716247091
-716408340
-716450452
-716472827
-716594811
-716654303
-716714735
-716826287
-716876655
-717088091
-717101336
-717101439
-717203924
-717391599
-717426299
-717605576
-717614376
-718024819
-718043428
-718136692
-718158088
-718340651
-718418056
-718470804
-718520483
-718532983
-718558667
-718572356
-718631359
-718701459
-718808959
-718869988
-718886391
-718974763
-719017655
-719053599
-719123263
-719154103
-719169899
-719229247
-719251487
-719363455
-719389759
-719429624
-719508248
-719510727
-719583892
-719600632
-719607415
-719708596
-719858715
-719927139
-719985191
-720174731
-720185124
-720229031
-720278983
-720286955
-720308168
-720435487
-720540763
-720630164
-720806104
-720807915
-720832888
-721045704
-721050407
-721139064
-721287167
-721303487
-721304587
-721466468
-721489999
-721500968
-721705380
-722187240
-722256344
-722274095
-722374879
-722660203
-722785783
-722903876
-722954383
-723058627
-723365507
-723404280
-723430003
-723523940
-723573060
-723619759
-723630039
-723661860
-723723567
-723732072
-723736056
-723876691
-723905771
-723927455
-723960136
-724125192
-724164199
-724310731
-724330087
-724439976
-724544255
-724611671
-724660532
-724731016
-724754543
-724766920
-724872163
-725027347
-725053720
-725086463
-725454548
-725516171
-725743003
-725782820
-725833579
-725856799
-725872703
-725887624
-725891716
-726019480
-726191608
-726194431
-726338724
-726343847
-726447467
-726593347
-726726664
-726780999
-726802547
-726959327
-726963668
-726985508
-726998747
-727127411
-727409491
-727439236
-727560311
-727578559
-727628663
-727647880
-727657368
-727695807
-727819703
-727865396
-727903508
-727918564
-727923032
-728004116
-728081167
-728151463
-728196388
-728218039
-728416228
-728449067
-728580536
-728656771
-728782763
-728797163
-728900708
-729013940
-729050027
-729076772
-729234363
-729253407
-729302863
-729506627
-729691903
-729753271
-729803396
-729986727
-730072499
-730090111
-730099211
-730148696
-730162547
-730240987
-730284216
-730369615
-730523103
-730666335
-730721572
-730724647
-730789832
-730793911
-730818363
-730820471
-730921651
-730938043
-731132951
-731382151
-731422324
-731445855
-731640603
-731696671
-731766415
-731935704
-732014923
-732022168
-732060408
-732089908
-732117227
-732185679
-732213499
-732216856
-732290852
-732415939
-732476695
-732499959
-732737927
-732739667
-732741987
-732837460
-732936703
-732976591
-732984567
-733054952
-733102152
-733285491
-733352584
-733355967
-733387099
-733461983
-733531668
-733551863
-733735463
-733776996
-733806852
-734172164
-734236307
-734255195
-734298683
-734314363
-734331863
-734336419
-734351939
-734430091
-734433383
-734453743
-734462776
-734596971
-734697128
-734725931
-734862596
-734881935
-734908040
-735008995
-735068283
-735085112
-735110619
-735158063
-735190004
-735233063
-735352340
-735438232
-735581188
-735797407
-735859655
-735877067
-735881768
-735919539
-735977123
-736041428
-736043051
-736055035
-736055447
-736084612
-736155944
-736313027
-736321747
-736341671
-736479347
-736521055
-736529127
-736541135
-736627447
-736681252
-736763383
-736765115
-736810223
-736828495
-736987883
-737096152
-737144323
-737221731
-737313656
-737323192
-737358511
-737450804
-737585767
-737749563
-737777732
-737782548
-737948804
-737953995
-738064839
-738175835
-738198616
-738231571
-738284315
-738297143
-738418099
-738503035
-738521396
-738703220
-738967351
-739063459
-739452199
-739523255
-739585335
-739653972
-739781871
-739897752
-739922952
-740008011
-740038660
-740115967
-740116751
-740144723
-740195512
-740200008
-740208491
-740231047
-740311899
-740326179
-740401163
-740601139
-740807447
-740816863
-740828692
-740871367
-740975779
-741105823
-741242760
-741274959
-741446931
-741516071
-741528167
-741575039
-741802279
-741902468
-742002328
-742075268
-742119519
-742252312
-742361587
-742514971
-742758328
-742932187
-742964899
-743061111
-743122195
-743202743
-743320419
-743417736
-743563172
-743650035
-743661887
-743724168
-743747647
-743778903
-743803831
-743834312
-743899479
-743924843
-743981743
-744058551
-744265940
-744367407
-744600767
-744601028
-744906783
-744909419
-745039064
-745044091
-745083668
-745273043
-745395347
-745511951
-745702388
-745768216
-745845791
-745855015
-745874007
-745972583
-746009923
-746048708
-746131171
-746254415
-746301223
-746306331
-746383567
-746460647
-746493256
-746575619
-746579371
-746703507
-746736411
-746752479
-746850695
-746870312
-747284615
-747328847
-747342931
-747399659
-747413131
-747494527
-747562703
-747571723
-747672452
-747725267
-747965323
-748007967
-748282027
-748306967
-748344827
-748467863
-748539223
-748577147
-748673844
-748679459
-748841871
-748870699
-748910623
-748932983
-749005592
-749036792
-749083684
-749115160
-749189716
-749194891
-749196760
-749199272
-749218739
-749240879
-749328868
-749353415
-749538212
-749540035
-749673683
-749812231
-749842739
-749863803
-749994419
-750032807
-750229819
-750352251
-750377307
-750434948
-750535959
-750541391
-750617063
-750636111
-750734868
-750768531
-750837131
-750839707
-750933947
-750967187
-750996404
-751028763
-751060447
-751136104
-751196183
-751312196
-751355191
-751454939
-751502995
-751523687
-751863727
-751994340
-752043351
-752057423
-752077139
-752295279
-752397495
-752539988
-752587647
-752690635
-752855219
-752961019
-753005495
-753022519
-753058344
-753204559
-753358783
-753805464
-753826619
-753911395
-754047123
-754220355
-754270663
-754389124
-754439199
-754439379
-754444427
-754453923
-754498884
-754916307
-755035319
-755038484
-755041155
-755061143
-755063060
-755223880
-755399455
-755451211
-755579939
-755614936
-755666888
-755799695
-755807979
-755892088
-755902235
-755910424
-755943236
-755988815
-756069847
-756113651
-756142072
-756148840
-756246516
-756453887
-756492899
-756521304
-756588740
-756708267
-756793279
-757049444
-757072995
-757102271
-757107031
-757157779
-757212619
-757255667
-757495571
-757585763
-757650799
-757656587
-757716488
-757722952
-757786488
-757787711
-757829188
-757859080
-757881067
-757889239
-757945023
-758012968
-758063887
-758181188
-758189959
-758208904
-758289871
-758397815
-758416391
-758419476
-758570120
-758589815
-758593187
-758803156
-758910943
-758976807
-759027595
-759075871
-759227539
-759360935
-759559352
-759698468
-759821259
-759827407
-759843571
-759989823
-760028468
-760322887
-760404068
-760474740
-760480843
-760556344
-760565515
-760620299
-760625263
-760729272
-760760104
-760772983
-760823947
-760855039
-760902959
-760908020
-761121815
-761163879
-761222527
-761224363
-761422303
-761655723
-761973096
-761983383
-761994120
-762051140
-762052035
-762124872
-762346564
-762407083
-762550676
-762710419
-762717255
-762840484
-762913556
-762947967
-762988520
-763035131
-763045315
-763075063
-763227487
-763353028
-763730887
-763788403
-763866872
-763982879
-764111371
-764214755
-764239759
-764373160
-764464143
-764488771
-764516068
-764540015
-764543528
-764569531
-764726948
-764735979
-764968863
-764973467
-765135831
-765145743
-765238328
-765287803
-765480359
-765561603
-765790251
-766092511
-766120571
-766132411
-766247111
-766309567
-766535899
-766655747
-766855555
-766879060
-766949791
-767004760
-767051707
-767132904
-767134799
-767159715
-767301828
-767332147
-767393736
-767471167
-767490148
-767633924
-767818596
-767879332
-767928983
-767937047
-768007464
-768046791
-768048455
-768051944
-768062872
-768131620
-768147907
-768219963
-768260867
-768270883
-768400595
-768409003
-768666791
-768754139
-768889739
-768898276
-768917351
-768922664
-768942712
-768979855
-768997396
-769125435
-769165215
-769219691
-769229508
-769258664
-769381531
-769467144
-769725204
-769739720
-769772731
-769813048
-769905559
-769937051
-769977959
-770032424
-770062024
-770063636
-770227688
-770240051
-770324935
-770370488
-770425444
-770614527
-770689555
-770819972
-770872328
-771069203
-771182936
-771282071
-771299727
-771363655
-771608427
-771608712
-771611092
-771780212
-771869883
-771970360
-772048031
-772204344
-772238760
-772274911
-772319551
-772386583
-772520127
-772593047
-772681143
-772845364
-772911623
-773086708
-773190296
-773224787
-773638367
-773811579
-773877811
-773957379
-774018515
-774274711
-774325528
-774536899
-774569939
-774581735
-774586788
-774608664
-774662840
-774757288
-774918952
-775023220
-775065587
-775098532
-775129688
-775223764
-775255144
-775273199
-775274035
-775286407
-775458116
-775533587
-775725688
-775762168
-775772632
-775805863
-775909787
-776036599
-776046579
-776203123
-776489576
-776501704
-776640579
-776667099
-776677371
-776703784
-776733407
-777111915
-777152399
-777296531
-777332296
-777354099
-777463179
-777467176
-777510920
-777574411
-777598807
-777606059
-777726347
-777739399
-777758207
-777823079
-777993863
-778031531
-778136820
-778236847
-778272411
-778337895
-778396024
-778433063
-778622532
-778656376
-778724116
-778821143
-778829156
-778860163
-778953811
-779285335
-779512219
-779833096
-779875819
-779880772
-779893403
-779948776
-780013451
-780024199
-780090436
-780215464
-780375279
-780434463
-780446728
-780458631
-780463640
-780465327
-780591715
-780605967
-780761035
-780813231
-780949380
-781093451
-781127603
-781178147
-781204771
-781237811
-781363288
-781380455
-781680979
-781775095
-781981171
-782151295
-782198903
-782206547
-782215172
-782313771
-782322404
-782340536
-782358296
-782447335
-782677879
-782712727
-782948292
-782995624
-783061732
-783171563
-783191679
-783323519
-783466579
-783499892
-783526904
-783738776
-783818859
-783838331
-783840515
-783887752
-783960323
-784069463
-784173935
-784206343
-784218235
-784349647
-784491791
-784556687
-784805480
-784953787
-784989683
-785123384
-785158984
-785178599
-785208315
-785217623
-785269527
-785444567
-785445096
-785550055
-785634664
-785650655
-785698987
-785699448
-785803335
-785808327
-785827195
-785841556
-785873383
-785908847
-785916628
-785924839
-785960107
-785986664
-786075364
-786149699
-786255684
-786596232
-786605591
-786667012
-786840259
-786864648
-786922456
-786952543
-787027992
-787059655
-787200964
-787257220
-787265995
-787326783
-787352408
-787373527
-787469412
-787477587
-787635876
-787912203
-788000644
-788041195
-788243411
-788252856
-788273911
-788333919
-788351492
-788385172
-788407880
-788504948
-788514943
-788530151
-788574587
-788640356
-788831236
-788960767
-788969816
-789064916
-789070980
-789119403
-789196456
-789363271
-789427295
-789614179
-789649204
-789654424
-789680507
-789732591
-789744287
-789854052
-789952120
-790188023
-790336376
-790378779
-790383263
-790422663
-790434195
-790457347
-790460472
-790461507
-790531591
-790579695
-790735943
-791065336
-791071679
-791078039
-791106536
-791207092
-791266907
-791273783
-791336607
-791346259
-791430607
-791525039
-791657188
-791713967
-791718483
-791720527
-791737795
-791822984
-791847087
-792162539
-792178219
-792339187
-792451623
-792479931
-792487615
-792534035
-792549755
-792556547
-792581855
-792592387
-792648523
-792680863
-792811063
-792839336
-792868607
-792948356
-793037095
-793212776
-793231707
-793237487
-793375591
-793376360
-793424244
-793487507
-793543124
-794122807
-794127119
-794228515
-794362676
-794481672
-795127672
-795306068
-795444904
-795627047
-795629191
-795663119
-795696855
-795830955
-795842383
-795865403
-795943239
-795958568
-796240091
-796266751
-796267759
-796342712
-796345711
-796424855
-796574399
-796587112
-796650067
-796681652
-796755347
-796771496
-796841907
-796921624
-797118115
-797208279
-797211191
-797338859
-797361627
-797713528
-797763752
-797764795
-797767048
-797794663
-797873007
-797905448
-797912499
-798020435
-798114671
-798215295
-798524328
-798534359
-798586639
-799043579
-799247543
-799265528
-799418371
-799443172
-799616984
-799664507
-799824419
-799886980
-799989284
-800016599
-800081383
-800098539
-800104971
-800136119
-800210516
-800255863
-800263995
-800268632
-800323607
-800435347
-800481988
-800537943
-800558123
-800561215
-800619919
-800675391
-800715512
-800719915
-800727864
-800906683
-800986856
-801038163
-801059412
-801070567
-801100723
-801488692
-801573972
-801645627
-801797867
-801906548
-802261131
-802309531
-802579672
-802616344
-802629848
-802676015
-802862843
-802915208
-803022395
-803026644
-803094740
-803210999
-803229704
-803339336
-803344747
-803536995
-803567831
-803797396
-803820395
-803964027
-804080356
-804156287
-804279983
-804318663
-804355608
-804463707
-804483592
-804652319
-804705560
-804715915
-804775287
-804814963
-804849783
-804894071
-805016455
-805024408
-805109748
-805495379
-805520564
-805600324
-805628904
-805670239
-805721503
-805791487
-805884043
-805907235
-805914591
-805974547
-806257147
-806462063
-806477903
-806478403
-806520628
-806554628
-806556583
-806560179
-806691327
-806835479
-807053523
-807229560
-807247835
-807348603
-807354651
-807378056
-807511028
-807837235
-807875123
-808011287
-808063208
-808085299
-808220740
-808263336
-808361599
-808545539
-808569476
-808622139
-808705412
-808732628
-808790711
-808828051
-808954879
-809048011
-809092340
-809099551
-809128403
-809257715
-809272596
-809352115
-809544243
-809644367
-809736343
-809834052
-809898036
-809991691
-810007151
-810101528
-810114820
-810131187
-810274291
-810305759
-810315067
-810352023
-810367828
-810433967
-810474276
-810476195
-810531179
-810659851
-810894919
-810939172
-810940020
-811131736
-811187279
-811197064
-811336852
-811426387
-811505460
-811643903
-811649859
-811864852
-812097508
-812245508
-812283943
-812309320
-812493332
-812583320
-812744312
-812866127
-813064404
-813069220
-813173947
-813197364
-813207383
-813961108
-814024839
-814054568
-814101592
-814114648
-814365811
-814390099
-814472911
-814639395
-814667719
-814740504
-814781476
-814824487
-814973619
-815002555
-815034939
-815098983
-815117019
-815165684
-815171815
-815180552
-815191527
-815192967
-815254823
-815375739
-815441059
-815454532
-815511331
-815639519
-815731667
-815754979
-815758779
-815974111
-816157667
-816172948
-816341611
-816373823
-816479827
-816527524
-816626404
-816645988
-816650331
-816752303
-816755012
-816778660
-816788552
-816814435
-816925667
-817011147
-817121895
-817192995
-817337163
-817375387
-817396079
-817400807
-817641211
-817864712
-817975139
-817976435
-818036503
-818179147
-818225508
-818387711
-818389156
-818548827
-818625551
-818654199
-818705091
-818721439
-818750955
-818849076
-818872856
-818879711
-818882447
-819042280
-819092676
-819124852
-819194727
-819228819
-819256927
-819402196
-819505767
-819509887
-819771059
-819773807
-819775940
-819833251
-819862339
-820057015
-820082399
-820234355
-820403187
-820540655
-820556031
-820565059
-820583851
-820593208
-820631747
-820634795
-820684691
-820710692
-820784903
-820837087
-820845064
-820877899
-820925059
-821143739
-821259588
-821503151
-821530039
-821531976
-821553380
-821599147
-821609060
-821641267
-821656903
-821681480
-821806555
-821822843
-821843304
-821946911
-821966711
-821968807
-822068751
-822264771
-822278708
-822316647
-822317835
-822385219
-822463583
-822472303
-822482939
-822507019
-822585283
-822585763
-822602091
-822634283
-822880259
-822906071
-822907283
-823015383
-823053963
-823112727
-823120951
-823165748
-823168247
-823178803
-823444211
-823487124
-823530955
-823607220
-823652639
-823991127
-824036055
-824103247
-824109167
-824283203
-824326647
-824341579
-824420567
-824514407
-824518047
-824561303
-824605267
-824615636
-824757091
-824849912
-824861204
-824930488
-825109419
-825113315
-825190724
-825271016
-825296244
-825300771
-825348815
-825374623
-825609495
-825722095
-825769380
-825809912
-825837439
-825849128
-825907780
-825956644
-826017527
-826069544
-826083931
-826243259
-826244548
-826471732
-826618207
-826619807
-826786963
-826883096
-826906468
-826925684
-826969492
-827178931
-827201651
-827282867
-827307048
-827408247
-827507451
-827716360
-827722803
-827752171
-827859439
-827898564
-827909095
-827915795
-828045583
-828148155
-828327279
-828352499
-828471503
-828666407
-828762168
-828789487
-828822819
-828877795
-828922616
-829058043
-829089659
-829314871
-829340372
-829454387
-829597099
-829601239
-829602923
-829823515
-829984868
-830152263
-830184351
-830252040
-830486479
-830674219
-830675063
-830805131
-830859251
-830859587
-830890312
-830897231
-830943208
-830943823
-831065063
-831188040
-831273524
-831330919
-831411563
-831460399
-831539307
-831571603
-831691223
-831825032
-831912744
-831953543
-832168799
-832422763
-832457103
-832626787
-832714399
-832739827
-832747108
-832763883
-832849823
-832874532
-832905923
-832975908
-832990840
-833087284
-833206955
-833313464
-833363203
-833364424
-833384903
-833446631
-833450459
-833490535
-833527399
-833603739
-833611640
-833740539
-833752843
-833754824
-833855556
-833896631
-833937727
-833947283
-833971819
-834069631
-834084751
-834105499
-834227288
-834267559
-834277395
-834458068
-834540703
-834669131
-834696051
-834813899
-834914543
-835030607
-835032487
-835134987
-835189827
-835202819
-835550071
-835562707
-835614552
-835670031
-835801364
-835867736
-835925971
-836562919
-836727231
-836873639
-837061208
-837071848
-837079480
-837184520
-837287951
-837288104
-837423967
-837424228
-837442484
-837452723
-837536615
-837638619
-837672643
-837751807
-837760387
-837764943
-837806916
-837913592
-837995455
-838269667
-838344607
-838422971
-838651739
-838802823
-838900788
-838988627
-838994887
-839042024
-839209668
-839364980
-839409007
-839491928
-839635764
-839869144
-839948027
-839951515
-840057031
-840141460
-840286463
-840302387
-840385595
-840428983
-840492319
-840568324
-840583203
-840588036
-840828011
-840840116
-840871927
-840928091
-840988936
-841084539
-841105448
-841519927
-841622827
-841626803
-841658196
-841721236
-841789192
-841884979
-841926696
-841962319
-842017171
-842088116
-842151755
-842323307
-842422831
-842432407
-842441028
-842500931
-842636543
-842775135
-842796179
-842803751
-842850628
-842871304
-842924459
-843127307
-843170099
-843324083
-843465551
-843640291
-843670103
-843682627
-843695687
-843898852
-843952643
-843976559
-844181428
-844189279
-844204739
-844297295
-844330003
-844359224
-844506383
-844595131
-844655739
-844659652
-844705219
-844765076
-844782767
-844913251
-844970251
-845269403
-845294863
-845311560
-845406919
-845449912
-845656239
-845697847
-845784627
-845888207
-845934827
-845953087
-846196619
-846300392
-846357359
-846392404
-846521608
-846543668
-846587095
-846609423
-846639971
-846674995
-846751691
-846868679
-846895907
-847034807
-847255303
-847285851
-847422008
-847456411
-847628519
-847808699
-847843019
-847924855
-847952371
-848017783
-848144647
-848502392
-848529551
-848659107
-848784911
-848882479
-848915764
-848921044
-848948467
-849004187
-849060859
-849129604
-849130667
-849235076
-849332335
-849391991
-849602548
-849665659
-849702443
-849793667
-849843291
-849908335
-849911347
-850058943
-850107399
-850115507
-850201060
-850329139
-850446899
-850468719
-850534888
-850543556
-850576359
-850583460
-850719003
-850750987
-850787124
-850862296
-850888952
-851106324
-851154415
-851205336
-851267839
-851268247
-851349767
-851360615
-851365747
-851395352
-851406067
-851496148
-851615891
-851670563
-851726420
-851794420
-851870651
-852076011
-852167476
-852202543
-852371639
-852454948
-852551272
-852618760
-852652707
-852722227
-852724756
-852981784
-853053416
-853146523
-853203667
-853280563
-853308347
-853366712
-853376239
-853383671
-853569784
-853651943
-853680479
-853959896
-853994132
-854084404
-854127095
-854139439
-854299871
-854322115
-854347528
-854428207
-854481739
-854752388
-854887611
-854919124
-854992531
-855077044
-855082551
-855091283
-855096195
-855188483
-855257539
-855266331
-855379659
-855506920
-855583591
-855609827
-855670259
-856000664
-856342787
-856438264
-856716063
-856716168
-856830763
-856897287
-856920499
-857014331
-857209451
-857218184
-857302683
-857644655
-857919395
-857936708
-857946527
-857990872
-858005256
-858172996
-858219279
-858339380
-858465912
-858936415
-859076111
-859132903
-859143515
-859193528
-859229251
-859245243
-859245863
-859748420
-859933956
-860036287
-860077955
-860110340
-860140376
-860244443
-860246248
-860246804
-860291924
-860312651
-860425519
-860453071
-860572552
-860603399
-860825719
-860852644
-861000792
-861246728
-861423983
-861506427
-861562283
-861602455
-861620287
-861683320
-861864607
-861871639
-861881991
-861957847
-862037835
-862054007
-862102159
-862145339
-862164635
-862168283
-862307396
-862376595
-862556527
-862999535
-863017540
-863044516
-863227751
-863372840
-863448243
-863464196
-863584987
-863914999
-864163687
-864166031
-864527343
-864581144
-864620591
-864637511
-864682276
-864853179
-864922647
-864988907
-864991795
-865271219
-865278152
-865367907
-865411563
-865423711
-865436071
-865527531
-865696195
-865830479
-865849119
-865871059
-865955480
-865973624
-865983743
-866021347
-866248063
-866358183
-866375491
-866406243
-866459911
-866545240
-866561540
-866626907
-866689896
-866810891
-866819204
-866979563
-867046271
-867088047
-867138296
-867169835
-867181352
-867209028
-867219812
-867291288
-867356311
-867423828
-867636788
-867665267
-867714115
-867889135
-867905227
-867913951
-867916759
-868061135
-868081619
-868197739
-868214168
-868241291
-868272071
-868318683
-868329871
-868346887
-868435160
-868442955
-868480548
-868566299
-868634099
-868729411
-868873459
-868946824
-869052099
-869097935
-869103427
-869119051
-869201924
-869445607
-869508023
-869708135
-869842879
-869906263
-869945880
-869985031
-870026199
-870067655
-870138391
-870537624
-870549416
-870560715
-870565955
-870643119
-870793876
-870827812
-870923512
-870923672
-870960360
-871074024
-871079403
-871083751
-871114691
-871117367
-871192607
-871247779
-871278467
-871381384
-871559256
-871568328
-871626547
-871732356
-871785355
-871897819
-872161415
-872231387
-872262212
-872315727
-872458295
-872505892
-872513351
-872522171
-872531663
-872535607
-872735032
-872855039
-872955023
-872999563
-873172703
-873204895
-873206871
-873229919
-873278152
-873340283
-873376871
-873416148
-873659067
-873759659
-873843855
-873968104
-874196339
-874223367
-874349812
-874396907
-874451051
-874623112
-874660391
-874884180
-875002187
-875076724
-875107319
-875175771
-875254295
-875264739
-875285924
-875372295
-875484836
-875535767
-875566267
-875597999
-875625860
-875684371
-875766939
-875989428
-876234819
-876257944
-876279355
-876356535
-876543479
-876701928
-876812907
-876838067
-876839307
-876846107
-876878219
-876894168
-876952447
-876972847
-877054031
-877366532
-877490803
-877553547
-877693603
-877733428
-877831315
-877888664
-878040371
-878137512
-878169991
-878269451
-878312824
-878341259
-878358815
-878378287
-878406484
-878471416
-878492123
-878582395
-878635720
-878728719
-878778579
-878787368
-878817667
-878850676
-878913627
-878984223
-879036436
-879187423
-879316683
-879328856
-879340235
-879340927
-879448819
-879509908
-879520916
-879555544
-879627443
-879776040
-879794255
-879833011
-880039919
-880148195
-880228591
-880249339
-880306091
-880363883
-880365323
-880438359
-880458740
-880479439
-880491620
-880539011
-880585267
-880707187
-880754691
-880767060
-880815284
-880933615
-881151396
-881156456
-881217919
-881376744
-881428868
-881450691
-881462647
-881482107
-881533183
-881682260
-881750327
-881973503
-882014687
-882071876
-882170407
-882217880
-882298063
-882320819
-882334463
-882411979
-882451635
-882490055
-882530872
-882582836
-882676111
-882735956
-882777403
-882788728
-882943735
-883081023
-883163635
-883210435
-883359908
-883445268
-883536235
-883572107
-883618383
-883902820
-883915892
-883938247
-883968584
-884090055
-884093543
-884122403
-884146308
-884156468
-884582563
-884594903
-884619719
-884925604
-884953864
-884991487
-885103720
-885106459
-885111668
-885145451
-885292595
-885360271
-885388915
-885472059
-885509283
-885522667
-885667083
-885745592
-885985115
-886123455
-886125263
-886166056
-886200212
-886229927
-886247828
-886278487
-886400295
-886702567
-886866203
-886998779
-887119503
-887169839
-887191763
-887198052
-887364803
-887401759
-887415711
-887420131
-887452203
-887513428
-887597012
-887783032
-887812707
-887833967
-887839496
-887858203
-887902968
-887948071
-887958903
-887968895
-888072015
-888271928
-888453847
-888506792
-888518571
-888622807
-888639976
-888654895
-888864323
-888907747
-888921759
-888949315
-889071544
-889174967
-889270959
-889346120
-889357163
-889531811
-889569172
-889585195
-889636019
-889652147
-889836627
-889849823
-889957607
-890012739
-890096335
-890133611
-890178907
-890190136
-890190311
-890265268
-890270404
-890427572
-890494627
-890565559
-890631455
-890712164
-890780515
-890920388
-890955471
-891020971
-891065239
-891136443
-891176515
-891202007
-891264115
-891350339
-891426491
-891426939
-891458099
-891458247
-891459668
-891558247
-891567479
-891748959
-891957940
-891978504
-892075928
-892341592
-892362628
-892453951
-892461931
-892497151
-892543211
-892553687
-892584856
-892697032
-892825016
-892847015
-892902687
-892905736
-892928019
-892994691
-893174852
-893380767
-893439811
-893511159
-893532596
-893819892
-893896419
-894069807
-894079640
-894314036
-894582499
-894593443
-894983252
-895114555
-895131912
-895160795
-895184852
-895288379
-895431415
-895451204
-895631624
-895663380
-895688423
-895776664
-895803879
-895860644
-895913231
-895964068
-895965387
-896135316
-896288728
-896366299
-896408087
-896465991
-896488655
-896609060
-896627603
-896635556
-896646495
-896685879
-896724964
-896788948
-896808856
-896833716
-896939524
-897078612
-897113684
-897507319
-897657771
-897666611
-897667940
-897675659
-897740387
-897759107
-897959267
-898141935
-898182312
-898194804
-898256712
-898306084
-898405079
-898451535
-898581855
-898641255
-898647227
-898684291
-898733508
-899046427
-899091748
-899176856
-899278959
-899338280
-899445743
-899455835
-899474843
-899475279
-899524011
-899610063
-899610703
-899741784
-899790979
-899897204
-900124532
-900179915
-900212827
-900234527
-900361743
-900388443
-900415427
-900484639
-900605723
-900636244
-900658891
-900763127
-900790887
-900880591
-900938091
-900983751
-901008579
-901242051
-901301624
-901313832
-901409259
-901435016
-901468927
-901521655
-901575896
-901711976
-901714739
-901724603
-901796536
-901902427
-901921067
-902000551
-902092139
-902247223
-902406067
-902554711
-902577363
-902811755
-902931380
-902962020
-903105203
-903112315
-903183531
-903249224
-903386923
-903490871
-903509987
-903511924
-903760024
-903856916
-904014535
-904254595
-904362344
-904427247
-904497331
-904747103
-904770679
-904852264
-904898040
-905014495
-905265048
-905381003
-905389663
-905449940
-905516903
-905675092
-905696431
-905794043
-905849935
-906026915
-906035851
-906122271
-906315864
-906372419
-906374483
-906382531
-906447907
-906463399
-906597332
-906694639
-906734708
-906745763
-906793351
-906821891
-906999076
-907030507
-907073727
-907104136
-907246567
-907308983
-907373460
-907413967
-907420591
-907502843
-907656987
-907689236
-907809079
-907860004
-907961611
-908057395
-908077515
-908400408
-908581976
-908755591
-908790472
-908822055
-908836183
-908939123
-908991683
-909115779
-909161459
-909193288
-909314248
-909418024
-909714916
-909831047
-909897027
-909961671
-909974167
-910174079
-910182916
-910195363
-910365187
-910416543
-910416867
-910497131
-910686679
-910771339
-910784184
-910893448
-910908211
-910936363
-911003171
-911062435
-911088611
-911109880
-911146756
-911304435
-911396983
-911856395
-912006091
-912053128
-912123659
-912167416
-912206855
-912245284
-912317956
-912324163
-912361507
-912502543
-912512584
-912585679
-912681748
-912838515
-912945268
-912955199
-913027019
-913028251
-913169227
-913170808
-913178235
-913294059
-913409995
-913526807
-913549619
-913637847
-913669528
-913679907
-913702235
-913725191
-913892547
-914001979
-914307179
-914459348
-914498231
-914505972
-914572036
-914576351
-914602987
-914776091
-914784404
-914799235
-914849491
-914986831
-915165943
-915218951
-915447003
-915711331
-915733867
-915780660
-915799672
-915860851
-915889195
-916107859
-916117480
-916140035
-916159351
-916197235
-916209035
-916240523
-916343031
-916409220
-916569028
-916572407
-916580111
-916618547
-916706788
-916756683
-916789155
-916841656
-916893555
-916939039
-916964135
-916986091
-917040883
-917306563
-917378648
-917423755
-917554487
-917671115
-917680863
-917962431
-918011751
-918107768
-918126111
-918158548
-918221588
-918404392
-918451219
-918485591
-918566195
-918579851
-918646355
-918693672
-918800087
-918808804
-918948567
-918991959
-919014248
-919082040
-919147364
-919228296
-919341659
-919348915
-919417391
-919500456
-919544519
-919652639
-919667384
-919717763
-919727096
-919812419
-919816887
-919834904
-919901947
-919904071
-919986747
-919995416
-919995555
-920022047
-920070552
-920442439
-920457496
-920460271
-920473095
-920474615
-920551759
-920747711
-920777691
-921035224
-921047151
-921053748
-921111067
-921142168
-921166212
-921215044
-921260983
-921334132
-921389835
-921540891
-921597571
-921721348
-921782059
-922033567
-922105959
-922190203
-922334287
-922355704
-922481156
-922576579
-922624472
-922627848
-922828660
-922829919
-922977643
-923209707
-923241327
-923340856
-923341735
-923557287
-923654507
-923695111
-923706199
-923711207
-923764408
-923830984
-923846123
-923940447
-923940728
-923947384
-923979320
-924003368
-924007508
-924164891
-924182787
-924203627
-924213268
-924410739
-924411407
-924689723
-924700552
-924727576
-924763271
-924808407
-924850676
-924862083
-924867155
-924878280
-925030851
-925034063
-925168771
-925278539
-925365608
-925404979
-925408599
-925414323
-925454072
-925574003
-925632484
-925653979
-925702367
-925715672
-925725587
-925873939
-925892776
-925930727
-925937771
-925977039
-926073123
-926165863
-926176079
-926390372
-926414579
-926496232
-926698663
-926827399
-926831876
-926973519
-927038499
-927202852
-927342184
-927478808
-927520584
-927521155
-927551704
-927574719
-927627172
-927750847
-927773603
-927857203
-927919979
-927946427
-928068664
-928127983
-928162148
-928307599
-928388803
-928501592
-928757303
-928916567
-929061748
-929338084
-929441828
-929553656
-929588079
-929593528
-929605240
-929605967
-929827335
-929844059
-929847992
-929889476
-929987347
-930000020
-930068719
-930094999
-930144056
-930194699
-930287183
-930423752
-930426611
-930440312
-930520488
-930533835
-930566279
-930590291
-930605279
-930614152
-930633387
-930760424
-930782104
-930861703
-930929992
-930956179
-931202139
-931208971
-931220767
-931304743
-931391051
-931413352
-931433351
-931453988
-931457636
-931528580
-931604564
-931645412
-931683608
-931751443
-931882404
-932011215
-932144459
-932181799
-932317784
-932339764
-932352308
-932439635
-932451844
-932495807
-932522351
-932566255
-932639267
-932847704
-932873167
-932888740
-932942315
-932944623
-933102952
-933124280
-933233048
-933248815
-933287907
-933344051
-933356879
-933439643
-933462663
-933469007
-933562083
-933586079
-933696283
-933752612
-933897507
-934011403
-934032728
-934128463
-934141567
-934188531
-934255235
-934340595
-934518423
-934533703
-934716280
-934789960
-934812164
-934881947
-934919079
-934980724
-934995252
-935150431
-935193451
-935334548
-935369107
-935441336
-935450440
-935512679
-935648952
-935715876
-935719588
-935724487
-935747099
-935826260
-935924195
-935989895
-936275727
-936418328
-936444068
-936529303
-936651831
-936664179
-936704667
-936788915
-936921443
-936972219
-936980679
-937019239
-937037892
-937109643
-937145435
-937194303
-937309908
-937321928
-937461499
-937502315
-937515883
-937544376
-937666927
-937695287
-937816223
-937829323
-937952724
-937953931
-938052696
-938068647
-938075063
-938134479
-938139415
-938169211
-938235784
-938281867
-938339023
-938346980
-938461591
-938543784
-938563187
-938783371
-938787428
-938825796
-938878411
-939122792
-939186383
-939203935
-939379208
-939519987
-939629688
-939692743
-939709439
-939715832
-939923167
-940167959
-940414371
-940436308
-940566104
-940725859
-940739876
-940854824
-940883880
-940890395
-940905016
-940926403
-940980343
-941002019
-941013240
-941075540
-941167364
-941172379
-941206935
-941310519
-941432180
-941436091
-941685812
-941701688
-941808323
-942305459
-942395268
-942396139
-942423603
-942434419
-942775843
-942804467
-942905291
-942954267
-942958815
-943047480
-943049476
-943133579
-943162664
-943236611
-943354088
-943357615
-943487319
-943598399
-943615019
-943645727
-943658056
-943685284
-943693627
-943815343
-943855819
-943876616
-943905799
-943932103
-944097331
-944173304
-944325303
-944523967
-944570179
-944584727
-944716647
-944753291
-944846167
-945131451
-945150148
-945178999
-945185559
-945192271
-945215256
-945272055
-945413103
-945458579
-945543391
-945606488
-945608024
-945631236
-945652852
-945665311
-945919891
-945922091
-946001784
-946026267
-946027455
-946069595
-946073407
-946125931
-946138811
-946230119
-946265320
-946399111
-946566983
-946617544
-946700219
-946813103
-946849796
-946888856
-946947235
-946998659
-947102676
-947138815
-947269199
-947292868
-947390219
-947398047
-947409044
-947411736
-947714584
-947830627
-947953447
-948585487
-948669623
-948669647
-948694315
-948754803
-948825044
-948912619
-948978631
-949184059
-949205011
-949248815
-949310511
-949437363
-949490984
-949591687
-949686963
-949900548
-949984759
-950047172
-950112051
-950127047
-950133608
-950187767
-950274239
-950514779
-950665247
-950702564
-950725380
-950750719
-950860612
-950866531
-950866703
-950957203
-951012987
-951022831
-951072491
-951354427
-951465287
-951711112
-951746036
-951816271
-951821159
-951905635
-952021592
-952064456
-952091527
-952336811
-952365279
-952382127
-952413720
-952480299
-952539880
-952555183
-952672676
-952876527
-953072519
-953110803
-953184395
-953221747
-953270036
-953295256
-953339471
-953383844
-953453879
-953692763
-953728052
-953728264
-953768839
-953814180
-953818903
-953865267
-953883192
-953898143
-953922559
-954198463
-954263679
-954334579
-954344351
-954356276
-954432008
-954731983
-954772276
-954915415
-955012623
-955117067
-955251267
-955308283
-955322356
-955332708
-955389796
-955390571
-955460392
-955669619
-955759463
-955867780
-955871759
-955980635
-956013419
-956249499
-956271828
-956312611
-956474999
-956495444
-956604559
-956627779
-956653156
-956680871
-956787828
-956835992
-956898964
-957000127
-957028395
-957091303
-957108919
-957251892
-957353396
-957476291
-957605747
-957635219
-957873603
-957929947
-958047891
-958054179
-958089511
-958277816
-958549188
-958590383
-958597204
-958626443
-958765823
-958791187
-958908692
-958931432
-958975876
-959068491
-959093848
-959098515
-959108388
-959218439
-959310451
-959340859
-959453384
-959540851
-959569927
-959579427
-959646379
-959764228
-960119291
-960235663
-960275944
-960607427
-960630491
-960638519
-960697992
-960709783
-960720511
-960738991
-960861611
-960867732
-960961603
-960990515
-961008520
-961025860
-961042267
-961059143
-961125343
-961450331
-961500783
-961530392
-961602751
-961788568
-961904595
-962038772
-962057791
-962093780
-962107243
-962295511
-962347096
-962416407
-962423704
-962615363
-962713016
-962733992
-962829716
-962857928
-962992779
-963100939
-963120615
-963123656
-963503908
-963632711
-963642047
-963748472
-963979123
-964007364
-964084883
-964218055
-964419207
-964440020
-964468759
-964500295
-964522763
-964558087
-964807383
-964814051
-964892363
-964894195
-964912920
-964943063
-965014195
-965046235
-965150539
-965166360
-965256440
-965263047
-965303635
-965358283
-965438360
-965501044
-965553079
-965582916
-965614719
-965672419
-965804083
-965853247
-965879743
-965930772
-965933587
-966010879
-966088387
-966159172
-966406343
-966415076
-966592040
-966709992
-966735143
-966822328
-966828803
-966878327
-966982339
-967113779
-967150331
-967172755
-967187279
-967216823
-967294051
-967324436
-967326979
-967329679
-967373015
-967493236
-967596612
-967608392
-967610035
-967639343
-967684088
-967753659
-967819115
-967886299
-967932276
-968063752
-968179747
-968184695
-968218567
-968246639
-968271272
-968381508
-968437895
-968639959
-968669960
-968931271
-968994451
-969023435
-969025443
-969105595
-969140564
-969329271
-969375176
-969384023
-969530687
-969580047
-969611828
-969912116
-970016991
-970051327
-970284983
-970287923
-970522843
-970584215
-970670567
-970676932
-970770376
-971246852
-971301956
-971327471
-971353279
-971366287
-971398536
-971411172
-971590436
-971601083
-971616927
-971959999
-971993703
-972086712
-972179203
-972218740
-972352583
-972434095
-972455699
-972493988
-972501027
-972527448
-972614495
-972649108
-972701115
-972763355
-972791247
-972836923
-973065047
-973135903
-973161079
-973180087
-973188607
-973236795
-973293035
-973464536
-973517588
-973615976
-973664071
-973701095
-973712119
-973766139
-973914499
-973935939
-973944699
-973947156
-973995431
-974087663
-974157663
-974165203
-974208315
-974218120
-974252559
-974310351
-974311447
-974545843
-974629555
-974649811
-974697251
-974740343
-974796439
-974817871
-974854471
-974872111
-974903419
-974907247
-975034356
-975105695
-975177923
-975310339
-975380187
-975642152
-975662516
-975763592
-975796703
-975830311
-975833899
-975841771
-975884804
-975978884
-976098671
-976254439
-976310143
-976314111
-976359407
-976413176
-976416695
-976432984
-976491411
-976541044
-976751512
-976765631
-976767815
-976837431
-976863019
-976964827
-977023491
-977106308
-977134216
-977256523
-977295032
-977352452
-977458155
-977714708
-977751763
-977802772
-977803843
-977945727
-978005991
-978085631
-978224647
-978293815
-978298696
-978311011
-978379211
-978384823
-978398635
-978419499
-978462728
-978482488
-978588859
-978691476
-978803096
-978810551
-978833044
-978882431
-979190799
-979227735
-979331331
-979436552
-979626839
-979819507
-979829419
-979911911
-979974023
-980143579
-980152507
-980257099
-980494504
-980538344
-980593267
-980596059
-980659831
-980711288
-980725531
-980738611
-980765891
-980826760
-980830807
-980909583
-980934248
-980994379
-981013595
-981046867
-981049848
-981066011
-981265060
-981301208
-981347747
-981517587
-981593108
-981620695
-981636599
-981639123
-981710004
-981744295
-981765208
-981837096
-981863803
-982009496
-982059107
-982070203
-982138868
-982159843
-982299191
-982350127
-982382628
-982400351
-982511603
-982543215
-982568503
-982775047
-982787087
-982806479
-982852827
-982951719
-983044132
-983096715
-983273587
-983276180
-983289844
-983317327
-983349663
-983370568
-983458871
-983479448
-983628984
-983795527
-983994760
-984059031
-984169736
-984180424
-984303627
-984359896
-984434027
-984606024
-984644039
-984662827
-984821880
-984962964
-985017956
-985038020
-985287912
-985379539
-985379944
-985453316
-985621543
-985646840
-985648276
-985651188
-985780903
-985843128
-985883587
-985897923
-986057899
-986086951
-986150903
-986161507
-986179459
-986183272
-986199287
-986248424
-986250127
-986382815
-986397535
-986464519
-986476504
-986509531
-986555723
-986569352
-986645924
-986675747
-986749860
-986772392
-986786324
-986867979
-986921828
-986930603
-987046067
-987169607
-987212263
-987289951
-987315479
-987329091
-987417128
-987442015
-987528059
-987561476
-987592612
-987772719
-987867259
-987898371
-987913671
-987914971
-987964007
-988024047
-988072471
-988124856
-988167931
-988238443
-988296131
-988365444
-988369231
-988447540
-988583208
-988699351
-988744287
-988870451
-988957427
-989097891
-989233396
-989311983
-989351603
-989461572
-989706756
-989717444
-989722987
-990017972
-990243748
-990328436
-990347387
-990347899
-990425019
-990453831
-990800399
-990844788
-990849428
-990958907
-991103172
-991210243
-991226199
-991531299
-991781011
-991933327
-991949032
-991980247
-992065071
-992134776
-992233063
-992287799
-992364212
-992422715
-992462964
-992564707
-992692795
-992744835
-992931347
-992977267
-992982559
-993010807
-993030820
-993161908
-993202927
-993312987
-993417415
-993497163
-993577115
-993579351
-993611591
-993741127
-993827444
-994072052
-994223155
-994250119
-994260547
-994471615
-994479223
-994508167
-994511983
-994569871
-994643043
-994718680
-994746859
-994813752
-995011555
-995051427
-995097515
-995178119
-995188679
-995233231
-995276703
-995364811
-995516664
-995519351
-995747995
-995934203
-995936180
-995950651
-995983747
-996002407
-996095811
-996140543
-996204344
-996452911
-996480599
-996499447
-996504667
-996692791
-996758963
-996764903
-996813172
-996946751
-997034916
-997041092
-997145791
-997156751
-997224251
-997275431
-997275896
-997770115
-997862063
-997947967
-997964040
-997996587
-998089779
-998122835
-998137027
-998161915
-998177988
-998224531
-998310088
-998323591
-998325163
-998611032
-998653971
-998669399
-998683303
-998719240
-998786392
-998958484
-998965739
-998967559
-998987695
-999009411
-999067395
-999342347
-999412567
-999418679
-999585268
-999593108
-999631591
-999842216
-999923207
-999990363
-1000114823
-1000230135
-1000237659
-1000260916
-1000352083
-1000369428
-1000456323
-1000488436
-1000715032
-1000719988
-1000758548
-1000774808
-1000877423
-1000954571
-1000976836
-1001046836
-1001081903
-1001085428
-1001113339
-1001131588
-1001185556
-1001260135
-1001291784
-1001300071
-1001376767
-1001459896
-1001505227
-1001578792
-1001655716
-1001788139
-1001851508
-1001993080
-1002037112
-1002222947
-1002289480
-1002361823
-1002362164
-1002439095
-1002466824
-1002726312
-1002748004
-1002875835
-1002878840
-1003015955
-1003041363
-1003146459
-1003177736
-1003296127
-1003368280
-1003444763
-1003452308
-1003510955
-1003512783
-1003540907
-1003550971
-1003674019
-1003685187
-1003773992
-1003805531
-1003854219
-1003889863
-1003913043
-1003962839
-1004111060
-1004166527
-1004236627
-1004306932
-1004331127
-1004384851
-1004449112
-1004549691
-1004577032
-1004698219
-1004713951
-1004819764
-1004917063
-1004929123
-1004955448
-1004955963
-1005095479
-1005144324
-1005202039
-1005322271
-1005509443
-1005649944
-1005707315
-1005785972
-1005824843
-1005855387
-1005868356
-1005912907
-1005976132
-1006011940
-1006062467
-1006204547
-1006235699
-1006255144
-1006459283
-1006480631
-1006571476
-1006606723
-1006635703
-1006651727
-1006959047
-1006966319
-1006979320
-1007023999
-1007087028
-1007153556
-1007187908
-1007263271
-1007351363
-1007402063
-1007404264
-1007517032
-1007595188
-1007634739
-1007650964
-1007739903
-1007753711
-1007812095
-1007893320
-1008019987
-1008098011
-1008400479
-1008482035
-1008505787
-1008611063
-1008625160
-1008772607
-1008914564
-1008930927
-1008939124
-1008940699
-1009055599
-1009099160
-1009284312
-1009428772
-1009494147
-1009592563
-1009627247
-1009688359
-1009710383
-1009743143
-1009775204
-1009881604
-1009888676
-1010014831
-1010038295
-1010059476
-1010133928
-1010173796
-1010312884
-1010390151
-1010395252
-1010398399
-1010454899
-1010618084
-1010620319
-1010621540
-1010647304
-1010671352
-1010723204
-1010741972
-1010850319
-1010958596
-1010966791
-1011129620
-1011160967
-1011194356
-1011202163
-1011230943
-1011296132
-1011415783
-1011482131
-1011589203
-1011663220
-1011687555
-1011800011
-1011816031
-1011896699
-1012004371
-1012023239
-1012025271
-1012075611
-1012260327
-1012454851
-1012465887
-1012481795
-1012602859
-1012725687
-1012754308
-1012816164
-1013068651
-1013113103
-1013229016
-1013444455
-1013672095
-1013675835
-1013761471
-1013766551
-1013794167
-1013816067
-1013887867
-1014050087
-1014143812
-1014178991
-1014205912
-1014216395
-1014217799
-1014238787
-1014417003
-1014491667
-1014505059
-1014590164
-1014591736
-1014725976
-1014736532
-1014742531
-1014927287
-1014934447
-1015089227
-1015115416
-1015206251
-1015373188
-1015379683
-1015387343
-1015509464
-1015547492
-1015549336
-1015583172
-1015776967
-1015828919
-1015836027
-1015881599
-1015937812
-1015960459
-1016079160
-1016099643
-1016105659
-1016233355
-1016422676
-1016546243
-1016764760
-1016792916
-1016901592
-1016960056
-1017078456
-1017120219
-1017191371
-1017362487
-1017377747
-1017410543
-1017468920
-1017688883
-1017701687
-1017752264
-1017780971
-1017889192
-1018018043
-1018069823
-1018139143
-1018169563
-1018390191
-1018455092
-1018548532
-1018649767
-1018670243
-1018871283
-1018918547
-1018957191
-1019048068
-1019309791
-1019510515
-1019579523
-1019642491
-1019736196
-1019798107
-1019803695
-1019966719
-1019976691
-1020019603
-1020187195
-1020197796
-1020325827
-1020368083
-1020390820
-1020616847
-1020673988
-1020925691
-1020953379
-1020994163
-1021083816
-1021170040
-1021202587
-1021207295
-1021222239
-1021357284
-1021429963
-1021445419
-1021485271
-1021563704
-1021609508
-1021647983
-1021681879
-1021725971
-1021783927
-1021795780
-1021950692
-1022005579
-1022210187
-1022274003
-1022386936
-1022472103
-1022554283
-1022606699
-1022616551
-1022625515
-1022639647
-1022640539
-1022868647
-1022879204
-1022896259
-1023080372
-1023132347
-1023149895
-1023173287
-1023193151
-1023312712
-1023337144
-1023597947
-1023641576
-1023647987
-1023698707
-1023732392
-1023745459
-1023815919
-1023946055
-1023995159
-1024006547
-1024114996
-1024136436
-1024138435
-1024630771
-1024643783
-1024644260
-1024671972
-1024699704
-1024846331
-1024852891
-1024893715
-1024970711
-1025033991
-1025186815
-1025202003
-1025213240
-1025244484
-1025253211
-1025442491
-1025577923
-1025591863
-1025657572
-1025763956
-1025940371
-1025988635
-1026000647
-1026138263
-1026153496
-1026167719
-1026212131
-1026383727
-1026393320
-1026403960
-1026466979
-1026526276
-1026745807
-1026891811
-1026895071
-1026902567
-1026947364
-1026984731
-1027527211
-1027554315
-1027746536
-1027851956
-1027886404
-1027886851
-1027929335
-1027948487
-1028188056
-1028282179
-1028540696
-1028545631
-1028562439
-1028696467
-1028731399
-1028738003
-1028753707
-1028781716
-1028842603
-1028876467
-1028893640
-1028961544
-1029105411
-1029136719
-1029164244
-1029165720
-1029224863
-1029283535
-1029340003
-1029470763
-1029550407
-1029811623
-1029910627
-1029927144
-1029996635
-1030095604
-1030126483
-1030184059
-1030190183
-1030243035
-1030445940
-1030446120
-1030615003
-1030669252
-1030775848
-1031032807
-1031087451
-1031170279
-1031184152
-1031220232
-1031291347
-1031392931
-1031406467
-1031500735
-1031533460
-1031645911
-1031668788
-1031669336
-1031790255
-1031814276
-1031860564
-1032169047
-1032215912
-1032239748
-1032244616
-1032287407
-1032297476
-1032299263
-1032329683
-1032596116
-1032669384
-1032735135
-1032866911
-1032886787
-1032915047
-1032994632
-1033063459
-1033253023
-1033287047
-1033289639
-1033458260
-1033511507
-1033573099
-1033627927
-1033699739
-1033707511
-1033898323
-1033935016
-1033977859
-1034063767
-1034203487
-1034364035
-1034380047
-1034383827
-1034403135
-1034424584
-1034434343
-1034570504
-1034578196
-1034600999
-1034645483
-1034702987
-1034712331
-1034728376
-1034757083
-1034788115
-1034996932
-1035034388
-1035044643
-1035137935
-1035272895
-1035330495
-1035349863
-1035561999
-1035588696
-1035590707
-1035621779
-1035661192
-1035740931
-1035867947
-1036147263
-1036204683
-1036208740
-1036328995
-1036348003
-1036373204
-1036412903
-1036421527
-1036478296
-1036510891
-1036690539
-1036783563
-1036889567
-1036968351
-1037017192
-1037063731
-1037066984
-1037184455
-1037207111
-1037298084
-1037329439
-1037354232
-1037405047
-1037455527
-1037460115
-1037739588
-1037863160
-1037881812
-1037998319
-1038016743
-1038018103
-1038023220
-1038242891
-1038308360
-1038411123
-1038438715
-1038522559
-1038555448
-1038676772
-1038824836
-1038895723
-1039019207
-1039111563
-1039120359
-1039243972
-1039356331
-1039365543
-1039454472
-1039606031
-1039612979
-1039630195
-1039681211
-1039705780
-1039769880
-1040157876
-1040193496
-1040208683
-1040255140
-1040272628
-1040277647
-1040548036
-1040574484
-1040858039
-1040864311
-1040970244
-1041018936
-1041089768
-1041157911
-1041220767
-1041222163
-1041342851
-1041345384
-1041347604
-1041350676
-1041412836
-1041439871
-1041535243
-1042058191
-1042114136
-1042233447
-1042308735
-1042349599
-1042354307
-1042460040
-1042528443
-1042735267
-1042739519
-1042799395
-1042858520
-1042920251
-1043029364
-1043141871
-1043182216
-1043190435
-1043298355
-1043306823
-1043327171
-1043344767
-1043408963
-1043481847
-1043870980
-1043913839
-1043934415
-1044036292
-1044141191
-1044163039
-1044224151
-1044255544
-1044311351
-1044372836
-1044374991
-1044491559
-1044500543
-1044602392
-1044602947
-1044635752
-1044674052
-1044725127
-1044751207
-1044874283
-1044916791
-1044951528
-1044976227
-1045013624
-1045115971
-1045141547
-1045213608
-1045217659
-1045399727
-1045450315
-1045579683
-1045603119
-1045607683
-1045737779
-1045751899
-1045922359
-1046118583
-1046317971
-1046550280
-1046576723
-1046683432
-1046689172
-1046765327
-1046767723
-1046991155
-1047010427
-1047145619
-1047265016
-1047285343
-1047323279
-1047559947
-1047612340
-1047654599
-1047695603
-1047719683
-1047787035
-1047805907
-1047865611
-1047870328
-1047983331
-1048062403
-1048096707
-1048198579
-1048234379
-1048303304
-1048308920
-1048338831
-1048542511
-1048657796
-1048709823
-1048720459
-1048817524
-1048825379
-1048881959
-1048916351
-1048937515
-1048952479
-1048953947
-1048969947
-1049008456
-1049219979
-1049283059
-1049297576
-1049361320
-1049464532
-1049528995
-1049600883
-1049668195
-1049736280
-1049770623
-1049820359
-1049946728
-1050029320
-1050375587
-1050444307
-1050475267
-1050571363
-1050613439
-1050684091
-1050703748
-1050704543
-1051007467
-1051024132
-1051034120
-1051040815
-1051066523
-1051196071
-1051306052
-1051352596
-1051727323
-1051772307
-1051829347
-1051879143
-1051945331
-1052055787
-1052119931
-1052153435
-1052197784
-1052234351
-1052257672
-1052351935
-1052423592
-1052466159
-1052490772
-1052507192
-1052572404
-1052680639
-1052690543
-1052738787
-1052880632
-1053023988
-1053031171
-1053045527
-1053059604
-1053079935
-1053094227
-1053101827
-1053105979
-1053165876
-1053270683
-1053367364
-1053430883
-1053537832
-1053571451
-1053693528
-1053723911
-1054037067
-1054255127
-1054308955
-1054379780
-1054399751
-1054455691
-1054555012
-1054610004
-1054684067
-1054684571
-1054889668
-1054896751
-1055040863
-1055064523
-1055080867
-1055146424
-1055150123
-1055228135
-1055262927
-1055279851
-1055337871
-1055556264
-1055622311
-1055730871
-1056009711
-1056051496
-1056196587
-1056197224
-1056294343
-1056409711
-1056463543
-1056509743
-1056664212
-1056713848
-1056782643
-1056790751
-1056833067
-1057013587
-1057087447
-1057139896
-1057201863
-1057285911
-1057353044
-1057375828
-1057426923
-1057453464
-1057492443
-1057510759
-1057522308
-1057765640
-1057766487
-1057784871
-1057837147
-1057857783
-1057935999
-1057946035
-1057977671
-1058015107
-1058078195
-1058199547
-1058207779
-1058296836
-1058350027
-1058358468
-1058367188
-1058385471
-1058471108
-1058549731
-1058567947
-1058621919
-1058630295
-1058720907
-1058770363
-1058774804
-1058802728
-1058832004
-1059211528
-1059317911
-1059452759
-1059524295
-1060003460
-1060101811
-1060104271
-1060147231
-1060496103
-1060673051
-1060727252
-1061193467
-1061222531
-1061277331
-1061363992
-1061364479
-1061472467
-1061530683
-1061578003
-1061666355
-1061717636
-1061785747
-1061866248
-1061878863
-1062126103
-1062161864
-1062248219
-1062320903
-1062447899
-1062453203
-1062453919
-1062662696
-1062686343
-1062795683
-1062881032
-1063146895
-1063329412
-1063387347
-1063473384
-1063483752
-1063760815
-1063780111
-1063780660
-1063837839
-1063882664
-1063952216
-1064120687
-1064347095
-1064356447
-1064399496
-1064485699
-1064496215
-1064580603
-1064596155
-1064876872
-1065059187
-1065091348
-1065094687
-1065136424
-1065148079
-1065216155
-1065326564
-1065366111
-1065611227
-1065673715
-1065681476
-1065726643
-1065893583
-1066337571
-1066383295
-1066534887
-1066595635
-1066703567
-1066736211
-1066760571
-1066981883
-1067026651
-1067241576
-1067262303
-1067295923
-1067392468
-1067450984
-1067509487
-1067518871
-1067558543
-1067632015
-1067680931
-1067707912
-1067766891
-1067770583
-1067783307
-1067857604
-1068282003
-1068415135
-1068424904
-1068593160
-1068691787
-1068701243
-1068876695
-1068877651
-1068949231
-1068993571
-1069060791
-1069064308
-1069082863
-1069414887
-1069440303
-1069469827
-1069564135
-1069599407
-1069788152
-1069804779
-1069857060
-1069878164
-1069921687
-1069939803
-1070142767
-1070351128
-1070420339
-1070500751
-1070651739
-1070701135
-1070776463
-1070861987
-1070920472
-1070945659
-1071008911
-1071071079
-1071087943
-1071141320
-1071161359
-1071284079
-1071289543
-1071314612
-1071460523
-1071635063
-1071636643
-1071776967
-1071884155
-1072023983
-1072059268
-1072076744
-1072166399
-1072220527
-1072226488
-1072239095
-1072257944
-1072357955
-1072369844
-1072393131
-1072630612
-1072637736
-1072703759
-1073086248
-1073365063
-1073574399
-1073595487
